date,Distance_km,Consumption_kWh,Consumption_rate_corrected,Location,ChargingStation,ID,Battery_Capacity_kWh,PowerRating_kW,consumption_factor,VehicleID,ScheduleType,VehicleType,CompanyType
2026-01-01 00:00:00,0.0,0.0,0.0,1,1,0,45.0,80.0,1.0,0,typeb,renault,mail
2026-01-01 01:00:00,0.0,0.0,0.0,1,1,0,45.0,80.0,1.0,0,typeb,renault,mail
2026-01-01 02:00:00,0.0,0.0,0.0,1,1,0,45.0,80.0,1.0,0,typeb,renault,mail
2026-01-01 03:00:00,0.0,0.0,0.0,1,1,0,45.0,80.0,1.0,0,typeb,renault,mail
2026-01-01 04:00:00,0.0,0.0,0.0,1,1,0,45.0,80.0,1.0,0,typeb,renault,mail
2026-01-01 05:00:00,0.0,0.0,0.0,1,1,0,45.0,80.0,1.0,0,typeb,renault,mail
2026-01-01 06:00:00,0.0,0.0,0.0,1,1,0,45.0,80.0,1.0,0,typeb,renault,mail
2026-01-01 07:00:00,9.329157790509061,1.4238842462692065,0.15262730872853097,0,0,0,0.0,0.0,1.13291752,0,typeb,renault,mail
2026-01-01 08:00:00,9.329157790509061,4.541218867032648,0.4867769383912252,0,0,0,0.0,0.0,1.13291752,0,typeb,renault,mail
2026-01-01 09:00:00,9.329157790509061,2.701986848603634,0.2896281646508838,0,0,0,0.0,0.0,1.13291752,0,typeb,renault,mail
2026-01-01 10:00:00,9.329157790509061,1.22491102193458,0.1312992072211205,0,0,0,0.0,0.0,1.13291752,0,typeb,renault,mail
2026-01-01 11:00:00,9.329157790509061,2.340018792514525,0.2508285147556539,0,0,0,0.0,0.0,1.13291752,0,typeb,renault,mail
2026-01-01 12:00:00,0.0,0.0,0.0,1,1,0,45.0,80.0,1.13291752,0,typeb,renault,mail
2026-01-01 13:00:00,0.0,0.0,0.0,1,1,0,45.0,80.0,1.13291752,0,typeb,renault,mail
2026-01-01 14:00:00,9.329157790509063,1.229665312158891,0.1318088234513388,0,0,0,0.0,0.0,1.13291752,0,typeb,renault,mail
2026-01-01 15:00:00,9.329157790509063,1.2278482524123593,0.13161405134142976,0,0,0,0.0,0.0,1.13291752,0,typeb,renault,mail
2026-01-01 16:00:00,9.329157790509063,1.9307307268172855,0.20695659460080065,0,0,0,0.0,0.0,1.13291752,0,typeb,renault,mail
2026-01-01 17:00:00,9.329157790509063,1.0569166307712208,0.113291752,0,0,0,0.0,0.0,1.13291752,0,typeb,renault,mail
2026-01-01 18:00:00,9.329157790509063,1.0569166307712208,0.113291752,0,0,0,0.0,0.0,1.13291752,0,typeb,renault,mail
2026-01-01 19:00:00,9.329157790509063,1.1543131743214639,0.12373176660124606,0,0,0,0.0,0.0,1.13291752,0,typeb,renault,mail
2026-01-01 20:00:00,9.329157790509063,1.0569166307712208,0.113291752,0,0,0,0.0,0.0,1.13291752,0,typeb,renault,mail
2026-01-01 21:00:00,0.0,0.0,0.0,1,1,0,45.0,80.0,1.13291752,0,typeb,renault,mail
2026-01-01 22:00:00,0.0,0.0,0.0,1,1,0,45.0,80.0,1.13291752,0,typeb,renault,mail
2026-01-01 23:00:00,0.0,0.0,0.0,1,1,0,45.0,80.0,1.13291752,0,typeb,renault,mail
2026-01-02 00:00:00,0.0,0.0,0.0,1,1,0,45.0,80.0,1.13291752,0,typeb,renault,mail
2026-01-02 01:00:00,0.0,0.0,0.0,1,1,0,45.0,80.0,1.13291752,0,typeb,renault,mail
2026-01-02 02:00:00,0.0,0.0,0.0,1,1,0,45.0,80.0,1.13291752,0,typeb,renault,mail
2026-01-02 03:00:00,0.0,0.0,0.0,1,1,0,45.0,80.0,1.13291752,0,typeb,renault,mail
2026-01-02 04:00:00,0.0,0.0,0.0,1,1,0,45.0,80.0,1.13291752,0,typeb,renault,mail
2026-01-02 05:00:00,0.0,0.0,0.0,1,1,0,45.0,80.0,1.13291752,0,typeb,renault,mail
2026-01-02 06:00:00,0.0,0.0,0.0,1,1,0,45.0,80.0,1.13291752,0,typeb,renault,mail
2026-01-02 07:00:00,8.815633591608277,1.7736277623757095,0.20119118426882557,0,0,0,0.0,0.0,1.23134816,0,typeb,renault,mail
2026-01-02 08:00:00,8.815633591608277,1.0855114202261045,0.12313481600000001,0,0,0,0.0,0.0,1.23134816,0,typeb,renault,mail
2026-01-02 09:00:00,8.815633591608277,1.1991976547963306,0.1360307960097007,0,0,0,0.0,0.0,1.23134816,0,typeb,renault,mail
2026-01-02 10:00:00,8.815633591608277,1.8235438965820752,0.20685341304542554,0,0,0,0.0,0.0,1.23134816,0,typeb,renault,mail
2026-01-02 11:00:00,8.815633591608277,1.0855114202261045,0.12313481600000001,0,0,0,0.0,0.0,1.23134816,0,typeb,renault,mail
2026-01-02 12:00:00,0.0,0.0,0.0,1,1,0,45.0,80.0,1.23134816,0,typeb,renault,mail
2026-01-02 13:00:00,8.815633591608277,2.16004806961338,0.24502471060838546,0,0,0,0.0,0.0,1.23134816,0,typeb,renault,mail
2026-01-02 14:00:00,8.815633591608277,1.1568164078866285,0.13122328598001373,0,0,0,0.0,0.0,1.23134816,0,typeb,renault,mail
2026-01-02 15:00:00,8.815633591608277,1.4095506500572357,0.159892154705591,0,0,0,0.0,0.0,1.23134816,0,typeb,renault,mail
2026-01-02 16:00:00,8.815633591608277,1.1560265300924235,0.13113368631755082,0,0,0,0.0,0.0,1.23134816,0,typeb,renault,mail
2026-01-02 17:00:00,8.815633591608277,4.88480139101747,0.5541066720000001,0,0,0,0.0,0.0,1.23134816,0,typeb,renault,mail
2026-01-02 18:00:00,8.815633591608277,1.6840535008530064,0.1910303421022489,0,0,0,0.0,0.0,1.23134816,0,typeb,renault,mail
2026-01-02 19:00:00,8.815633591608277,1.0855114202261045,0.12313481600000001,0,0,0,0.0,0.0,1.23134816,0,typeb,renault,mail
2026-01-02 20:00:00,8.815633591608277,2.87464990238631,0.3260854563105627,0,0,0,0.0,0.0,1.23134816,0,typeb,renault,mail
2026-01-02 21:00:00,0.0,0.0,0.0,1,1,0,45.0,80.0,1.23134816,0,typeb,renault,mail
2026-01-02 22:00:00,0.0,0.0,0.0,1,1,0,45.0,80.0,1.23134816,0,typeb,renault,mail
2026-01-02 23:00:00,0.0,0.0,0.0,1,1,0,45.0,80.0,1.23134816,0,typeb,renault,mail
2026-01-03 00:00:00,0.0,0.0,0.0,1,1,0,45.0,80.0,1.23134816,0,typeb,renault,mail
2026-01-03 01:00:00,0.0,0.0,0.0,1,1,0,45.0,80.0,1.23134816,0,typeb,renault,mail
2026-01-03 02:00:00,0.0,0.0,0.0,1,1,0,45.0,80.0,1.23134816,0,typeb,renault,mail
2026-01-03 03:00:00,0.0,0.0,0.0,1,1,0,45.0,80.0,1.23134816,0,typeb,renault,mail
2026-01-03 04:00:00,0.0,0.0,0.0,1,1,0,45.0,80.0,1.23134816,0,typeb,renault,mail
2026-01-03 05:00:00,0.0,0.0,0.0,1,1,0,45.0,80.0,1.23134816,0,typeb,renault,mail
2026-01-03 06:00:00,0.0,0.0,0.0,1,1,0,45.0,80.0,1.23134816,0,typeb,renault,mail
2026-01-03 07:00:00,0.0,0.0,0.0,1,1,0,45.0,80.0,1.23134816,0,typeb,renault,mail
2026-01-03 08:00:00,7.652780842498983,2.3168356912241,0.3027442885020012,0,0,0,0.0,0.0,1.20636853,0,typeb,renault,mail
2026-01-03 09:00:00,7.652780842498983,1.6120229490798377,0.21064538267287405,0,0,0,0.0,0.0,1.20636853,0,typeb,renault,mail
2026-01-03 10:00:00,7.652780842498983,1.3416710917343555,0.1753181123760286,0,0,0,0.0,0.0,1.20636853,0,typeb,renault,mail
2026-01-03 11:00:00,7.652780842498983,1.191603433387998,0.1557085532582539,0,0,0,0.0,0.0,1.20636853,0,typeb,renault,mail
2026-01-03 12:00:00,7.652780842498983,0.923207397537766,0.120636853,0,0,0,0.0,0.0,1.20636853,0,typeb,renault,mail
2026-01-03 13:00:00,7.652780842498983,0.923207397537766,0.120636853,0,0,0,0.0,0.0,1.20636853,0,typeb,renault,mail
2026-01-03 14:00:00,7.652780842498983,1.0760126394985234,0.14060413614917475,0,0,0,0.0,0.0,1.20636853,0,typeb,renault,mail
2026-01-03 15:00:00,0.0,0.0,0.0,1,1,0,45.0,80.0,1.20636853,0,typeb,renault,mail
2026-01-03 16:00:00,7.652780842498984,2.840591893242768,0.3711842729727491,0,0,0,0.0,0.0,1.20636853,0,typeb,renault,mail
2026-01-03 17:00:00,7.652780842498984,1.799771810730647,0.23517879941573483,0,0,0,0.0,0.0,1.20636853,0,typeb,renault,mail
2026-01-03 18:00:00,7.652780842498984,0.9232073975377663,0.120636853,0,0,0,0.0,0.0,1.20636853,0,typeb,renault,mail
2026-01-03 19:00:00,0.0,0.0,0.0,1,1,0,45.0,80.0,1.20636853,0,typeb,renault,mail
2026-01-03 20:00:00,0.0,0.0,0.0,1,1,0,45.0,80.0,1.20636853,0,typeb,renault,mail
2026-01-03 21:00:00,0.0,0.0,0.0,1,1,0,45.0,80.0,1.20636853,0,typeb,renault,mail
2026-01-03 22:00:00,0.0,0.0,0.0,1,1,0,45.0,80.0,1.20636853,0,typeb,renault,mail
2026-01-03 23:00:00,0.0,0.0,0.0,1,1,0,45.0,80.0,1.20636853,0,typeb,renault,mail
2026-01-04 00:00:00,0.0,0.0,0.0,1,1,0,45.0,80.0,1.20636853,0,typeb,renault,mail
2026-01-04 01:00:00,0.0,0.0,0.0,1,1,0,45.0,80.0,1.20636853,0,typeb,renault,mail
2026-01-04 02:00:00,0.0,0.0,0.0,1,1,0,45.0,80.0,1.20636853,0,typeb,renault,mail
2026-01-04 03:00:00,0.0,0.0,0.0,1,1,0,45.0,80.0,1.20636853,0,typeb,renault,mail
2026-01-04 04:00:00,0.0,0.0,0.0,1,1,0,45.0,80.0,1.20636853,0,typeb,renault,mail
2026-01-04 05:00:00,0.0,0.0,0.0,1,1,0,45.0,80.0,1.20636853,0,typeb,renault,mail
2026-01-04 06:00:00,0.0,0.0,0.0,1,1,0,45.0,80.0,1.20636853,0,typeb,renault,mail
2026-01-04 07:00:00,0.0,0.0,0.0,1,1,0,45.0,80.0,1.20636853,0,typeb,renault,mail
2026-01-04 08:00:00,0.0,0.0,0.0,1,1,0,45.0,80.0,1.20636853,0,typeb,renault,mail
2026-01-04 09:00:00,0.0,0.0,0.0,1,1,0,45.0,80.0,1.20636853,0,typeb,renault,mail
2026-01-04 10:00:00,9.571298901740688,3.5404663871542605,0.3699044845951235,0,0,0,0.0,0.0,1.3029730700000002,0,typeb,renault,mail
2026-01-04 11:00:00,9.571298901740688,1.2471144713888693,0.13029730700000003,0,0,0,0.0,0.0,1.3029730700000002,0,typeb,renault,mail
2026-01-04 12:00:00,9.571298901740688,1.6013505922577214,0.16730755237060785,0,0,0,0.0,0.0,1.3029730700000002,0,typeb,renault,mail
2026-01-04 13:00:00,9.571298901740688,2.4120852611008483,0.25201232203313323,0,0,0,0.0,0.0,1.3029730700000002,0,typeb,renault,mail
2026-01-04 14:00:00,9.571298901740688,3.6421351251098875,0.3805267354514975,0,0,0,0.0,0.0,1.3029730700000002,0,typeb,renault,mail
2026-01-04 15:00:00,9.571298901740688,1.436401277117243,0.15007380835802875,0,0,0,0.0,0.0,1.3029730700000002,0,typeb,renault,mail
2026-01-04 16:00:00,9.571298901740686,1.7330300629693083,0.181065295396232,0,0,0,0.0,0.0,1.3029730700000002,0,typeb,renault,mail
2026-01-04 17:00:00,9.571298901740686,1.2471144713888693,0.13029730700000003,0,0,0,0.0,0.0,1.3029730700000002,0,typeb,renault,mail
2026-01-04 18:00:00,9.571298901740686,1.2471144713888693,0.13029730700000003,0,0,0,0.0,0.0,1.3029730700000002,0,typeb,renault,mail
2026-01-04 19:00:00,9.571298901740686,3.281510966751463,0.3428490741371236,0,0,0,0.0,0.0,1.3029730700000002,0,typeb,renault,mail
2026-01-04 20:00:00,0.0,0.0,0.0,1,1,0,45.0,80.0,1.3029730700000002,0,typeb,renault,mail
2026-01-04 21:00:00,0.0,0.0,0.0,1,1,0,45.0,80.0,1.3029730700000002,0,typeb,renault,mail
2026-01-04 22:00:00,0.0,0.0,0.0,1,1,0,45.0,80.0,1.3029730700000002,0,typeb,renault,mail
2026-01-04 23:00:00,0.0,0.0,0.0,1,1,0,45.0,80.0,1.3029730700000002,0,typeb,renault,mail
2026-01-05 00:00:00,0.0,0.0,0.0,1,1,0,45.0,80.0,1.3029730700000002,0,typeb,renault,mail
2026-01-05 01:00:00,0.0,0.0,0.0,1,1,0,45.0,80.0,1.3029730700000002,0,typeb,renault,mail
2026-01-05 02:00:00,0.0,0.0,0.0,1,1,0,45.0,80.0,1.3029730700000002,0,typeb,renault,mail
2026-01-05 03:00:00,0.0,0.0,0.0,1,1,0,45.0,80.0,1.3029730700000002,0,typeb,renault,mail
2026-01-05 04:00:00,0.0,0.0,0.0,1,1,0,45.0,80.0,1.3029730700000002,0,typeb,renault,mail
2026-01-05 05:00:00,0.0,0.0,0.0,1,1,0,45.0,80.0,1.3029730700000002,0,typeb,renault,mail
2026-01-05 06:00:00,0.0,0.0,0.0,1,1,0,45.0,80.0,1.3029730700000002,0,typeb,renault,mail
2026-01-05 07:00:00,0.0,0.0,0.0,1,1,0,45.0,80.0,1.3029730700000002,0,typeb,renault,mail
2026-01-05 08:00:00,10.205928156579253,2.4449011567970267,0.23955696329499646,0,0,0,0.0,0.0,1.21493373,0,typeb,renault,mail
2026-01-05 09:00:00,10.205928156579253,5.189185431369967,0.5084481638276827,0,0,0,0.0,0.0,1.21493373,0,typeb,renault,mail
2026-01-05 10:00:00,10.205928156579253,1.8963751910458175,0.18581114445953836,0,0,0,0.0,0.0,1.21493373,0,typeb,renault,mail
2026-01-05 11:00:00,10.205928156579253,5.278249240772773,0.5171748379759218,0,0,0,0.0,0.0,1.21493373,0,typeb,renault,mail
2026-01-05 12:00:00,0.0,0.0,0.0,1,1,0,45.0,80.0,1.21493373,0,typeb,renault,mail
2026-01-05 13:00:00,0.0,0.0,0.0,1,1,0,45.0,80.0,1.21493373,0,typeb,renault,mail
2026-01-05 14:00:00,10.205928156579253,1.2399526363384856,0.12149337300000002,0,0,0,0.0,0.0,1.21493373,0,typeb,renault,mail
2026-01-05 15:00:00,10.205928156579253,3.282292021081273,0.3216064203788602,0,0,0,0.0,0.0,1.21493373,0,typeb,renault,mail
2026-01-05 16:00:00,10.205928156579253,2.05142182132219,0.2010029651247095,0,0,0,0.0,0.0,1.21493373,0,typeb,renault,mail
2026-01-05 17:00:00,10.205928156579253,1.6025805677559555,0.15702448059296317,0,0,0,0.0,0.0,1.21493373,0,typeb,renault,mail
2026-01-05 18:00:00,10.205928156579253,2.0576158986474855,0.2016098748765974,0,0,0,0.0,0.0,1.21493373,0,typeb,renault,mail
2026-01-05 19:00:00,10.205928156579253,1.2399526363384856,0.12149337300000002,0,0,0,0.0,0.0,1.21493373,0,typeb,renault,mail
2026-01-05 20:00:00,0.0,0.0,0.0,1,1,0,45.0,80.0,1.21493373,0,typeb,renault,mail
2026-01-05 21:00:00,0.0,0.0,0.0,1,1,0,45.0,80.0,1.21493373,0,typeb,renault,mail
2026-01-05 22:00:00,0.0,0.0,0.0,1,1,0,45.0,80.0,1.21493373,0,typeb,renault,mail
2026-01-05 23:00:00,0.0,0.0,0.0,1,1,0,45.0,80.0,1.21493373,0,typeb,renault,mail
2026-01-06 00:00:00,0.0,0.0,0.0,1,1,0,45.0,80.0,1.21493373,0,typeb,renault,mail
2026-01-06 01:00:00,0.0,0.0,0.0,1,1,0,45.0,80.0,1.21493373,0,typeb,renault,mail
2026-01-06 02:00:00,0.0,0.0,0.0,1,1,0,45.0,80.0,1.21493373,0,typeb,renault,mail
2026-01-06 03:00:00,0.0,0.0,0.0,1,1,0,45.0,80.0,1.21493373,0,typeb,renault,mail
2026-01-06 04:00:00,0.0,0.0,0.0,1,1,0,45.0,80.0,1.21493373,0,typeb,renault,mail
2026-01-06 05:00:00,0.0,0.0,0.0,1,1,0,45.0,80.0,1.21493373,0,typeb,renault,mail
2026-01-06 06:00:00,8.991708446387538,1.342925109102107,0.1493514961154722,0,0,0,0.0,0.0,1.31556704,0,typeb,renault,mail
2026-01-06 07:00:00,8.991708446387538,3.3242899282072997,0.36970615184290695,0,0,0,0.0,0.0,1.31556704,0,typeb,renault,mail
2026-01-06 08:00:00,8.991708446387538,2.2842502672381757,0.2540396278257759,0,0,0,0.0,0.0,1.31556704,0,typeb,renault,mail
2026-01-06 09:00:00,8.991708446387538,1.319086576799103,0.14670032782580406,0,0,0,0.0,0.0,1.31556704,0,typeb,renault,mail
2026-01-06 10:00:00,8.991708446387538,2.570378903457803,0.28586101504330524,0,0,0,0.0,0.0,1.31556704,0,typeb,renault,mail
2026-01-06 11:00:00,8.991708446387538,1.9696599844538953,0.21905291927533702,0,0,0,0.0,0.0,1.31556704,0,typeb,renault,mail
2026-01-06 12:00:00,0.0,0.0,0.0,1,1,0,45.0,80.0,1.31556704,0,typeb,renault,mail
2026-01-06 13:00:00,0.0,0.0,0.0,1,1,0,45.0,80.0,1.31556704,0,typeb,renault,mail
2026-01-06 14:00:00,8.99170844638754,3.439444229395663,0.3825128728209015,0,0,0,0.0,0.0,1.31556704,0,typeb,renault,mail
2026-01-06 15:00:00,8.99170844638754,1.1829195265357053,0.131556704,0,0,0,0.0,0.0,1.31556704,0,typeb,renault,mail
2026-01-06 16:00:00,8.99170844638754,1.5011029467318897,0.1669430181908272,0,0,0,0.0,0.0,1.31556704,0,typeb,renault,mail
2026-01-06 17:00:00,8.99170844638754,1.4404864683304137,0.16020164320487237,0,0,0,0.0,0.0,1.31556704,0,typeb,renault,mail
2026-01-06 18:00:00,8.99170844638754,1.1829195265357053,0.131556704,0,0,0,0.0,0.0,1.31556704,0,typeb,renault,mail
2026-01-06 19:00:00,0.0,0.0,0.0,1,1,0,45.0,80.0,1.31556704,0,typeb,renault,mail
2026-01-06 20:00:00,0.0,0.0,0.0,1,1,0,45.0,80.0,1.31556704,0,typeb,renault,mail
2026-01-06 21:00:00,0.0,0.0,0.0,1,1,0,45.0,80.0,1.31556704,0,typeb,renault,mail
2026-01-06 22:00:00,0.0,0.0,0.0,1,1,0,45.0,80.0,1.31556704,0,typeb,renault,mail
2026-01-06 23:00:00,0.0,0.0,0.0,1,1,0,45.0,80.0,1.31556704,0,typeb,renault,mail
2026-01-07 00:00:00,0.0,0.0,0.0,1,1,0,45.0,80.0,1.31556704,0,typeb,renault,mail
2026-01-07 01:00:00,0.0,0.0,0.0,1,1,0,45.0,80.0,1.31556704,0,typeb,renault,mail
2026-01-07 02:00:00,0.0,0.0,0.0,1,1,0,45.0,80.0,1.31556704,0,typeb,renault,mail
2026-01-07 03:00:00,0.0,0.0,0.0,1,1,0,45.0,80.0,1.31556704,0,typeb,renault,mail
2026-01-07 04:00:00,0.0,0.0,0.0,1,1,0,45.0,80.0,1.31556704,0,typeb,renault,mail
2026-01-07 05:00:00,0.0,0.0,0.0,1,1,0,45.0,80.0,1.31556704,0,typeb,renault,mail
2026-01-07 06:00:00,0.0,0.0,0.0,1,1,0,45.0,80.0,1.31556704,0,typeb,renault,mail
2026-01-07 07:00:00,7.7779541680730855,1.1711416710846563,0.15057194292709433,0,0,0,0.0,0.0,1.25926432,0,typeb,renault,mail
2026-01-07 08:00:00,7.7779541680730855,1.2309953945582615,0.15826724713951726,0,0,0,0.0,0.0,1.25926432,0,typeb,renault,mail
2026-01-07 09:00:00,7.7779541680730855,0.979450016644972,0.125926432,0,0,0,0.0,0.0,1.25926432,0,typeb,renault,mail
2026-01-07 10:00:00,7.7779541680730855,1.3824590175041178,0.17774069988465988,0,0,0,0.0,0.0,1.25926432,0,typeb,renault,mail
2026-01-07 11:00:00,7.7779541680730855,1.984663675648744,0.2551652571823299,0,0,0,0.0,0.0,1.25926432,0,typeb,renault,mail
2026-01-07 12:00:00,0.0,0.0,0.0,1,1,0,45.0,80.0,1.25926432,0,typeb,renault,mail
2026-01-07 13:00:00,7.7779541680730855,4.407525074902374,0.566668944,0,0,0,0.0,0.0,1.25926432,0,typeb,renault,mail
2026-01-07 14:00:00,7.7779541680730855,1.7137431833853483,0.22033341240552876,0,0,0,0.0,0.0,1.25926432,0,typeb,renault,mail
2026-01-07 15:00:00,7.7779541680730855,1.8071458186601292,0.23234205031421937,0,0,0,0.0,0.0,1.25926432,0,typeb,renault,mail
2026-01-07 16:00:00,7.7779541680730855,1.461416233883236,0.18789211176919135,0,0,0,0.0,0.0,1.25926432,0,typeb,renault,mail
2026-01-07 17:00:00,7.7779541680730855,0.979450016644972,0.125926432,0,0,0,0.0,0.0,1.25926432,0,typeb,renault,mail
2026-01-07 18:00:00,7.7779541680730855,1.5069127409141745,0.1937415300156619,0,0,0,0.0,0.0,1.25926432,0,typeb,renault,mail
2026-01-07 19:00:00,0.0,0.0,0.0,1,1,0,45.0,80.0,1.25926432,0,typeb,renault,mail
2026-01-07 20:00:00,0.0,0.0,0.0,1,1,0,45.0,80.0,1.25926432,0,typeb,renault,mail
2026-01-07 21:00:00,0.0,0.0,0.0,1,1,0,45.0,80.0,1.25926432,0,typeb,renault,mail
2026-01-07 22:00:00,0.0,0.0,0.0,1,1,0,45.0,80.0,1.25926432,0,typeb,renault,mail
2026-01-07 23:00:00,0.0,0.0,0.0,1,1,0,45.0,80.0,1.25926432,0,typeb,renault,mail
2026-01-08 00:00:00,0.0,0.0,0.0,1,1,0,45.0,80.0,1.25926432,0,typeb,renault,mail
2026-01-08 01:00:00,0.0,0.0,0.0,1,1,0,45.0,80.0,1.25926432,0,typeb,renault,mail
2026-01-08 02:00:00,0.0,0.0,0.0,1,1,0,45.0,80.0,1.25926432,0,typeb,renault,mail
2026-01-08 03:00:00,0.0,0.0,0.0,1,1,0,45.0,80.0,1.25926432,0,typeb,renault,mail
2026-01-08 04:00:00,0.0,0.0,0.0,1,1,0,45.0,80.0,1.25926432,0,typeb,renault,mail
2026-01-08 05:00:00,0.0,0.0,0.0,1,1,0,45.0,80.0,1.25926432,0,typeb,renault,mail
2026-01-08 06:00:00,9.323202253598415,1.0865403110730207,0.116541536,0,0,0,0.0,0.0,1.16541536,0,typeb,renault,mail
2026-01-08 07:00:00,9.323202253598415,3.531511563808331,0.37878740241265246,0,0,0,0.0,0.0,1.16541536,0,typeb,renault,mail
2026-01-08 08:00:00,9.323202253598415,2.7503147995833612,0.2949967966770044,0,0,0,0.0,0.0,1.16541536,0,typeb,renault,mail
2026-01-08 09:00:00,9.323202253598415,2.819960262332191,0.3024669191579309,0,0,0,0.0,0.0,1.16541536,0,typeb,renault,mail
2026-01-08 10:00:00,9.323202253598415,1.0865403110730207,0.116541536,0,0,0,0.0,0.0,1.16541536,0,typeb,renault,mail
2026-01-08 11:00:00,9.323202253598415,4.1703588706024135,0.44730970724064334,0,0,0,0.0,0.0,1.16541536,0,typeb,renault,mail
2026-01-08 12:00:00,9.323202253598415,1.0865403110730207,0.116541536,0,0,0,0.0,0.0,1.16541536,0,typeb,renault,mail
2026-01-08 13:00:00,9.323202253598415,2.4747363424479074,0.26543844862882277,0,0,0,0.0,0.0,1.16541536,0,typeb,renault,mail
2026-01-08 14:00:00,9.323202253598415,4.889431399828593,0.524436912,0,0,0,0.0,0.0,1.16541536,0,typeb,renault,mail
2026-01-08 15:00:00,9.323202253598415,1.0865403110730207,0.116541536,0,0,0,0.0,0.0,1.16541536,0,typeb,renault,mail
2026-01-08 16:00:00,9.323202253598415,1.183626944038704,0.12695497875548792,0,0,0,0.0,0.0,1.16541536,0,typeb,renault,mail
2026-01-08 17:00:00,9.323202253598415,1.8121612455093326,0.19437111801472554,0,0,0,0.0,0.0,1.16541536,0,typeb,renault,mail
2026-01-08 18:00:00,9.323202253598415,1.232154180519851,0.1321599754037605,0,0,0,0.0,0.0,1.16541536,0,typeb,renault,mail
2026-01-08 19:00:00,9.323202253598415,1.0865403110730207,0.116541536,0,0,0,0.0,0.0,1.16541536,0,typeb,renault,mail
2026-01-08 20:00:00,0.0,0.0,0.0,1,1,0,45.0,80.0,1.16541536,0,typeb,renault,mail
2026-01-08 21:00:00,0.0,0.0,0.0,1,1,0,45.0,80.0,1.16541536,0,typeb,renault,mail
2026-01-08 22:00:00,0.0,0.0,0.0,1,1,0,45.0,80.0,1.16541536,0,typeb,renault,mail
2026-01-08 23:00:00,0.0,0.0,0.0,1,1,0,45.0,80.0,1.16541536,0,typeb,renault,mail
2026-01-09 00:00:00,0.0,0.0,0.0,1,1,0,45.0,80.0,1.16541536,0,typeb,renault,mail
2026-01-09 01:00:00,0.0,0.0,0.0,1,1,0,45.0,80.0,1.16541536,0,typeb,renault,mail
2026-01-09 02:00:00,0.0,0.0,0.0,1,1,0,45.0,80.0,1.16541536,0,typeb,renault,mail
2026-01-09 03:00:00,0.0,0.0,0.0,1,1,0,45.0,80.0,1.16541536,0,typeb,renault,mail
2026-01-09 04:00:00,0.0,0.0,0.0,1,1,0,45.0,80.0,1.16541536,0,typeb,renault,mail
2026-01-09 05:00:00,0.0,0.0,0.0,1,1,0,45.0,80.0,1.16541536,0,typeb,renault,mail
2026-01-09 06:00:00,14.664975936316594,1.664185223487047,0.113480256,0,0,0,0.0,0.0,1.13480256,0,typeb,renault,mail
2026-01-09 07:00:00,14.664975936316594,2.119398567290353,0.14452110773955235,0,0,0,0.0,0.0,1.13480256,0,typeb,renault,mail
2026-01-09 08:00:00,14.664975936316594,4.381719622860413,0.2987880540607945,0,0,0,0.0,0.0,1.13480256,0,typeb,renault,mail
2026-01-09 09:00:00,14.664975936316594,1.664185223487047,0.113480256,0,0,0,0.0,0.0,1.13480256,0,typeb,renault,mail
2026-01-09 10:00:00,14.664975936316594,3.011995338227232,0.2053869949263453,0,0,0,0.0,0.0,1.13480256,0,typeb,renault,mail
2026-01-09 11:00:00,14.664975936316594,6.008415046551737,0.40971189265114283,0,0,0,0.0,0.0,1.13480256,0,typeb,renault,mail
2026-01-09 12:00:00,0.0,0.0,0.0,1,1,0,45.0,80.0,1.13480256,0,typeb,renault,mail
2026-01-09 13:00:00,14.6649759363166,1.6641852234870476,0.113480256,0,0,0,0.0,0.0,1.13480256,0,typeb,renault,mail
2026-01-09 14:00:00,14.6649759363166,2.9306125939540486,0.1998375317273197,0,0,0,0.0,0.0,1.13480256,0,typeb,renault,mail
2026-01-09 15:00:00,14.6649759363166,3.075108594890329,0.20969066763178773,0,0,0,0.0,0.0,1.13480256,0,typeb,renault,mail
2026-01-09 16:00:00,14.6649759363166,4.293789835010581,0.2927921500626104,0,0,0,0.0,0.0,1.13480256,0,typeb,renault,mail
2026-01-09 17:00:00,14.6649759363166,1.6641852234870476,0.113480256,0,0,0,0.0,0.0,1.13480256,0,typeb,renault,mail
2026-01-09 18:00:00,0.0,0.0,0.0,1,1,0,45.0,80.0,1.13480256,0,typeb,renault,mail
2026-01-09 19:00:00,0.0,0.0,0.0,1,1,0,45.0,80.0,1.13480256,0,typeb,renault,mail
2026-01-09 20:00:00,0.0,0.0,0.0,1,1,0,45.0,80.0,1.13480256,0,typeb,renault,mail
2026-01-09 21:00:00,0.0,0.0,0.0,1,1,0,45.0,80.0,1.13480256,0,typeb,renault,mail
2026-01-09 22:00:00,0.0,0.0,0.0,1,1,0,45.0,80.0,1.13480256,0,typeb,renault,mail
2026-01-09 23:00:00,0.0,0.0,0.0,1,1,0,45.0,80.0,1.13480256,0,typeb,renault,mail
2026-01-10 00:00:00,0.0,0.0,0.0,1,1,0,45.0,80.0,1.13480256,0,typeb,renault,mail
2026-01-10 01:00:00,0.0,0.0,0.0,1,1,0,45.0,80.0,1.13480256,0,typeb,renault,mail
2026-01-10 02:00:00,0.0,0.0,0.0,1,1,0,45.0,80.0,1.13480256,0,typeb,renault,mail
2026-01-10 03:00:00,0.0,0.0,0.0,1,1,0,45.0,80.0,1.13480256,0,typeb,renault,mail
2026-01-10 04:00:00,0.0,0.0,0.0,1,1,0,45.0,80.0,1.13480256,0,typeb,renault,mail
2026-01-10 05:00:00,0.0,0.0,0.0,1,1,0,45.0,80.0,1.13480256,0,typeb,renault,mail
2026-01-10 06:00:00,0.0,0.0,0.0,1,1,0,45.0,80.0,1.13480256,0,typeb,renault,mail
2026-01-10 07:00:00,0.0,0.0,0.0,1,1,0,45.0,80.0,1.13480256,0,typeb,renault,mail
2026-01-10 08:00:00,7.108294117193818,0.8565279159851186,0.12049697182806711,0,0,0,0.0,0.0,1.18959,0,typeb,renault,mail
2026-01-10 09:00:00,7.108294117193818,1.535136156522636,0.21596407396950404,0,0,0,0.0,0.0,1.18959,0,typeb,renault,mail
2026-01-10 10:00:00,7.108294117193818,1.5960285366956402,0.22453045841689417,0,0,0,0.0,0.0,1.18959,0,typeb,renault,mail
2026-01-10 11:00:00,7.108294117193818,0.8455955598872594,0.118959,0,0,0,0.0,0.0,1.18959,0,typeb,renault,mail
2026-01-10 12:00:00,7.108294117193818,3.805180019492667,0.5353154999999999,0,0,0,0.0,0.0,1.18959,0,typeb,renault,mail
2026-01-10 13:00:00,7.108294117193818,1.7916403667585767,0.25204927331648913,0,0,0,0.0,0.0,1.18959,0,typeb,renault,mail
2026-01-10 14:00:00,7.108294117193818,0.8455955598872594,0.118959,0,0,0,0.0,0.0,1.18959,0,typeb,renault,mail
2026-01-10 15:00:00,7.108294117193816,2.0137498690547857,0.28329580006880273,0,0,0,0.0,0.0,1.18959,0,typeb,renault,mail
2026-01-10 16:00:00,7.108294117193816,0.8455955598872591,0.118959,0,0,0,0.0,0.0,1.18959,0,typeb,renault,mail
2026-01-10 17:00:00,7.108294117193816,2.1890887926941183,0.3079626077090797,0,0,0,0.0,0.0,1.18959,0,typeb,renault,mail
2026-01-10 18:00:00,7.108294117193816,2.776250917303636,0.390565003576362,0,0,0,0.0,0.0,1.18959,0,typeb,renault,mail
2026-01-10 19:00:00,0.0,0.0,0.0,1,1,0,45.0,80.0,1.18959,0,typeb,renault,mail
2026-01-10 20:00:00,0.0,0.0,0.0,1,1,0,45.0,80.0,1.18959,0,typeb,renault,mail
2026-01-10 21:00:00,0.0,0.0,0.0,1,1,0,45.0,80.0,1.18959,0,typeb,renault,mail
2026-01-10 22:00:00,0.0,0.0,0.0,1,1,0,45.0,80.0,1.18959,0,typeb,renault,mail
2026-01-10 23:00:00,0.0,0.0,0.0,1,1,0,45.0,80.0,1.18959,0,typeb,renault,mail
2026-01-11 00:00:00,0.0,0.0,0.0,1,1,0,45.0,80.0,1.18959,0,typeb,renault,mail
2026-01-11 01:00:00,0.0,0.0,0.0,1,1,0,45.0,80.0,1.18959,0,typeb,renault,mail
2026-01-11 02:00:00,0.0,0.0,0.0,1,1,0,45.0,80.0,1.18959,0,typeb,renault,mail
2026-01-11 03:00:00,0.0,0.0,0.0,1,1,0,45.0,80.0,1.18959,0,typeb,renault,mail
2026-01-11 04:00:00,0.0,0.0,0.0,1,1,0,45.0,80.0,1.18959,0,typeb,renault,mail
2026-01-11 05:00:00,0.0,0.0,0.0,1,1,0,45.0,80.0,1.18959,0,typeb,renault,mail
2026-01-11 06:00:00,0.0,0.0,0.0,1,1,0,45.0,80.0,1.18959,0,typeb,renault,mail
2026-01-11 07:00:00,0.0,0.0,0.0,1,1,0,45.0,80.0,1.18959,0,typeb,renault,mail
2026-01-11 08:00:00,0.0,0.0,0.0,1,1,0,45.0,80.0,1.18959,0,typeb,renault,mail
2026-01-11 09:00:00,10.511476236458252,1.5775516321957306,0.15007898003175932,0,0,0,0.0,0.0,1.12204732,0,typeb,renault,mail
2026-01-11 10:00:00,10.511476236458252,1.179437374036167,0.11220473200000002,0,0,0,0.0,0.0,1.12204732,0,typeb,renault,mail
2026-01-11 11:00:00,10.511476236458252,1.179437374036167,0.11220473200000002,0,0,0,0.0,0.0,1.12204732,0,typeb,renault,mail
2026-01-11 12:00:00,10.511476236458252,1.179437374036167,0.11220473200000002,0,0,0,0.0,0.0,1.12204732,0,typeb,renault,mail
2026-01-11 13:00:00,10.511476236458252,1.7568263227632683,0.16713411924671917,0,0,0,0.0,0.0,1.12204732,0,typeb,renault,mail
2026-01-11 14:00:00,10.511476236458252,2.2956621934191204,0.21839579349062233,0,0,0,0.0,0.0,1.12204732,0,typeb,renault,mail
2026-01-11 15:00:00,10.511476236458252,2.2029390120731933,0.2095746555971337,0,0,0,0.0,0.0,1.12204732,0,typeb,renault,mail
2026-01-11 16:00:00,10.511476236458254,3.132664237354377,0.29802324306161393,0,0,0,0.0,0.0,1.12204732,0,typeb,renault,mail
2026-01-11 17:00:00,10.511476236458254,1.8610459031254085,0.1770489568982245,0,0,0,0.0,0.0,1.12204732,0,typeb,renault,mail
2026-01-11 18:00:00,10.511476236458254,4.676237454004354,0.4448697165660881,0,0,0,0.0,0.0,1.12204732,0,typeb,renault,mail
2026-01-11 19:00:00,10.511476236458254,1.5582289640314022,0.14824073507646848,0,0,0,0.0,0.0,1.12204732,0,typeb,renault,mail
2026-01-11 20:00:00,0.0,0.0,0.0,1,1,0,45.0,80.0,1.12204732,0,typeb,renault,mail
2026-01-11 21:00:00,0.0,0.0,0.0,1,1,0,45.0,80.0,1.12204732,0,typeb,renault,mail
2026-01-11 22:00:00,0.0,0.0,0.0,1,1,0,45.0,80.0,1.12204732,0,typeb,renault,mail
2026-01-11 23:00:00,0.0,0.0,0.0,1,1,0,45.0,80.0,1.12204732,0,typeb,renault,mail
2026-01-12 00:00:00,0.0,0.0,0.0,1,1,0,45.0,80.0,1.12204732,0,typeb,renault,mail
2026-01-12 01:00:00,0.0,0.0,0.0,1,1,0,45.0,80.0,1.12204732,0,typeb,renault,mail
2026-01-12 02:00:00,0.0,0.0,0.0,1,1,0,45.0,80.0,1.12204732,0,typeb,renault,mail
2026-01-12 03:00:00,0.0,0.0,0.0,1,1,0,45.0,80.0,1.12204732,0,typeb,renault,mail
2026-01-12 04:00:00,0.0,0.0,0.0,1,1,0,45.0,80.0,1.12204732,0,typeb,renault,mail
2026-01-12 05:00:00,0.0,0.0,0.0,1,1,0,45.0,80.0,1.12204732,0,typeb,renault,mail
2026-01-12 06:00:00,0.0,0.0,0.0,1,1,0,45.0,80.0,1.12204732,0,typeb,renault,mail
2026-01-12 07:00:00,0.0,0.0,0.0,1,1,0,45.0,80.0,1.12204732,0,typeb,renault,mail
2026-01-12 08:00:00,0.0,0.0,0.0,1,1,0,45.0,80.0,1.12204732,0,typeb,renault,mail
2026-01-12 09:00:00,15.65845477065803,2.378365035251821,0.15189014944875515,0,0,0,0.0,0.0,1.1197747500000002,0,typeb,renault,mail
2026-01-12 10:00:00,15.65845477065803,4.331911132251796,0.2766499757287195,0,0,0,0.0,0.0,1.1197747500000002,0,typeb,renault,mail
2026-01-12 11:00:00,15.65845477065803,3.7136618887380215,0.23716656229048577,0,0,0,0.0,0.0,1.1197747500000002,0,typeb,renault,mail
2026-01-12 12:00:00,15.65845477065803,2.618908830290547,0.16725206086095112,0,0,0,0.0,0.0,1.1197747500000002,0,typeb,renault,mail
2026-01-12 13:00:00,15.65845477065803,1.7533942276199908,0.11197747500000002,0,0,0,0.0,0.0,1.1197747500000002,0,typeb,renault,mail
2026-01-12 14:00:00,15.65845477065803,1.7533942276199908,0.11197747500000002,0,0,0,0.0,0.0,1.1197747500000002,0,typeb,renault,mail
2026-01-12 15:00:00,15.65845477065803,2.0621529349788235,0.13169581323203347,0,0,0,0.0,0.0,1.1197747500000002,0,typeb,renault,mail
2026-01-12 16:00:00,15.65845477065803,4.7449735490782725,0.30302948908916316,0,0,0,0.0,0.0,1.1197747500000002,0,typeb,renault,mail
2026-01-12 17:00:00,15.65845477065803,3.1464399901043865,0.20094192154901633,0,0,0,0.0,0.0,1.1197747500000002,0,typeb,renault,mail
2026-01-12 18:00:00,0.0,0.0,0.0,1,1,0,45.0,80.0,1.1197747500000002,0,typeb,renault,mail
2026-01-12 19:00:00,0.0,0.0,0.0,1,1,0,45.0,80.0,1.1197747500000002,0,typeb,renault,mail
2026-01-12 20:00:00,0.0,0.0,0.0,1,1,0,45.0,80.0,1.1197747500000002,0,typeb,renault,mail
2026-01-12 21:00:00,0.0,0.0,0.0,1,1,0,45.0,80.0,1.1197747500000002,0,typeb,renault,mail
2026-01-12 22:00:00,0.0,0.0,0.0,1,1,0,45.0,80.0,1.1197747500000002,0,typeb,renault,mail
2026-01-12 23:00:00,0.0,0.0,0.0,1,1,0,45.0,80.0,1.1197747500000002,0,typeb,renault,mail
2026-01-13 00:00:00,0.0,0.0,0.0,1,1,0,45.0,80.0,1.1197747500000002,0,typeb,renault,mail
2026-01-13 01:00:00,0.0,0.0,0.0,1,1,0,45.0,80.0,1.1197747500000002,0,typeb,renault,mail
2026-01-13 02:00:00,0.0,0.0,0.0,1,1,0,45.0,80.0,1.1197747500000002,0,typeb,renault,mail
2026-01-13 03:00:00,0.0,0.0,0.0,1,1,0,45.0,80.0,1.1197747500000002,0,typeb,renault,mail
2026-01-13 04:00:00,0.0,0.0,0.0,1,1,0,45.0,80.0,1.1197747500000002,0,typeb,renault,mail
2026-01-13 05:00:00,10.247810402999766,1.8711052969812643,0.18258586209143268,0,0,0,0.0,0.0,1.12415904,0,typeb,renault,mail
2026-01-13 06:00:00,10.247810402999766,1.1520168704738232,0.11241590400000001,0,0,0,0.0,0.0,1.12415904,0,typeb,renault,mail
2026-01-13 07:00:00,10.247810402999766,2.2662758945385493,0.22114732859178962,0,0,0,0.0,0.0,1.12415904,0,typeb,renault,mail
2026-01-13 08:00:00,10.247810402999766,2.5804752809702896,0.25180747686500193,0,0,0,0.0,0.0,1.12415904,0,typeb,renault,mail
2026-01-13 09:00:00,10.247810402999766,3.603883644527536,0.3516735285688538,0,0,0,0.0,0.0,1.12415904,0,typeb,renault,mail
2026-01-13 10:00:00,10.247810402999766,3.5370903650001817,0.345155718724538,0,0,0,0.0,0.0,1.12415904,0,typeb,renault,mail
2026-01-13 11:00:00,10.247810402999766,1.1520168704738232,0.11241590400000001,0,0,0,0.0,0.0,1.12415904,0,typeb,renault,mail
2026-01-13 12:00:00,0.0,0.0,0.0,1,1,0,45.0,80.0,1.12415904,0,typeb,renault,mail
2026-01-13 13:00:00,10.247810402999766,1.1520168704738232,0.11241590400000001,0,0,0,0.0,0.0,1.12415904,0,typeb,renault,mail
2026-01-13 14:00:00,10.247810402999766,2.5060621723953447,0.24454611022680156,0,0,0,0.0,0.0,1.12415904,0,typeb,renault,mail
2026-01-13 15:00:00,10.247810402999766,2.504060491420805,0.2443507825523206,0,0,0,0.0,0.0,1.12415904,0,typeb,renault,mail
2026-01-13 16:00:00,10.247810402999766,2.506082078565627,0.2445480527071461,0,0,0,0.0,0.0,1.12415904,0,typeb,renault,mail
2026-01-13 17:00:00,10.247810402999766,5.184075917132205,0.5058715680000001,0,0,0,0.0,0.0,1.12415904,0,typeb,renault,mail
2026-01-13 18:00:00,0.0,0.0,0.0,1,1,0,45.0,80.0,1.12415904,0,typeb,renault,mail
2026-01-13 19:00:00,0.0,0.0,0.0,1,1,0,45.0,80.0,1.12415904,0,typeb,renault,mail
2026-01-13 20:00:00,0.0,0.0,0.0,1,1,0,45.0,80.0,1.12415904,0,typeb,renault,mail
2026-01-13 21:00:00,0.0,0.0,0.0,1,1,0,45.0,80.0,1.12415904,0,typeb,renault,mail
2026-01-13 22:00:00,0.0,0.0,0.0,1,1,0,45.0,80.0,1.12415904,0,typeb,renault,mail
2026-01-13 23:00:00,0.0,0.0,0.0,1,1,0,45.0,80.0,1.12415904,0,typeb,renault,mail
2026-01-14 00:00:00,0.0,0.0,0.0,1,1,0,45.0,80.0,1.12415904,0,typeb,renault,mail
2026-01-14 01:00:00,0.0,0.0,0.0,1,1,0,45.0,80.0,1.12415904,0,typeb,renault,mail
2026-01-14 02:00:00,0.0,0.0,0.0,1,1,0,45.0,80.0,1.12415904,0,typeb,renault,mail
2026-01-14 03:00:00,0.0,0.0,0.0,1,1,0,45.0,80.0,1.12415904,0,typeb,renault,mail
2026-01-14 04:00:00,0.0,0.0,0.0,1,1,0,45.0,80.0,1.12415904,0,typeb,renault,mail
2026-01-14 05:00:00,0.0,0.0,0.0,1,1,0,45.0,80.0,1.12415904,0,typeb,renault,mail
2026-01-14 06:00:00,0.0,0.0,0.0,1,1,0,45.0,80.0,1.12415904,0,typeb,renault,mail
2026-01-14 07:00:00,9.367249581491597,2.624539875408795,0.28018255012597576,0,0,0,0.0,0.0,1.10192,0,typeb,renault,mail
2026-01-14 08:00:00,9.367249581491597,1.032195965883722,0.11019200000000001,0,0,0,0.0,0.0,1.10192,0,typeb,renault,mail
2026-01-14 09:00:00,9.367249581491597,1.3881973902973646,0.1481969043549616,0,0,0,0.0,0.0,1.10192,0,typeb,renault,mail
2026-01-14 10:00:00,9.367249581491597,1.1841655009593155,0.12641549588889617,0,0,0,0.0,0.0,1.10192,0,typeb,renault,mail
2026-01-14 11:00:00,9.367249581491597,1.7020610651056962,0.1817033965304753,0,0,0,0.0,0.0,1.10192,0,typeb,renault,mail
2026-01-14 12:00:00,9.367249581491597,4.644881846476749,0.495864,0,0,0,0.0,0.0,1.10192,0,typeb,renault,mail
2026-01-14 13:00:00,0.0,0.0,0.0,1,1,0,45.0,80.0,1.10192,0,typeb,renault,mail
2026-01-14 14:00:00,9.367249581491595,1.0321959658837219,0.11019200000000001,0,0,0,0.0,0.0,1.10192,0,typeb,renault,mail
2026-01-14 15:00:00,9.367249581491595,2.5052821528810254,0.2674512012395955,0,0,0,0.0,0.0,1.10192,0,typeb,renault,mail
2026-01-14 16:00:00,9.367249581491595,1.0321959658837219,0.11019200000000001,0,0,0,0.0,0.0,1.10192,0,typeb,renault,mail
2026-01-14 17:00:00,9.367249581491595,1.194382273645729,0.12750618666184202,0,0,0,0.0,0.0,1.10192,0,typeb,renault,mail
2026-01-14 18:00:00,9.367249581491595,3.241251675823203,0.346019570379279,0,0,0,0.0,0.0,1.10192,0,typeb,renault,mail
2026-01-14 19:00:00,9.367249581491595,1.6830149885777583,0.17967013411313026,0,0,0,0.0,0.0,1.10192,0,typeb,renault,mail
2026-01-14 20:00:00,0.0,0.0,0.0,1,1,0,45.0,80.0,1.10192,0,typeb,renault,mail
2026-01-14 21:00:00,0.0,0.0,0.0,1,1,0,45.0,80.0,1.10192,0,typeb,renault,mail
2026-01-14 22:00:00,0.0,0.0,0.0,1,1,0,45.0,80.0,1.10192,0,typeb,renault,mail
2026-01-14 23:00:00,0.0,0.0,0.0,1,1,0,45.0,80.0,1.10192,0,typeb,renault,mail
2026-01-01 00:00:00,0.0,0.0,0.0,1,1,1,45.0,80.0,1.0,1,typeb,renault,mail
2026-01-01 01:00:00,0.0,0.0,0.0,1,1,1,45.0,80.0,1.0,1,typeb,renault,mail
2026-01-01 02:00:00,0.0,0.0,0.0,1,1,1,45.0,80.0,1.0,1,typeb,renault,mail
2026-01-01 03:00:00,0.0,0.0,0.0,1,1,1,45.0,80.0,1.0,1,typeb,renault,mail
2026-01-01 04:00:00,0.0,0.0,0.0,1,1,1,45.0,80.0,1.0,1,typeb,renault,mail
2026-01-01 05:00:00,0.0,0.0,0.0,1,1,1,45.0,80.0,1.0,1,typeb,renault,mail
2026-01-01 06:00:00,9.133627798118564,2.0784248522689537,0.22755742824303485,0,0,1,0.0,0.0,1.13291752,1,typeb,renault,mail
2026-01-01 07:00:00,9.133627798118564,2.160274626970424,0.2365187934870106,0,0,1,0.0,0.0,1.13291752,1,typeb,renault,mail
2026-01-01 08:00:00,9.133627798118564,1.0347646953647545,0.113291752,0,0,1,0.0,0.0,1.13291752,1,typeb,renault,mail
2026-01-01 09:00:00,9.133627798118564,1.5046259639875434,0.1647347578907782,0,0,1,0.0,0.0,1.13291752,1,typeb,renault,mail
2026-01-01 10:00:00,9.133627798118564,1.956448553301,0.2142027895754641,0,0,1,0.0,0.0,1.13291752,1,typeb,renault,mail
2026-01-01 11:00:00,9.133627798118564,1.0347646953647545,0.113291752,0,0,1,0.0,0.0,1.13291752,1,typeb,renault,mail
2026-01-01 12:00:00,0.0,0.0,0.0,1,1,1,45.0,80.0,1.13291752,1,typeb,renault,mail
2026-01-01 13:00:00,9.133627798118564,1.0981399985071334,0.12023043009627996,0,0,1,0.0,0.0,1.13291752,1,typeb,renault,mail
2026-01-01 14:00:00,9.133627798118564,2.113904719679996,0.23144196001893566,0,0,1,0.0,0.0,1.13291752,1,typeb,renault,mail
2026-01-01 15:00:00,9.133627798118564,1.0347646953647545,0.113291752,0,0,1,0.0,0.0,1.13291752,1,typeb,renault,mail
2026-01-01 16:00:00,9.133627798118564,1.1677451000258876,0.12785118091482023,0,0,1,0.0,0.0,1.13291752,1,typeb,renault,mail
2026-01-01 17:00:00,9.133627798118564,1.297775388392185,0.14208761480947513,0,0,1,0.0,0.0,1.13291752,1,typeb,renault,mail
2026-01-01 18:00:00,9.133627798118564,3.436494555796569,0.3762463975710125,0,0,1,0.0,0.0,1.13291752,1,typeb,renault,mail
2026-01-01 19:00:00,9.133627798118564,2.829253012930663,0.3097622407509818,0,0,1,0.0,0.0,1.13291752,1,typeb,renault,mail
2026-01-01 20:00:00,0.0,0.0,0.0,1,1,1,45.0,80.0,1.13291752,1,typeb,renault,mail
2026-01-01 21:00:00,0.0,0.0,0.0,1,1,1,45.0,80.0,1.13291752,1,typeb,renault,mail
2026-01-01 22:00:00,0.0,0.0,0.0,1,1,1,45.0,80.0,1.13291752,1,typeb,renault,mail
2026-01-01 23:00:00,0.0,0.0,0.0,1,1,1,45.0,80.0,1.13291752,1,typeb,renault,mail
2026-01-02 00:00:00,0.0,0.0,0.0,1,1,1,45.0,80.0,1.13291752,1,typeb,renault,mail
2026-01-02 01:00:00,0.0,0.0,0.0,1,1,1,45.0,80.0,1.13291752,1,typeb,renault,mail
2026-01-02 02:00:00,0.0,0.0,0.0,1,1,1,45.0,80.0,1.13291752,1,typeb,renault,mail
2026-01-02 03:00:00,0.0,0.0,0.0,1,1,1,45.0,80.0,1.13291752,1,typeb,renault,mail
2026-01-02 04:00:00,0.0,0.0,0.0,1,1,1,45.0,80.0,1.13291752,1,typeb,renault,mail
2026-01-02 05:00:00,7.0516801396833655,1.268726374577445,0.17991831016805215,0,0,1,0.0,0.0,1.23134816,1,typeb,renault,mail
2026-01-02 06:00:00,7.0516801396833655,2.680025844932985,0.3800549361068047,0,0,1,0.0,0.0,1.23134816,1,typeb,renault,mail
2026-01-02 07:00:00,7.0516801396833655,0.9561789953992184,0.13559591139398344,0,0,1,0.0,0.0,1.23134816,1,typeb,renault,mail
2026-01-02 08:00:00,7.0516801396833655,1.5202239051955646,0.21558321918779286,0,0,1,0.0,0.0,1.23134816,1,typeb,renault,mail
2026-01-02 09:00:00,7.0516801396833655,1.867947507562128,0.2648939643547137,0,0,1,0.0,0.0,1.23134816,1,typeb,renault,mail
2026-01-02 10:00:00,7.0516801396833655,3.907383014208445,0.5541066720000001,0,0,1,0.0,0.0,1.23134816,1,typeb,renault,mail
2026-01-02 11:00:00,7.0516801396833655,2.1604352732065464,0.30637170580790896,0,0,1,0.0,0.0,1.23134816,1,typeb,renault,mail
2026-01-02 12:00:00,0.0,0.0,0.0,1,1,1,45.0,80.0,1.23134816,1,typeb,renault,mail
2026-01-02 13:00:00,7.051680139683367,1.3767406589120676,0.19523583481395482,0,0,1,0.0,0.0,1.23134816,1,typeb,renault,mail
2026-01-02 14:00:00,7.051680139683367,0.8683073364907657,0.12313481600000001,0,0,1,0.0,0.0,1.23134816,1,typeb,renault,mail
2026-01-02 15:00:00,7.051680139683367,3.248916459839503,0.46072941419396035,0,0,1,0.0,0.0,1.23134816,1,typeb,renault,mail
2026-01-02 16:00:00,7.051680139683367,3.9073830142084462,0.5541066720000001,0,0,1,0.0,0.0,1.23134816,1,typeb,renault,mail
2026-01-02 17:00:00,7.051680139683367,0.8683073364907657,0.12313481600000001,0,0,1,0.0,0.0,1.23134816,1,typeb,renault,mail
2026-01-02 18:00:00,7.051680139683367,2.9869499137888553,0.4235798922557163,0,0,1,0.0,0.0,1.23134816,1,typeb,renault,mail
2026-01-02 19:00:00,7.051680139683367,0.8683073364907657,0.12313481600000001,0,0,1,0.0,0.0,1.23134816,1,typeb,renault,mail
2026-01-02 20:00:00,7.051680139683367,1.1839195622226186,0.16789184120251072,0,0,1,0.0,0.0,1.23134816,1,typeb,renault,mail
2026-01-02 21:00:00,0.0,0.0,0.0,1,1,1,45.0,80.0,1.23134816,1,typeb,renault,mail
2026-01-02 22:00:00,0.0,0.0,0.0,1,1,1,45.0,80.0,1.23134816,1,typeb,renault,mail
2026-01-02 23:00:00,0.0,0.0,0.0,1,1,1,45.0,80.0,1.23134816,1,typeb,renault,mail
2026-01-03 00:00:00,0.0,0.0,0.0,1,1,1,45.0,80.0,1.23134816,1,typeb,renault,mail
2026-01-03 01:00:00,0.0,0.0,0.0,1,1,1,45.0,80.0,1.23134816,1,typeb,renault,mail
2026-01-03 02:00:00,0.0,0.0,0.0,1,1,1,45.0,80.0,1.23134816,1,typeb,renault,mail
2026-01-03 03:00:00,0.0,0.0,0.0,1,1,1,45.0,80.0,1.23134816,1,typeb,renault,mail
2026-01-03 04:00:00,0.0,0.0,0.0,1,1,1,45.0,80.0,1.23134816,1,typeb,renault,mail
2026-01-03 05:00:00,0.0,0.0,0.0,1,1,1,45.0,80.0,1.23134816,1,typeb,renault,mail
2026-01-03 06:00:00,0.0,0.0,0.0,1,1,1,45.0,80.0,1.23134816,1,typeb,renault,mail
2026-01-03 07:00:00,0.0,0.0,0.0,1,1,1,45.0,80.0,1.23134816,1,typeb,renault,mail
2026-01-03 08:00:00,0.0,0.0,0.0,1,1,1,45.0,80.0,1.23134816,1,typeb,renault,mail
2026-01-03 09:00:00,11.872923228688276,2.9949990053809117,0.2522545583503954,0,0,1,0.0,0.0,1.20636853,1,typeb,renault,mail
2026-01-03 10:00:00,11.872923228688276,4.742478719521773,0.3994364848635279,0,0,1,0.0,0.0,1.20636853,1,typeb,renault,mail
2026-01-03 11:00:00,11.872923228688276,3.0112819455238675,0.25362599315455653,0,0,1,0.0,0.0,1.20636853,1,typeb,renault,mail
2026-01-03 12:00:00,11.872923228688276,3.2725042621803158,0.2756275096829598,0,0,1,0.0,0.0,1.20636853,1,typeb,renault,mail
2026-01-03 13:00:00,11.872923228688276,6.445404423987988,0.5428658385,0,0,1,0.0,0.0,1.20636853,1,typeb,renault,mail
2026-01-03 14:00:00,11.872923228688276,2.712603077626276,0.22846968900395775,0,0,1,0.0,0.0,1.20636853,1,typeb,renault,mail
2026-01-03 15:00:00,11.872923228688276,1.691020437290521,0.14242662945925116,0,0,1,0.0,0.0,1.20636853,1,typeb,renault,mail
2026-01-03 16:00:00,11.872923228688274,1.4323120942195529,0.120636853,0,0,1,0.0,0.0,1.20636853,1,typeb,renault,mail
2026-01-03 17:00:00,11.872923228688274,1.7104792974472611,0.14406555694003553,0,0,1,0.0,0.0,1.20636853,1,typeb,renault,mail
2026-01-03 18:00:00,11.872923228688274,1.4323120942195529,0.120636853,0,0,1,0.0,0.0,1.20636853,1,typeb,renault,mail
2026-01-03 19:00:00,0.0,0.0,0.0,1,1,1,45.0,80.0,1.20636853,1,typeb,renault,mail
2026-01-03 20:00:00,0.0,0.0,0.0,1,1,1,45.0,80.0,1.20636853,1,typeb,renault,mail
2026-01-03 21:00:00,0.0,0.0,0.0,1,1,1,45.0,80.0,1.20636853,1,typeb,renault,mail
2026-01-03 22:00:00,0.0,0.0,0.0,1,1,1,45.0,80.0,1.20636853,1,typeb,renault,mail
2026-01-03 23:00:00,0.0,0.0,0.0,1,1,1,45.0,80.0,1.20636853,1,typeb,renault,mail
2026-01-04 00:00:00,0.0,0.0,0.0,1,1,1,45.0,80.0,1.20636853,1,typeb,renault,mail
2026-01-04 01:00:00,0.0,0.0,0.0,1,1,1,45.0,80.0,1.20636853,1,typeb,renault,mail
2026-01-04 02:00:00,0.0,0.0,0.0,1,1,1,45.0,80.0,1.20636853,1,typeb,renault,mail
2026-01-04 03:00:00,0.0,0.0,0.0,1,1,1,45.0,80.0,1.20636853,1,typeb,renault,mail
2026-01-04 04:00:00,0.0,0.0,0.0,1,1,1,45.0,80.0,1.20636853,1,typeb,renault,mail
2026-01-04 05:00:00,0.0,0.0,0.0,1,1,1,45.0,80.0,1.20636853,1,typeb,renault,mail
2026-01-04 06:00:00,0.0,0.0,0.0,1,1,1,45.0,80.0,1.20636853,1,typeb,renault,mail
2026-01-04 07:00:00,0.0,0.0,0.0,1,1,1,45.0,80.0,1.20636853,1,typeb,renault,mail
2026-01-04 08:00:00,0.0,0.0,0.0,1,1,1,45.0,80.0,1.20636853,1,typeb,renault,mail
2026-01-04 09:00:00,3.3830002282202054,0.44079581931747824,0.13029730700000003,0,0,1,0.0,0.0,1.3029730700000002,1,typeb,renault,mail
2026-01-04 10:00:00,3.3830002282202054,0.7100687139263209,0.20989319125759787,0,0,1,0.0,0.0,1.3029730700000002,1,typeb,renault,mail
2026-01-04 11:00:00,3.3830002282202054,0.4858359775445627,0.14361097983140272,0,0,1,0.0,0.0,1.3029730700000002,1,typeb,renault,mail
2026-01-04 12:00:00,3.3830002282202054,1.270508893770994,0.375556845421618,0,0,1,0.0,0.0,1.3029730700000002,1,typeb,renault,mail
2026-01-04 13:00:00,3.3830002282202054,1.7030520097697257,0.5034146895892172,0,0,1,0.0,0.0,1.3029730700000002,1,typeb,renault,mail
2026-01-04 14:00:00,3.3830002282202054,0.7529384323993275,0.22256529163624916,0,0,1,0.0,0.0,1.3029730700000002,1,typeb,renault,mail
2026-01-04 15:00:00,3.3830002282202054,0.44079581931747824,0.13029730700000003,0,0,1,0.0,0.0,1.3029730700000002,1,typeb,renault,mail
2026-01-04 16:00:00,3.383000228220206,1.2031371236582993,0.355642046258823,0,0,1,0.0,0.0,1.3029730700000002,1,typeb,renault,mail
2026-01-04 17:00:00,3.383000228220206,0.548979473279907,0.16227591967048868,0,0,1,0.0,0.0,1.3029730700000002,1,typeb,renault,mail
2026-01-04 18:00:00,3.383000228220206,0.7891865017143312,0.23328006162432977,0,0,1,0.0,0.0,1.3029730700000002,1,typeb,renault,mail
2026-01-04 19:00:00,0.0,0.0,0.0,1,1,1,45.0,80.0,1.3029730700000002,1,typeb,renault,mail
2026-01-04 20:00:00,0.0,0.0,0.0,1,1,1,45.0,80.0,1.3029730700000002,1,typeb,renault,mail
2026-01-04 21:00:00,0.0,0.0,0.0,1,1,1,45.0,80.0,1.3029730700000002,1,typeb,renault,mail
2026-01-04 22:00:00,0.0,0.0,0.0,1,1,1,45.0,80.0,1.3029730700000002,1,typeb,renault,mail
2026-01-04 23:00:00,0.0,0.0,0.0,1,1,1,45.0,80.0,1.3029730700000002,1,typeb,renault,mail
2026-01-05 00:00:00,0.0,0.0,0.0,1,1,1,45.0,80.0,1.3029730700000002,1,typeb,renault,mail
2026-01-05 01:00:00,0.0,0.0,0.0,1,1,1,45.0,80.0,1.3029730700000002,1,typeb,renault,mail
2026-01-05 02:00:00,0.0,0.0,0.0,1,1,1,45.0,80.0,1.3029730700000002,1,typeb,renault,mail
2026-01-05 03:00:00,0.0,0.0,0.0,1,1,1,45.0,80.0,1.3029730700000002,1,typeb,renault,mail
2026-01-05 04:00:00,0.0,0.0,0.0,1,1,1,45.0,80.0,1.3029730700000002,1,typeb,renault,mail
2026-01-05 05:00:00,0.0,0.0,0.0,1,1,1,45.0,80.0,1.3029730700000002,1,typeb,renault,mail
2026-01-05 06:00:00,0.0,0.0,0.0,1,1,1,45.0,80.0,1.3029730700000002,1,typeb,renault,mail
2026-01-05 07:00:00,13.231930356605039,3.760512586770093,0.28419984729536774,0,0,1,0.0,0.0,1.21493373,1,typeb,renault,mail
2026-01-05 08:00:00,13.231930356605039,7.209193342183899,0.5448330778574009,0,0,1,0.0,0.0,1.21493373,1,typeb,renault,mail
2026-01-05 09:00:00,13.231930356605039,7.234163326462676,0.5467201785,0,0,1,0.0,0.0,1.21493373,1,typeb,renault,mail
2026-01-05 10:00:00,13.231930356605039,2.8288310458093946,0.21378823569739505,0,0,1,0.0,0.0,1.21493373,1,typeb,renault,mail
2026-01-05 11:00:00,13.231930356605039,2.8247878246237317,0.21348267021475595,0,0,1,0.0,0.0,1.21493373,1,typeb,renault,mail
2026-01-05 12:00:00,0.0,0.0,0.0,1,1,1,45.0,80.0,1.21493373,1,typeb,renault,mail
2026-01-05 13:00:00,13.23193035660504,1.6075918503250395,0.12149337300000002,0,0,1,0.0,0.0,1.21493373,1,typeb,renault,mail
2026-01-05 14:00:00,13.23193035660504,2.6038267031972957,0.19678358584297811,0,0,1,0.0,0.0,1.21493373,1,typeb,renault,mail
2026-01-05 15:00:00,13.23193035660504,1.6075918503250395,0.12149337300000002,0,0,1,0.0,0.0,1.21493373,1,typeb,renault,mail
2026-01-05 16:00:00,13.23193035660504,2.0818213887488417,0.1573331579477102,0,0,1,0.0,0.0,1.21493373,1,typeb,renault,mail
2026-01-05 17:00:00,13.23193035660504,3.079106531494686,0.23270274619890777,0,0,1,0.0,0.0,1.21493373,1,typeb,renault,mail
2026-01-05 18:00:00,13.23193035660504,2.65633692391535,0.2007520333259141,0,0,1,0.0,0.0,1.21493373,1,typeb,renault,mail
2026-01-05 19:00:00,13.23193035660504,1.8447528293894928,0.13941675777250742,0,0,1,0.0,0.0,1.21493373,1,typeb,renault,mail
2026-01-05 20:00:00,0.0,0.0,0.0,1,1,1,45.0,80.0,1.21493373,1,typeb,renault,mail
2026-01-05 21:00:00,0.0,0.0,0.0,1,1,1,45.0,80.0,1.21493373,1,typeb,renault,mail
2026-01-05 22:00:00,0.0,0.0,0.0,1,1,1,45.0,80.0,1.21493373,1,typeb,renault,mail
2026-01-05 23:00:00,0.0,0.0,0.0,1,1,1,45.0,80.0,1.21493373,1,typeb,renault,mail
2026-01-06 00:00:00,0.0,0.0,0.0,1,1,1,45.0,80.0,1.21493373,1,typeb,renault,mail
2026-01-06 01:00:00,0.0,0.0,0.0,1,1,1,45.0,80.0,1.21493373,1,typeb,renault,mail
2026-01-06 02:00:00,0.0,0.0,0.0,1,1,1,45.0,80.0,1.21493373,1,typeb,renault,mail
2026-01-06 03:00:00,0.0,0.0,0.0,1,1,1,45.0,80.0,1.21493373,1,typeb,renault,mail
2026-01-06 04:00:00,0.0,0.0,0.0,1,1,1,45.0,80.0,1.21493373,1,typeb,renault,mail
2026-01-06 05:00:00,13.989916836419278,5.2664558685659815,0.37644654576187836,0,0,1,0.0,0.0,1.31556704,1,typeb,renault,mail
2026-01-06 06:00:00,13.989916836419278,1.8404673482334273,0.131556704,0,0,1,0.0,0.0,1.31556704,1,typeb,renault,mail
2026-01-06 07:00:00,13.989916836419278,1.8404673482334273,0.131556704,0,0,1,0.0,0.0,1.31556704,1,typeb,renault,mail
2026-01-06 08:00:00,13.989916836419278,4.241026496558934,0.30314879967824215,0,0,1,0.0,0.0,1.31556704,1,typeb,renault,mail
2026-01-06 09:00:00,13.989916836419278,4.44783529152655,0.3179315033487343,0,0,1,0.0,0.0,1.31556704,1,typeb,renault,mail
2026-01-06 10:00:00,13.989916836419278,5.544588237152099,0.3963274622704074,0,0,1,0.0,0.0,1.31556704,1,typeb,renault,mail
2026-01-06 11:00:00,13.989916836419278,3.864529597095803,0.2762367812677384,0,0,1,0.0,0.0,1.31556704,1,typeb,renault,mail
2026-01-06 12:00:00,0.0,0.0,0.0,1,1,1,45.0,80.0,1.31556704,1,typeb,renault,mail
2026-01-06 13:00:00,13.989916836419281,8.282103067050425,0.592005168,0,0,1,0.0,0.0,1.31556704,1,typeb,renault,mail
2026-01-06 14:00:00,13.989916836419281,3.041545900493646,0.2174098628360488,0,0,1,0.0,0.0,1.31556704,1,typeb,renault,mail
2026-01-06 15:00:00,13.989916836419281,1.8825546301093528,0.1345651051483443,0,0,1,0.0,0.0,1.31556704,1,typeb,renault,mail
2026-01-06 16:00:00,13.989916836419281,2.3683189860611913,0.16928756716379184,0,0,1,0.0,0.0,1.31556704,1,typeb,renault,mail
2026-01-06 17:00:00,13.989916836419281,5.3141126723211585,0.3798530566305572,0,0,1,0.0,0.0,1.31556704,1,typeb,renault,mail
2026-01-06 18:00:00,13.989916836419281,1.9468883987250616,0.13916368635278947,0,0,1,0.0,0.0,1.31556704,1,typeb,renault,mail
2026-01-06 19:00:00,0.0,0.0,0.0,1,1,1,45.0,80.0,1.31556704,1,typeb,renault,mail
2026-01-06 20:00:00,0.0,0.0,0.0,1,1,1,45.0,80.0,1.31556704,1,typeb,renault,mail
2026-01-06 21:00:00,0.0,0.0,0.0,1,1,1,45.0,80.0,1.31556704,1,typeb,renault,mail
2026-01-06 22:00:00,0.0,0.0,0.0,1,1,1,45.0,80.0,1.31556704,1,typeb,renault,mail
2026-01-06 23:00:00,0.0,0.0,0.0,1,1,1,45.0,80.0,1.31556704,1,typeb,renault,mail
2026-01-07 00:00:00,0.0,0.0,0.0,1,1,1,45.0,80.0,1.31556704,1,typeb,renault,mail
2026-01-07 01:00:00,0.0,0.0,0.0,1,1,1,45.0,80.0,1.31556704,1,typeb,renault,mail
2026-01-07 02:00:00,0.0,0.0,0.0,1,1,1,45.0,80.0,1.31556704,1,typeb,renault,mail
2026-01-07 03:00:00,0.0,0.0,0.0,1,1,1,45.0,80.0,1.31556704,1,typeb,renault,mail
2026-01-07 04:00:00,0.0,0.0,0.0,1,1,1,45.0,80.0,1.31556704,1,typeb,renault,mail
2026-01-07 05:00:00,0.0,0.0,0.0,1,1,1,45.0,80.0,1.31556704,1,typeb,renault,mail
2026-01-07 06:00:00,8.67259953719732,1.0921095158841096,0.125926432,0,0,1,0.0,0.0,1.25926432,1,typeb,renault,mail
2026-01-07 07:00:00,8.67259953719732,1.0921095158841096,0.125926432,0,0,1,0.0,0.0,1.25926432,1,typeb,renault,mail
2026-01-07 08:00:00,8.67259953719732,3.150401601748445,0.3632592036835295,0,0,1,0.0,0.0,1.25926432,1,typeb,renault,mail
2026-01-07 09:00:00,8.67259953719732,4.914492821478494,0.566668944,0,0,1,0.0,0.0,1.25926432,1,typeb,renault,mail
2026-01-07 10:00:00,8.67259953719732,1.0921095158841096,0.125926432,0,0,1,0.0,0.0,1.25926432,1,typeb,renault,mail
2026-01-07 11:00:00,8.67259953719732,1.0921095158841096,0.125926432,0,0,1,0.0,0.0,1.25926432,1,typeb,renault,mail
2026-01-07 12:00:00,0.0,0.0,0.0,1,1,1,45.0,80.0,1.25926432,1,typeb,renault,mail
2026-01-07 13:00:00,8.672599537197321,1.2093443545471554,0.13944427496740763,0,0,1,0.0,0.0,1.25926432,1,typeb,renault,mail
2026-01-07 14:00:00,8.672599537197321,2.7430265500181883,0.3162865457182908,0,0,1,0.0,0.0,1.25926432,1,typeb,renault,mail
2026-01-07 15:00:00,8.672599537197321,3.6586064484494742,0.4218581098732257,0,0,1,0.0,0.0,1.25926432,1,typeb,renault,mail
2026-01-07 16:00:00,8.672599537197321,1.3255027491192266,0.15283799781531043,0,0,1,0.0,0.0,1.25926432,1,typeb,renault,mail
2026-01-07 17:00:00,8.672599537197321,1.09210951588411,0.125926432,0,0,1,0.0,0.0,1.25926432,1,typeb,renault,mail
2026-01-07 18:00:00,8.672599537197321,1.09210951588411,0.125926432,0,0,1,0.0,0.0,1.25926432,1,typeb,renault,mail
2026-01-07 19:00:00,8.672599537197321,1.5628312740023533,0.18020332511599002,0,0,1,0.0,0.0,1.25926432,1,typeb,renault,mail
2026-01-07 20:00:00,8.672599537197321,1.09210951588411,0.125926432,0,0,1,0.0,0.0,1.25926432,1,typeb,renault,mail
2026-01-07 21:00:00,0.0,0.0,0.0,1,1,1,45.0,80.0,1.25926432,1,typeb,renault,mail
2026-01-07 22:00:00,0.0,0.0,0.0,1,1,1,45.0,80.0,1.25926432,1,typeb,renault,mail
2026-01-07 23:00:00,0.0,0.0,0.0,1,1,1,45.0,80.0,1.25926432,1,typeb,renault,mail
2026-01-08 00:00:00,0.0,0.0,0.0,1,1,1,45.0,80.0,1.25926432,1,typeb,renault,mail
2026-01-08 01:00:00,0.0,0.0,0.0,1,1,1,45.0,80.0,1.25926432,1,typeb,renault,mail
2026-01-08 02:00:00,0.0,0.0,0.0,1,1,1,45.0,80.0,1.25926432,1,typeb,renault,mail
2026-01-08 03:00:00,0.0,0.0,0.0,1,1,1,45.0,80.0,1.25926432,1,typeb,renault,mail
2026-01-08 04:00:00,0.0,0.0,0.0,1,1,1,45.0,80.0,1.25926432,1,typeb,renault,mail
2026-01-08 05:00:00,8.660771735982689,2.3003229980876196,0.2656025430771401,0,0,1,0.0,0.0,1.16541536,1,typeb,renault,mail
2026-01-08 06:00:00,8.660771735982689,1.902236451761316,0.21963821582528753,0,0,1,0.0,0.0,1.16541536,1,typeb,renault,mail
2026-01-08 07:00:00,8.660771735982689,4.54202838475564,0.524436912,0,0,1,0.0,0.0,1.16541536,1,typeb,renault,mail
2026-01-08 08:00:00,8.660771735982689,1.5552486581984144,0.17957391161077046,0,0,1,0.0,0.0,1.16541536,1,typeb,renault,mail
2026-01-08 09:00:00,8.660771735982689,2.3247007963731154,0.2684172804964643,0,0,1,0.0,0.0,1.16541536,1,typeb,renault,mail
2026-01-08 10:00:00,8.660771735982689,1.8043023472384239,0.20833043546709987,0,0,1,0.0,0.0,1.16541536,1,typeb,renault,mail
2026-01-08 11:00:00,8.660771735982689,2.1129330758596883,0.24396591207699642,0,0,1,0.0,0.0,1.16541536,1,typeb,renault,mail
2026-01-08 12:00:00,0.0,0.0,0.0,1,1,1,45.0,80.0,1.16541536,1,typeb,renault,mail
2026-01-08 13:00:00,8.660771735982687,1.9501793614134963,0.22517385527101885,0,0,1,0.0,0.0,1.16541536,1,typeb,renault,mail
2026-01-08 14:00:00,8.660771735982687,4.542028384755639,0.524436912,0,0,1,0.0,0.0,1.16541536,1,typeb,renault,mail
2026-01-08 15:00:00,8.660771735982687,1.0093396410568087,0.116541536,0,0,1,0.0,0.0,1.16541536,1,typeb,renault,mail
2026-01-08 16:00:00,8.660771735982687,1.0093396410568087,0.116541536,0,0,1,0.0,0.0,1.16541536,1,typeb,renault,mail
2026-01-08 17:00:00,8.660771735982687,4.290498202269338,0.49539444440542346,0,0,1,0.0,0.0,1.16541536,1,typeb,renault,mail
2026-01-08 18:00:00,8.660771735982687,1.0093396410568087,0.116541536,0,0,1,0.0,0.0,1.16541536,1,typeb,renault,mail
2026-01-08 19:00:00,8.660771735982687,1.0093396410568087,0.116541536,0,0,1,0.0,0.0,1.16541536,1,typeb,renault,mail
2026-01-08 20:00:00,0.0,0.0,0.0,1,1,1,45.0,80.0,1.16541536,1,typeb,renault,mail
2026-01-08 21:00:00,0.0,0.0,0.0,1,1,1,45.0,80.0,1.16541536,1,typeb,renault,mail
2026-01-08 22:00:00,0.0,0.0,0.0,1,1,1,45.0,80.0,1.16541536,1,typeb,renault,mail
2026-01-08 23:00:00,0.0,0.0,0.0,1,1,1,45.0,80.0,1.16541536,1,typeb,renault,mail
2026-01-09 00:00:00,0.0,0.0,0.0,1,1,1,45.0,80.0,1.16541536,1,typeb,renault,mail
2026-01-09 01:00:00,0.0,0.0,0.0,1,1,1,45.0,80.0,1.16541536,1,typeb,renault,mail
2026-01-09 02:00:00,0.0,0.0,0.0,1,1,1,45.0,80.0,1.16541536,1,typeb,renault,mail
2026-01-09 03:00:00,0.0,0.0,0.0,1,1,1,45.0,80.0,1.16541536,1,typeb,renault,mail
2026-01-09 04:00:00,0.0,0.0,0.0,1,1,1,45.0,80.0,1.16541536,1,typeb,renault,mail
2026-01-09 05:00:00,0.0,0.0,0.0,1,1,1,45.0,80.0,1.16541536,1,typeb,renault,mail
2026-01-09 06:00:00,10.829245428071042,1.2289055434643315,0.113480256,0,0,1,0.0,0.0,1.13480256,1,typeb,renault,mail
2026-01-09 07:00:00,10.829245428071042,4.770032016490761,0.44047685946115106,0,0,1,0.0,0.0,1.13480256,1,typeb,renault,mail
2026-01-09 08:00:00,10.829245428071042,2.2146849951741263,0.2045096318006911,0,0,1,0.0,0.0,1.13480256,1,typeb,renault,mail
2026-01-09 09:00:00,10.829245428071042,5.530074945589491,0.5106611520000001,0,0,1,0.0,0.0,1.13480256,1,typeb,renault,mail
2026-01-09 10:00:00,10.829245428071042,2.7051862357627234,0.2498037609112147,0,0,1,0.0,0.0,1.13480256,1,typeb,renault,mail
2026-01-09 11:00:00,10.829245428071042,1.5654235901299638,0.1445551862803062,0,0,1,0.0,0.0,1.13480256,1,typeb,renault,mail
2026-01-09 12:00:00,10.829245428071042,1.2289055434643315,0.113480256,0,0,1,0.0,0.0,1.13480256,1,typeb,renault,mail
2026-01-09 13:00:00,0.0,0.0,0.0,1,1,1,45.0,80.0,1.13480256,1,typeb,renault,mail
2026-01-09 14:00:00,10.829245428071038,1.2289055434643312,0.113480256,0,0,1,0.0,0.0,1.13480256,1,typeb,renault,mail
2026-01-09 15:00:00,10.829245428071038,1.2289055434643312,0.113480256,0,0,1,0.0,0.0,1.13480256,1,typeb,renault,mail
2026-01-09 16:00:00,10.829245428071038,2.7684101234450065,0.25564201511851137,0,0,1,0.0,0.0,1.13480256,1,typeb,renault,mail
2026-01-09 17:00:00,10.829245428071038,1.706578865203311,0.15758982253552042,0,0,1,0.0,0.0,1.13480256,1,typeb,renault,mail
2026-01-09 18:00:00,10.829245428071038,1.2289055434643312,0.113480256,0,0,1,0.0,0.0,1.13480256,1,typeb,renault,mail
2026-01-09 19:00:00,0.0,0.0,0.0,1,1,1,45.0,80.0,1.13480256,1,typeb,renault,mail
2026-01-09 20:00:00,0.0,0.0,0.0,1,1,1,45.0,80.0,1.13480256,1,typeb,renault,mail
2026-01-09 21:00:00,0.0,0.0,0.0,1,1,1,45.0,80.0,1.13480256,1,typeb,renault,mail
2026-01-09 22:00:00,0.0,0.0,0.0,1,1,1,45.0,80.0,1.13480256,1,typeb,renault,mail
2026-01-09 23:00:00,0.0,0.0,0.0,1,1,1,45.0,80.0,1.13480256,1,typeb,renault,mail
2026-01-10 00:00:00,0.0,0.0,0.0,1,1,1,45.0,80.0,1.13480256,1,typeb,renault,mail
2026-01-10 01:00:00,0.0,0.0,0.0,1,1,1,45.0,80.0,1.13480256,1,typeb,renault,mail
2026-01-10 02:00:00,0.0,0.0,0.0,1,1,1,45.0,80.0,1.13480256,1,typeb,renault,mail
2026-01-10 03:00:00,0.0,0.0,0.0,1,1,1,45.0,80.0,1.13480256,1,typeb,renault,mail
2026-01-10 04:00:00,0.0,0.0,0.0,1,1,1,45.0,80.0,1.13480256,1,typeb,renault,mail
2026-01-10 05:00:00,0.0,0.0,0.0,1,1,1,45.0,80.0,1.13480256,1,typeb,renault,mail
2026-01-10 06:00:00,0.0,0.0,0.0,1,1,1,45.0,80.0,1.13480256,1,typeb,renault,mail
2026-01-10 07:00:00,0.0,0.0,0.0,1,1,1,45.0,80.0,1.13480256,1,typeb,renault,mail
2026-01-10 08:00:00,0.0,0.0,0.0,1,1,1,45.0,80.0,1.13480256,1,typeb,renault,mail
2026-01-10 09:00:00,9.218896853381986,1.6569446813209354,0.17973350908173782,0,0,1,0.0,0.0,1.18959,1,typeb,renault,mail
2026-01-10 10:00:00,9.218896853381986,1.0966707507814677,0.118959,0,0,1,0.0,0.0,1.18959,1,typeb,renault,mail
2026-01-10 11:00:00,9.218896853381986,1.3117585498892874,0.1422901862068306,0,0,1,0.0,0.0,1.18959,1,typeb,renault,mail
2026-01-10 12:00:00,9.218896853381986,3.1235606286273425,0.33882151826890794,0,0,1,0.0,0.0,1.18959,1,typeb,renault,mail
2026-01-10 13:00:00,9.218896853381986,1.9851987710479988,0.21534016516517604,0,0,1,0.0,0.0,1.18959,1,typeb,renault,mail
2026-01-10 14:00:00,9.218896853381986,1.0966707507814677,0.118959,0,0,1,0.0,0.0,1.18959,1,typeb,renault,mail
2026-01-10 15:00:00,9.218896853381986,2.224249292505182,0.24127065611860146,0,0,1,0.0,0.0,1.18959,1,typeb,renault,mail
2026-01-10 16:00:00,9.218896853381986,2.324280064764809,0.25212127890465963,0,0,1,0.0,0.0,1.18959,1,typeb,renault,mail
2026-01-10 17:00:00,9.218896853381986,2.8532498443886576,0.30950013757252665,0,0,1,0.0,0.0,1.18959,1,typeb,renault,mail
2026-01-10 18:00:00,9.218896853381986,1.389742877200536,0.15074936831413877,0,0,1,0.0,0.0,1.18959,1,typeb,renault,mail
2026-01-10 19:00:00,0.0,0.0,0.0,1,1,1,45.0,80.0,1.18959,1,typeb,renault,mail
2026-01-10 20:00:00,0.0,0.0,0.0,1,1,1,45.0,80.0,1.18959,1,typeb,renault,mail
2026-01-10 21:00:00,0.0,0.0,0.0,1,1,1,45.0,80.0,1.18959,1,typeb,renault,mail
2026-01-10 22:00:00,0.0,0.0,0.0,1,1,1,45.0,80.0,1.18959,1,typeb,renault,mail
2026-01-10 23:00:00,0.0,0.0,0.0,1,1,1,45.0,80.0,1.18959,1,typeb,renault,mail
2026-01-11 00:00:00,0.0,0.0,0.0,1,1,1,45.0,80.0,1.18959,1,typeb,renault,mail
2026-01-11 01:00:00,0.0,0.0,0.0,1,1,1,45.0,80.0,1.18959,1,typeb,renault,mail
2026-01-11 02:00:00,0.0,0.0,0.0,1,1,1,45.0,80.0,1.18959,1,typeb,renault,mail
2026-01-11 03:00:00,0.0,0.0,0.0,1,1,1,45.0,80.0,1.18959,1,typeb,renault,mail
2026-01-11 04:00:00,0.0,0.0,0.0,1,1,1,45.0,80.0,1.18959,1,typeb,renault,mail
2026-01-11 05:00:00,0.0,0.0,0.0,1,1,1,45.0,80.0,1.18959,1,typeb,renault,mail
2026-01-11 06:00:00,0.0,0.0,0.0,1,1,1,45.0,80.0,1.18959,1,typeb,renault,mail
2026-01-11 07:00:00,0.0,0.0,0.0,1,1,1,45.0,80.0,1.18959,1,typeb,renault,mail
2026-01-11 08:00:00,3.9350590992832064,1.0401087775806797,0.2643184641801546,0,0,1,0.0,0.0,1.12204732,1,typeb,renault,mail
2026-01-11 09:00:00,3.9350590992832064,0.4592461760570769,0.11670629702632197,0,0,1,0.0,0.0,1.12204732,1,typeb,renault,mail
2026-01-11 10:00:00,3.9350590992832064,0.5656703544098685,0.14375142536306723,0,0,1,0.0,0.0,1.12204732,1,typeb,renault,mail
2026-01-11 11:00:00,3.9350590992832064,0.44153225163923365,0.11220473200000002,0,0,1,0.0,0.0,1.12204732,1,typeb,renault,mail
2026-01-11 12:00:00,3.9350590992832064,0.5156188216243998,0.13103204008252956,0,0,1,0.0,0.0,1.12204732,1,typeb,renault,mail
2026-01-11 13:00:00,3.9350590992832064,1.9868951323765514,0.5049212940000001,0,0,1,0.0,0.0,1.12204732,1,typeb,renault,mail
2026-01-11 14:00:00,3.9350590992832064,1.6623871043920784,0.4224554352169429,0,0,1,0.0,0.0,1.12204732,1,typeb,renault,mail
2026-01-11 15:00:00,3.9350590992832064,0.44153225163923365,0.11220473200000002,0,0,1,0.0,0.0,1.12204732,1,typeb,renault,mail
2026-01-11 16:00:00,3.935059099283206,0.4415322516392336,0.11220473200000002,0,0,1,0.0,0.0,1.12204732,1,typeb,renault,mail
2026-01-11 17:00:00,3.935059099283206,1.3575697029531741,0.3449934724488543,0,0,1,0.0,0.0,1.12204732,1,typeb,renault,mail
2026-01-11 18:00:00,3.935059099283206,0.9703864562020564,0.24660022421996614,0,0,1,0.0,0.0,1.12204732,1,typeb,renault,mail
2026-01-11 19:00:00,0.0,0.0,0.0,1,1,1,45.0,80.0,1.12204732,1,typeb,renault,mail
2026-01-11 20:00:00,0.0,0.0,0.0,1,1,1,45.0,80.0,1.12204732,1,typeb,renault,mail
2026-01-11 21:00:00,0.0,0.0,0.0,1,1,1,45.0,80.0,1.12204732,1,typeb,renault,mail
2026-01-11 22:00:00,0.0,0.0,0.0,1,1,1,45.0,80.0,1.12204732,1,typeb,renault,mail
2026-01-11 23:00:00,0.0,0.0,0.0,1,1,1,45.0,80.0,1.12204732,1,typeb,renault,mail
2026-01-12 00:00:00,0.0,0.0,0.0,1,1,1,45.0,80.0,1.12204732,1,typeb,renault,mail
2026-01-12 01:00:00,0.0,0.0,0.0,1,1,1,45.0,80.0,1.12204732,1,typeb,renault,mail
2026-01-12 02:00:00,0.0,0.0,0.0,1,1,1,45.0,80.0,1.12204732,1,typeb,renault,mail
2026-01-12 03:00:00,0.0,0.0,0.0,1,1,1,45.0,80.0,1.12204732,1,typeb,renault,mail
2026-01-12 04:00:00,0.0,0.0,0.0,1,1,1,45.0,80.0,1.12204732,1,typeb,renault,mail
2026-01-12 05:00:00,9.279059245839324,2.1178731501730046,0.228242227370479,0,0,1,0.0,0.0,1.1197747500000002,1,typeb,renault,mail
2026-01-12 06:00:00,9.279059245839324,2.7060090389211044,0.29162536494574737,0,0,1,0.0,0.0,1.1197747500000002,1,typeb,renault,mail
2026-01-12 07:00:00,9.279059245839324,1.1162474174857122,0.12029747713769916,0,0,1,0.0,0.0,1.1197747500000002,1,typeb,renault,mail
2026-01-12 08:00:00,9.279059245839324,1.3377943606769096,0.14417349056983,0,0,1,0.0,0.0,1.1197747500000002,1,typeb,renault,mail
2026-01-12 09:00:00,9.279059245839324,1.3379455806140572,0.1441897874737662,0,0,1,0.0,0.0,1.1197747500000002,1,typeb,renault,mail
2026-01-12 10:00:00,9.279059245839324,4.609337324391969,0.49674618970223394,0,0,1,0.0,0.0,1.1197747500000002,1,typeb,renault,mail
2026-01-12 11:00:00,9.279059245839324,2.7203980576466544,0.29317606295772547,0,0,1,0.0,0.0,1.1197747500000002,1,typeb,renault,mail
2026-01-12 12:00:00,0.0,0.0,0.0,1,1,1,45.0,80.0,1.1197747500000002,1,typeb,renault,mail
2026-01-12 13:00:00,0.0,0.0,0.0,1,1,1,45.0,80.0,1.1197747500000002,1,typeb,renault,mail
2026-01-12 14:00:00,9.279059245839326,1.5651981521436689,0.16868069388020066,0,0,1,0.0,0.0,1.1197747500000002,1,typeb,renault,mail
2026-01-12 15:00:00,9.279059245839326,1.0390456247244921,0.11197747500000002,0,0,1,0.0,0.0,1.1197747500000002,1,typeb,renault,mail
2026-01-12 16:00:00,9.279059245839326,4.675705311260215,0.5038986375000001,0,0,1,0.0,0.0,1.1197747500000002,1,typeb,renault,mail
2026-01-12 17:00:00,9.279059245839326,2.834226491589605,0.3054433015782774,0,0,1,0.0,0.0,1.1197747500000002,1,typeb,renault,mail
2026-01-12 18:00:00,9.279059245839326,1.0390456247244921,0.11197747500000002,0,0,1,0.0,0.0,1.1197747500000002,1,typeb,renault,mail
2026-01-12 19:00:00,0.0,0.0,0.0,1,1,1,45.0,80.0,1.1197747500000002,1,typeb,renault,mail
2026-01-12 20:00:00,0.0,0.0,0.0,1,1,1,45.0,80.0,1.1197747500000002,1,typeb,renault,mail
2026-01-12 21:00:00,0.0,0.0,0.0,1,1,1,45.0,80.0,1.1197747500000002,1,typeb,renault,mail
2026-01-12 22:00:00,0.0,0.0,0.0,1,1,1,45.0,80.0,1.1197747500000002,1,typeb,renault,mail
2026-01-12 23:00:00,0.0,0.0,0.0,1,1,1,45.0,80.0,1.1197747500000002,1,typeb,renault,mail
2026-01-13 00:00:00,0.0,0.0,0.0,1,1,1,45.0,80.0,1.1197747500000002,1,typeb,renault,mail
2026-01-13 01:00:00,0.0,0.0,0.0,1,1,1,45.0,80.0,1.1197747500000002,1,typeb,renault,mail
2026-01-13 02:00:00,0.0,0.0,0.0,1,1,1,45.0,80.0,1.1197747500000002,1,typeb,renault,mail
2026-01-13 03:00:00,0.0,0.0,0.0,1,1,1,45.0,80.0,1.1197747500000002,1,typeb,renault,mail
2026-01-13 04:00:00,0.0,0.0,0.0,1,1,1,45.0,80.0,1.1197747500000002,1,typeb,renault,mail
2026-01-13 05:00:00,0.0,0.0,0.0,1,1,1,45.0,80.0,1.1197747500000002,1,typeb,renault,mail
2026-01-13 06:00:00,0.0,0.0,0.0,1,1,1,45.0,80.0,1.1197747500000002,1,typeb,renault,mail
2026-01-13 07:00:00,12.350387977016673,2.1029839398316486,0.17027675112273188,0,0,1,0.0,0.0,1.12415904,1,typeb,renault,mail
2026-01-13 08:00:00,12.350387977016673,1.6387616579296411,0.13268908320769174,0,0,1,0.0,0.0,1.12415904,1,typeb,renault,mail
2026-01-13 09:00:00,12.350387977016673,2.6140704501712984,0.2116589741986993,0,0,1,0.0,0.0,1.12415904,1,typeb,renault,mail
2026-01-13 10:00:00,12.350387977016673,1.9197719473891777,0.15544223800594423,0,0,1,0.0,0.0,1.12415904,1,typeb,renault,mail
2026-01-13 11:00:00,12.350387977016673,5.396580949016402,0.4369563902817558,0,0,1,0.0,0.0,1.12415904,1,typeb,renault,mail
2026-01-13 12:00:00,0.0,0.0,0.0,1,1,1,45.0,80.0,1.12415904,1,typeb,renault,mail
2026-01-13 13:00:00,12.350387977016673,2.5397090045326025,0.2056379936613204,0,0,1,0.0,0.0,1.12415904,1,typeb,renault,mail
2026-01-13 14:00:00,12.350387977016673,1.388380029187061,0.11241590400000001,0,0,1,0.0,0.0,1.12415904,1,typeb,renault,mail
2026-01-13 15:00:00,12.350387977016673,2.6933269979680463,0.21807630683183116,0,0,1,0.0,0.0,1.12415904,1,typeb,renault,mail
2026-01-13 16:00:00,12.350387977016673,1.70272206820629,0.13786790110358904,0,0,1,0.0,0.0,1.12415904,1,typeb,renault,mail
2026-01-13 17:00:00,12.350387977016673,1.702138213283007,0.13782062688642524,0,0,1,0.0,0.0,1.12415904,1,typeb,renault,mail
2026-01-13 18:00:00,12.350387977016673,5.369484301692432,0.434762398694253,0,0,1,0.0,0.0,1.12415904,1,typeb,renault,mail
2026-01-13 19:00:00,12.350387977016673,2.5913062251296055,0.20981577501466914,0,0,1,0.0,0.0,1.12415904,1,typeb,renault,mail
2026-01-13 20:00:00,12.350387977016673,2.09681489523027,0.16977724903317337,0,0,1,0.0,0.0,1.12415904,1,typeb,renault,mail
2026-01-13 21:00:00,0.0,0.0,0.0,1,1,1,45.0,80.0,1.12415904,1,typeb,renault,mail
2026-01-13 22:00:00,0.0,0.0,0.0,1,1,1,45.0,80.0,1.12415904,1,typeb,renault,mail
2026-01-13 23:00:00,0.0,0.0,0.0,1,1,1,45.0,80.0,1.12415904,1,typeb,renault,mail
2026-01-14 00:00:00,0.0,0.0,0.0,1,1,1,45.0,80.0,1.12415904,1,typeb,renault,mail
2026-01-14 01:00:00,0.0,0.0,0.0,1,1,1,45.0,80.0,1.12415904,1,typeb,renault,mail
2026-01-14 02:00:00,0.0,0.0,0.0,1,1,1,45.0,80.0,1.12415904,1,typeb,renault,mail
2026-01-14 03:00:00,0.0,0.0,0.0,1,1,1,45.0,80.0,1.12415904,1,typeb,renault,mail
2026-01-14 04:00:00,0.0,0.0,0.0,1,1,1,45.0,80.0,1.12415904,1,typeb,renault,mail
2026-01-14 05:00:00,0.0,0.0,0.0,1,1,1,45.0,80.0,1.12415904,1,typeb,renault,mail
2026-01-14 06:00:00,10.763610543314911,3.4106456362363704,0.3168681756471264,0,0,1,0.0,0.0,1.10192,1,typeb,renault,mail
2026-01-14 07:00:00,10.763610543314911,2.5209686322938203,0.23421217463684152,0,0,1,0.0,0.0,1.10192,1,typeb,renault,mail
2026-01-14 08:00:00,10.763610543314911,2.755560252267556,0.2560070564778086,0,0,1,0.0,0.0,1.10192,1,typeb,renault,mail
2026-01-14 09:00:00,10.763610543314911,2.2634245250131557,0.21028487754222294,0,0,1,0.0,0.0,1.10192,1,typeb,renault,mail
2026-01-14 10:00:00,10.763610543314911,4.829904708349485,0.4487253314222943,0,0,1,0.0,0.0,1.10192,1,typeb,renault,mail
2026-01-14 11:00:00,10.763610543314911,1.6915335160157032,0.15715298404830197,0,0,1,0.0,0.0,1.10192,1,typeb,renault,mail
2026-01-14 12:00:00,0.0,0.0,0.0,1,1,1,45.0,80.0,1.10192,1,typeb,renault,mail
2026-01-14 13:00:00,10.763610543314913,2.4618317935124012,0.2287180294758436,0,0,1,0.0,0.0,1.10192,1,typeb,renault,mail
2026-01-14 14:00:00,10.763610543314913,1.5842453574463446,0.14718531027028764,0,0,1,0.0,0.0,1.10192,1,typeb,renault,mail
2026-01-14 15:00:00,10.763610543314913,3.0461336418890435,0.283002959799669,0,0,1,0.0,0.0,1.10192,1,typeb,renault,mail
2026-01-14 16:00:00,10.763610543314913,1.1860637729889572,0.11019200000000001,0,0,1,0.0,0.0,1.10192,1,typeb,renault,mail
2026-01-14 17:00:00,10.763610543314913,2.6619278432803815,0.2473080786942498,0,0,1,0.0,0.0,1.10192,1,typeb,renault,mail
2026-01-14 18:00:00,0.0,0.0,0.0,1,1,1,45.0,80.0,1.10192,1,typeb,renault,mail
2026-01-14 19:00:00,0.0,0.0,0.0,1,1,1,45.0,80.0,1.10192,1,typeb,renault,mail
2026-01-14 20:00:00,0.0,0.0,0.0,1,1,1,45.0,80.0,1.10192,1,typeb,renault,mail
2026-01-14 21:00:00,0.0,0.0,0.0,1,1,1,45.0,80.0,1.10192,1,typeb,renault,mail
2026-01-14 22:00:00,0.0,0.0,0.0,1,1,1,45.0,80.0,1.10192,1,typeb,renault,mail
2026-01-14 23:00:00,0.0,0.0,0.0,1,1,1,45.0,80.0,1.10192,1,typeb,renault,mail
2026-01-01 00:00:00,0.0,0.0,0.0,1,1,2,45.0,80.0,1.0,2,typeb,renault,mail
2026-01-01 01:00:00,0.0,0.0,0.0,1,1,2,45.0,80.0,1.0,2,typeb,renault,mail
2026-01-01 02:00:00,0.0,0.0,0.0,1,1,2,45.0,80.0,1.0,2,typeb,renault,mail
2026-01-01 03:00:00,0.0,0.0,0.0,1,1,2,45.0,80.0,1.0,2,typeb,renault,mail
2026-01-01 04:00:00,0.0,0.0,0.0,1,1,2,45.0,80.0,1.0,2,typeb,renault,mail
2026-01-01 05:00:00,0.0,0.0,0.0,1,1,2,45.0,80.0,1.0,2,typeb,renault,mail
2026-01-01 06:00:00,0.0,0.0,0.0,1,1,2,45.0,80.0,1.0,2,typeb,renault,mail
2026-01-01 07:00:00,9.685009012232802,2.5643648098621012,0.264776708686914,0,0,2,0.0,0.0,1.13291752,2,typeb,renault,mail
2026-01-01 08:00:00,9.685009012232802,1.522959159624286,0.1572491215754873,0,0,2,0.0,0.0,1.13291752,2,typeb,renault,mail
2026-01-01 09:00:00,9.685009012232802,2.7046398157952543,0.279260433560683,0,0,2,0.0,0.0,1.13291752,2,typeb,renault,mail
2026-01-01 10:00:00,9.685009012232802,3.3457470230642743,0.3454562632660823,0,0,2,0.0,0.0,1.13291752,2,typeb,renault,mail
2026-01-01 11:00:00,9.685009012232802,4.937542376092396,0.509812884,0,0,2,0.0,0.0,1.13291752,2,typeb,renault,mail
2026-01-01 12:00:00,9.685009012232802,1.514720955072784,0.15639850754496895,0,0,2,0.0,0.0,1.13291752,2,typeb,renault,mail
2026-01-01 13:00:00,0.0,0.0,0.0,1,1,2,45.0,80.0,1.13291752,2,typeb,renault,mail
2026-01-01 14:00:00,9.685009012232802,1.0972316391316435,0.113291752,0,0,2,0.0,0.0,1.13291752,2,typeb,renault,mail
2026-01-01 15:00:00,9.685009012232802,1.0972316391316435,0.113291752,0,0,2,0.0,0.0,1.13291752,2,typeb,renault,mail
2026-01-01 16:00:00,9.685009012232802,1.921148809983649,0.1983631411759258,0,0,2,0.0,0.0,1.13291752,2,typeb,renault,mail
2026-01-01 17:00:00,9.685009012232802,2.932465875399984,0.3027840110108403,0,0,2,0.0,0.0,1.13291752,2,typeb,renault,mail
2026-01-01 18:00:00,9.685009012232802,1.9811631267448362,0.20455976078519877,0,0,2,0.0,0.0,1.13291752,2,typeb,renault,mail
2026-01-01 19:00:00,9.685009012232802,1.0972316391316435,0.113291752,0,0,2,0.0,0.0,1.13291752,2,typeb,renault,mail
2026-01-01 20:00:00,0.0,0.0,0.0,1,1,2,45.0,80.0,1.13291752,2,typeb,renault,mail
2026-01-01 21:00:00,0.0,0.0,0.0,1,1,2,45.0,80.0,1.13291752,2,typeb,renault,mail
2026-01-01 22:00:00,0.0,0.0,0.0,1,1,2,45.0,80.0,1.13291752,2,typeb,renault,mail
2026-01-01 23:00:00,0.0,0.0,0.0,1,1,2,45.0,80.0,1.13291752,2,typeb,renault,mail
2026-01-02 00:00:00,0.0,0.0,0.0,1,1,2,45.0,80.0,1.13291752,2,typeb,renault,mail
2026-01-02 01:00:00,0.0,0.0,0.0,1,1,2,45.0,80.0,1.13291752,2,typeb,renault,mail
2026-01-02 02:00:00,0.0,0.0,0.0,1,1,2,45.0,80.0,1.13291752,2,typeb,renault,mail
2026-01-02 03:00:00,0.0,0.0,0.0,1,1,2,45.0,80.0,1.13291752,2,typeb,renault,mail
2026-01-02 04:00:00,0.0,0.0,0.0,1,1,2,45.0,80.0,1.13291752,2,typeb,renault,mail
2026-01-02 05:00:00,0.0,0.0,0.0,1,1,2,45.0,80.0,1.13291752,2,typeb,renault,mail
2026-01-02 06:00:00,0.0,0.0,0.0,1,1,2,45.0,80.0,1.13291752,2,typeb,renault,mail
2026-01-02 07:00:00,0.0,0.0,0.0,1,1,2,45.0,80.0,1.13291752,2,typeb,renault,mail
2026-01-02 08:00:00,13.880033768302635,6.054828269807531,0.4362257593086508,0,0,2,0.0,0.0,1.23134816,2,typeb,renault,mail
2026-01-02 09:00:00,13.880033768302635,1.7091154041337318,0.12313481600000001,0,0,2,0.0,0.0,1.23134816,2,typeb,renault,mail
2026-01-02 10:00:00,13.880033768302635,1.7091154041337318,0.12313481600000001,0,0,2,0.0,0.0,1.23134816,2,typeb,renault,mail
2026-01-02 11:00:00,13.880033768302635,4.563613499489677,0.32878979804151826,0,0,2,0.0,0.0,1.23134816,2,typeb,renault,mail
2026-01-02 12:00:00,0.0,0.0,0.0,1,1,2,45.0,80.0,1.23134816,2,typeb,renault,mail
2026-01-02 13:00:00,0.0,0.0,0.0,1,1,2,45.0,80.0,1.23134816,2,typeb,renault,mail
2026-01-02 14:00:00,13.880033768302635,1.7091154041337318,0.12313481600000001,0,0,2,0.0,0.0,1.23134816,2,typeb,renault,mail
2026-01-02 15:00:00,13.880033768302635,7.691019318601793,0.5541066720000001,0,0,2,0.0,0.0,1.23134816,2,typeb,renault,mail
2026-01-02 16:00:00,13.880033768302635,1.8581260752270494,0.13387042900935797,0,0,2,0.0,0.0,1.23134816,2,typeb,renault,mail
2026-01-02 17:00:00,13.880033768302635,2.6561418069905387,0.1913642179355702,0,0,2,0.0,0.0,1.23134816,2,typeb,renault,mail
2026-01-02 18:00:00,13.880033768302635,3.0366769896785284,0.21878023068022248,0,0,2,0.0,0.0,1.23134816,2,typeb,renault,mail
2026-01-02 19:00:00,0.0,0.0,0.0,1,1,2,45.0,80.0,1.23134816,2,typeb,renault,mail
2026-01-02 20:00:00,0.0,0.0,0.0,1,1,2,45.0,80.0,1.23134816,2,typeb,renault,mail
2026-01-02 21:00:00,0.0,0.0,0.0,1,1,2,45.0,80.0,1.23134816,2,typeb,renault,mail
2026-01-02 22:00:00,0.0,0.0,0.0,1,1,2,45.0,80.0,1.23134816,2,typeb,renault,mail
2026-01-02 23:00:00,0.0,0.0,0.0,1,1,2,45.0,80.0,1.23134816,2,typeb,renault,mail
2026-01-03 00:00:00,0.0,0.0,0.0,1,1,2,45.0,80.0,1.23134816,2,typeb,renault,mail
2026-01-03 01:00:00,0.0,0.0,0.0,1,1,2,45.0,80.0,1.23134816,2,typeb,renault,mail
2026-01-03 02:00:00,0.0,0.0,0.0,1,1,2,45.0,80.0,1.23134816,2,typeb,renault,mail
2026-01-03 03:00:00,0.0,0.0,0.0,1,1,2,45.0,80.0,1.23134816,2,typeb,renault,mail
2026-01-03 04:00:00,0.0,0.0,0.0,1,1,2,45.0,80.0,1.23134816,2,typeb,renault,mail
2026-01-03 05:00:00,0.0,0.0,0.0,1,1,2,45.0,80.0,1.23134816,2,typeb,renault,mail
2026-01-03 06:00:00,0.0,0.0,0.0,1,1,2,45.0,80.0,1.23134816,2,typeb,renault,mail
2026-01-03 07:00:00,0.0,0.0,0.0,1,1,2,45.0,80.0,1.23134816,2,typeb,renault,mail
2026-01-03 08:00:00,0.0,0.0,0.0,1,1,2,45.0,80.0,1.23134816,2,typeb,renault,mail
2026-01-03 09:00:00,9.003189453252725,1.4599909245387965,0.16216374565030645,0,0,2,0.0,0.0,1.20636853,2,typeb,renault,mail
2026-01-03 10:00:00,9.003189453252725,1.0861164426031995,0.120636853,0,0,2,0.0,0.0,1.20636853,2,typeb,renault,mail
2026-01-03 11:00:00,9.003189453252725,2.7615858378421607,0.3067341692831354,0,0,2,0.0,0.0,1.20636853,2,typeb,renault,mail
2026-01-03 12:00:00,9.003189453252725,1.0861164426031995,0.120636853,0,0,2,0.0,0.0,1.20636853,2,typeb,renault,mail
2026-01-03 13:00:00,9.003189453252725,1.5911727272959157,0.17673433793188117,0,0,2,0.0,0.0,1.20636853,2,typeb,renault,mail
2026-01-03 14:00:00,9.003189453252725,3.3783668870744896,0.37524111922957853,0,0,2,0.0,0.0,1.20636853,2,typeb,renault,mail
2026-01-03 15:00:00,9.003189453252725,2.8713909148454566,0.3189304112453241,0,0,2,0.0,0.0,1.20636853,2,typeb,renault,mail
2026-01-03 16:00:00,9.003189453252721,1.2605052625447255,0.14000652425339372,0,0,2,0.0,0.0,1.20636853,2,typeb,renault,mail
2026-01-03 17:00:00,9.003189453252721,1.5663726711744483,0.17397975232083343,0,0,2,0.0,0.0,1.20636853,2,typeb,renault,mail
2026-01-03 18:00:00,9.003189453252721,1.3603086134319287,0.151091857001906,0,0,2,0.0,0.0,1.20636853,2,typeb,renault,mail
2026-01-03 19:00:00,9.003189453252721,1.086116442603199,0.120636853,0,0,2,0.0,0.0,1.20636853,2,typeb,renault,mail
2026-01-03 20:00:00,0.0,0.0,0.0,1,1,2,45.0,80.0,1.20636853,2,typeb,renault,mail
2026-01-03 21:00:00,0.0,0.0,0.0,1,1,2,45.0,80.0,1.20636853,2,typeb,renault,mail
2026-01-03 22:00:00,0.0,0.0,0.0,1,1,2,45.0,80.0,1.20636853,2,typeb,renault,mail
2026-01-03 23:00:00,0.0,0.0,0.0,1,1,2,45.0,80.0,1.20636853,2,typeb,renault,mail
2026-01-04 00:00:00,0.0,0.0,0.0,1,1,2,45.0,80.0,1.20636853,2,typeb,renault,mail
2026-01-04 01:00:00,0.0,0.0,0.0,1,1,2,45.0,80.0,1.20636853,2,typeb,renault,mail
2026-01-04 02:00:00,0.0,0.0,0.0,1,1,2,45.0,80.0,1.20636853,2,typeb,renault,mail
2026-01-04 03:00:00,0.0,0.0,0.0,1,1,2,45.0,80.0,1.20636853,2,typeb,renault,mail
2026-01-04 04:00:00,0.0,0.0,0.0,1,1,2,45.0,80.0,1.20636853,2,typeb,renault,mail
2026-01-04 05:00:00,0.0,0.0,0.0,1,1,2,45.0,80.0,1.20636853,2,typeb,renault,mail
2026-01-04 06:00:00,0.0,0.0,0.0,1,1,2,45.0,80.0,1.20636853,2,typeb,renault,mail
2026-01-04 07:00:00,0.0,0.0,0.0,1,1,2,45.0,80.0,1.20636853,2,typeb,renault,mail
2026-01-04 08:00:00,0.0,0.0,0.0,1,1,2,45.0,80.0,1.20636853,2,typeb,renault,mail
2026-01-04 09:00:00,0.0,0.0,0.0,1,1,2,45.0,80.0,1.20636853,2,typeb,renault,mail
2026-01-04 10:00:00,10.813172557278666,3.5007580673618577,0.3237493944370095,0,0,2,0.0,0.0,1.3029730700000002,2,typeb,renault,mail
2026-01-04 11:00:00,10.813172557278666,1.4089272643397135,0.13029730700000003,0,0,2,0.0,0.0,1.3029730700000002,2,typeb,renault,mail
2026-01-04 12:00:00,10.813172557278666,1.4089272643397135,0.13029730700000003,0,0,2,0.0,0.0,1.3029730700000002,2,typeb,renault,mail
2026-01-04 13:00:00,10.813172557278666,1.4089272643397135,0.13029730700000003,0,0,2,0.0,0.0,1.3029730700000002,2,typeb,renault,mail
2026-01-04 14:00:00,10.813172557278666,1.8032826624837506,0.16676721405596248,0,0,2,0.0,0.0,1.3029730700000002,2,typeb,renault,mail
2026-01-04 15:00:00,10.813172557278666,2.8645012714296136,0.26490849528720717,0,0,2,0.0,0.0,1.3029730700000002,2,typeb,renault,mail
2026-01-04 16:00:00,10.813172557278666,1.4089272643397135,0.13029730700000003,0,0,2,0.0,0.0,1.3029730700000002,2,typeb,renault,mail
2026-01-04 17:00:00,10.813172557278666,6.340172689528711,0.5863378815000001,0,0,2,0.0,0.0,1.3029730700000002,2,typeb,renault,mail
2026-01-04 18:00:00,10.813172557278666,3.1184908944506455,0.2883974039932894,0,0,2,0.0,0.0,1.3029730700000002,2,typeb,renault,mail
2026-01-04 19:00:00,0.0,0.0,0.0,1,1,2,45.0,80.0,1.3029730700000002,2,typeb,renault,mail
2026-01-04 20:00:00,0.0,0.0,0.0,1,1,2,45.0,80.0,1.3029730700000002,2,typeb,renault,mail
2026-01-04 21:00:00,0.0,0.0,0.0,1,1,2,45.0,80.0,1.3029730700000002,2,typeb,renault,mail
2026-01-04 22:00:00,0.0,0.0,0.0,1,1,2,45.0,80.0,1.3029730700000002,2,typeb,renault,mail
2026-01-04 23:00:00,0.0,0.0,0.0,1,1,2,45.0,80.0,1.3029730700000002,2,typeb,renault,mail
2026-01-05 00:00:00,0.0,0.0,0.0,1,1,2,45.0,80.0,1.3029730700000002,2,typeb,renault,mail
2026-01-05 01:00:00,0.0,0.0,0.0,1,1,2,45.0,80.0,1.3029730700000002,2,typeb,renault,mail
2026-01-05 02:00:00,0.0,0.0,0.0,1,1,2,45.0,80.0,1.3029730700000002,2,typeb,renault,mail
2026-01-05 03:00:00,0.0,0.0,0.0,1,1,2,45.0,80.0,1.3029730700000002,2,typeb,renault,mail
2026-01-05 04:00:00,0.0,0.0,0.0,1,1,2,45.0,80.0,1.3029730700000002,2,typeb,renault,mail
2026-01-05 05:00:00,0.0,0.0,0.0,1,1,2,45.0,80.0,1.3029730700000002,2,typeb,renault,mail
2026-01-05 06:00:00,7.537621297396477,1.7393086359669194,0.23075033453427585,0,0,2,0.0,0.0,1.21493373,2,typeb,renault,mail
2026-01-05 07:00:00,7.537621297396477,1.4230396057765895,0.188791602765731,0,0,2,0.0,0.0,1.21493373,2,typeb,renault,mail
2026-01-05 08:00:00,7.537621297396477,1.6659220918145012,0.22101429961596997,0,0,2,0.0,0.0,1.21493373,2,typeb,renault,mail
2026-01-05 09:00:00,7.537621297396477,1.2674639479895187,0.1681517149750287,0,0,2,0.0,0.0,1.21493373,2,typeb,renault,mail
2026-01-05 10:00:00,7.537621297396477,0.9157710358173342,0.12149337300000002,0,0,2,0.0,0.0,1.21493373,2,typeb,renault,mail
2026-01-05 11:00:00,7.537621297396477,2.4309317842645646,0.3225064895611322,0,0,2,0.0,0.0,1.21493373,2,typeb,renault,mail
2026-01-05 12:00:00,7.537621297396477,1.6792403784950107,0.22278120805499035,0,0,2,0.0,0.0,1.21493373,2,typeb,renault,mail
2026-01-05 13:00:00,7.537621297396479,2.6414531636199934,0.35043590801415836,0,0,2,0.0,0.0,1.21493373,2,typeb,renault,mail
2026-01-05 14:00:00,7.537621297396479,1.3436204128599576,0.17825522931538745,0,0,2,0.0,0.0,1.21493373,2,typeb,renault,mail
2026-01-05 15:00:00,7.537621297396479,0.9157710358173344,0.12149337300000002,0,0,2,0.0,0.0,1.21493373,2,typeb,renault,mail
2026-01-05 16:00:00,7.537621297396479,1.0787198115719898,0.14311143648787228,0,0,2,0.0,0.0,1.21493373,2,typeb,renault,mail
2026-01-05 17:00:00,7.537621297396479,1.6569412557966006,0.2198228314241409,0,0,2,0.0,0.0,1.21493373,2,typeb,renault,mail
2026-01-05 18:00:00,7.537621297396479,0.9157710358173344,0.12149337300000002,0,0,2,0.0,0.0,1.21493373,2,typeb,renault,mail
2026-01-05 19:00:00,7.537621297396479,1.0405720810382553,0.13805045915449116,0,0,2,0.0,0.0,1.21493373,2,typeb,renault,mail
2026-01-05 20:00:00,7.537621297396479,2.1777401051680116,0.288916094248488,0,0,2,0.0,0.0,1.21493373,2,typeb,renault,mail
2026-01-05 21:00:00,0.0,0.0,0.0,1,1,2,45.0,80.0,1.21493373,2,typeb,renault,mail
2026-01-05 22:00:00,0.0,0.0,0.0,1,1,2,45.0,80.0,1.21493373,2,typeb,renault,mail
2026-01-05 23:00:00,0.0,0.0,0.0,1,1,2,45.0,80.0,1.21493373,2,typeb,renault,mail
2026-01-06 00:00:00,0.0,0.0,0.0,1,1,2,45.0,80.0,1.21493373,2,typeb,renault,mail
2026-01-06 01:00:00,0.0,0.0,0.0,1,1,2,45.0,80.0,1.21493373,2,typeb,renault,mail
2026-01-06 02:00:00,0.0,0.0,0.0,1,1,2,45.0,80.0,1.21493373,2,typeb,renault,mail
2026-01-06 03:00:00,0.0,0.0,0.0,1,1,2,45.0,80.0,1.21493373,2,typeb,renault,mail
2026-01-06 04:00:00,0.0,0.0,0.0,1,1,2,45.0,80.0,1.21493373,2,typeb,renault,mail
2026-01-06 05:00:00,7.913397617153942,1.6546617266898924,0.2090962449685414,0,0,2,0.0,0.0,1.31556704,2,typeb,renault,mail
2026-01-06 06:00:00,7.913397617153942,3.841325695408293,0.48542053378960986,0,0,2,0.0,0.0,1.31556704,2,typeb,renault,mail
2026-01-06 07:00:00,7.913397617153942,2.270960544198319,0.2869766760203655,0,0,2,0.0,0.0,1.31556704,2,typeb,renault,mail
2026-01-06 08:00:00,7.913397617153942,1.8309330294893296,0.23137129183555744,0,0,2,0.0,0.0,1.31556704,2,typeb,renault,mail
2026-01-06 09:00:00,7.913397617153942,4.684772285794019,0.592005168,0,0,2,0.0,0.0,1.31556704,2,typeb,renault,mail
2026-01-06 10:00:00,7.913397617153942,1.1355878965886865,0.14350193829854607,0,0,2,0.0,0.0,1.31556704,2,typeb,renault,mail
2026-01-06 11:00:00,7.913397617153942,1.0410605079542263,0.131556704,0,0,2,0.0,0.0,1.31556704,2,typeb,renault,mail
2026-01-06 12:00:00,0.0,0.0,0.0,1,1,2,45.0,80.0,1.31556704,2,typeb,renault,mail
2026-01-06 13:00:00,0.0,0.0,0.0,1,1,2,45.0,80.0,1.31556704,2,typeb,renault,mail
2026-01-06 14:00:00,7.913397617153942,2.106642224732061,0.26621210340365986,0,0,2,0.0,0.0,1.31556704,2,typeb,renault,mail
2026-01-06 15:00:00,7.913397617153942,1.0612391638729184,0.13410663980443255,0,0,2,0.0,0.0,1.31556704,2,typeb,renault,mail
2026-01-06 16:00:00,7.913397617153942,1.0410605079542263,0.131556704,0,0,2,0.0,0.0,1.31556704,2,typeb,renault,mail
2026-01-06 17:00:00,7.913397617153942,1.0410605079542263,0.131556704,0,0,2,0.0,0.0,1.31556704,2,typeb,renault,mail
2026-01-06 18:00:00,7.913397617153942,1.5599258464857897,0.19712466401338466,0,0,2,0.0,0.0,1.31556704,2,typeb,renault,mail
2026-01-06 19:00:00,7.913397617153942,4.684772285794019,0.592005168,0,0,2,0.0,0.0,1.31556704,2,typeb,renault,mail
2026-01-06 20:00:00,0.0,0.0,0.0,1,1,2,45.0,80.0,1.31556704,2,typeb,renault,mail
2026-01-06 21:00:00,0.0,0.0,0.0,1,1,2,45.0,80.0,1.31556704,2,typeb,renault,mail
2026-01-06 22:00:00,0.0,0.0,0.0,1,1,2,45.0,80.0,1.31556704,2,typeb,renault,mail
2026-01-06 23:00:00,0.0,0.0,0.0,1,1,2,45.0,80.0,1.31556704,2,typeb,renault,mail
2026-01-07 00:00:00,0.0,0.0,0.0,1,1,2,45.0,80.0,1.31556704,2,typeb,renault,mail
2026-01-07 01:00:00,0.0,0.0,0.0,1,1,2,45.0,80.0,1.31556704,2,typeb,renault,mail
2026-01-07 02:00:00,0.0,0.0,0.0,1,1,2,45.0,80.0,1.31556704,2,typeb,renault,mail
2026-01-07 03:00:00,0.0,0.0,0.0,1,1,2,45.0,80.0,1.31556704,2,typeb,renault,mail
2026-01-07 04:00:00,0.0,0.0,0.0,1,1,2,45.0,80.0,1.31556704,2,typeb,renault,mail
2026-01-07 05:00:00,0.0,0.0,0.0,1,1,2,45.0,80.0,1.31556704,2,typeb,renault,mail
2026-01-07 06:00:00,0.0,0.0,0.0,1,1,2,45.0,80.0,1.31556704,2,typeb,renault,mail
2026-01-07 07:00:00,9.629759947597934,1.459248620706766,0.15153530603540785,0,0,2,0.0,0.0,1.25926432,2,typeb,renault,mail
2026-01-07 08:00:00,9.629759947597934,1.7340900407275095,0.18007614417845008,0,0,2,0.0,0.0,1.25926432,2,typeb,renault,mail
2026-01-07 09:00:00,9.629759947597934,1.212641311217515,0.125926432,0,0,2,0.0,0.0,1.25926432,2,typeb,renault,mail
2026-01-07 10:00:00,9.629759947597934,1.212641311217515,0.125926432,0,0,2,0.0,0.0,1.25926432,2,typeb,renault,mail
2026-01-07 11:00:00,9.629759947597934,4.790849089499366,0.4975045188633601,0,0,2,0.0,0.0,1.25926432,2,typeb,renault,mail
2026-01-07 12:00:00,9.629759947597934,2.3258855221695947,0.24153099712000278,0,0,2,0.0,0.0,1.25926432,2,typeb,renault,mail
2026-01-07 13:00:00,9.629759947597934,3.756461709076251,0.3900888214781792,0,0,2,0.0,0.0,1.25926432,2,typeb,renault,mail
2026-01-07 14:00:00,9.629759947597934,2.3599485977120005,0.24506826863328723,0,0,2,0.0,0.0,1.25926432,2,typeb,renault,mail
2026-01-07 15:00:00,9.629759947597934,1.212641311217515,0.125926432,0,0,2,0.0,0.0,1.25926432,2,typeb,renault,mail
2026-01-07 16:00:00,9.629759947597934,4.404213433425587,0.4573544363921744,0,0,2,0.0,0.0,1.25926432,2,typeb,renault,mail
2026-01-07 17:00:00,9.629759947597934,2.1815005672933117,0.22653737779179733,0,0,2,0.0,0.0,1.25926432,2,typeb,renault,mail
2026-01-07 18:00:00,9.629759947597934,1.7316340708639382,0.1798211046056117,0,0,2,0.0,0.0,1.25926432,2,typeb,renault,mail
2026-01-07 19:00:00,9.629759947597934,4.821673624576115,0.5007054849564389,0,0,2,0.0,0.0,1.25926432,2,typeb,renault,mail
2026-01-07 20:00:00,0.0,0.0,0.0,1,1,2,45.0,80.0,1.25926432,2,typeb,renault,mail
2026-01-07 21:00:00,0.0,0.0,0.0,1,1,2,45.0,80.0,1.25926432,2,typeb,renault,mail
2026-01-07 22:00:00,0.0,0.0,0.0,1,1,2,45.0,80.0,1.25926432,2,typeb,renault,mail
2026-01-07 23:00:00,0.0,0.0,0.0,1,1,2,45.0,80.0,1.25926432,2,typeb,renault,mail
2026-01-08 00:00:00,0.0,0.0,0.0,1,1,2,45.0,80.0,1.25926432,2,typeb,renault,mail
2026-01-08 01:00:00,0.0,0.0,0.0,1,1,2,45.0,80.0,1.25926432,2,typeb,renault,mail
2026-01-08 02:00:00,0.0,0.0,0.0,1,1,2,45.0,80.0,1.25926432,2,typeb,renault,mail
2026-01-08 03:00:00,0.0,0.0,0.0,1,1,2,45.0,80.0,1.25926432,2,typeb,renault,mail
2026-01-08 04:00:00,0.0,0.0,0.0,1,1,2,45.0,80.0,1.25926432,2,typeb,renault,mail
2026-01-08 05:00:00,0.0,0.0,0.0,1,1,2,45.0,80.0,1.25926432,2,typeb,renault,mail
2026-01-08 06:00:00,0.0,0.0,0.0,1,1,2,45.0,80.0,1.25926432,2,typeb,renault,mail
2026-01-08 07:00:00,0.0,0.0,0.0,1,1,2,45.0,80.0,1.25926432,2,typeb,renault,mail
2026-01-08 08:00:00,9.852409999470625,2.2111027301548716,0.22442252507494867,0,0,2,0.0,0.0,1.16541536,2,typeb,renault,mail
2026-01-08 09:00:00,9.852409999470625,3.3987547387999126,0.3449668394821703,0,0,2,0.0,0.0,1.16541536,2,typeb,renault,mail
2026-01-08 10:00:00,9.852409999470625,2.491483332352528,0.2528805979944396,0,0,2,0.0,0.0,1.16541536,2,typeb,renault,mail
2026-01-08 11:00:00,9.852409999470625,3.0617422935808967,0.3107607472431015,0,0,2,0.0,0.0,1.16541536,2,typeb,renault,mail
2026-01-08 12:00:00,0.0,0.0,0.0,1,1,2,45.0,80.0,1.16541536,2,typeb,renault,mail
2026-01-08 13:00:00,9.852409999470622,1.7999308747217166,0.18268940034148276,0,0,2,0.0,0.0,1.16541536,2,typeb,renault,mail
2026-01-08 14:00:00,9.852409999470622,1.2042317779729579,0.12222712798570727,0,0,2,0.0,0.0,1.16541536,2,typeb,renault,mail
2026-01-08 15:00:00,9.852409999470622,1.1791518510087782,0.11968156532991776,0,0,2,0.0,0.0,1.16541536,2,typeb,renault,mail
2026-01-08 16:00:00,9.852409999470622,2.965564374551773,0.3009988799401482,0,0,2,0.0,0.0,1.16541536,2,typeb,renault,mail
2026-01-08 17:00:00,9.852409999470622,1.273411838409416,0.12924876639094776,0,0,2,0.0,0.0,1.16541536,2,typeb,renault,mail
2026-01-08 18:00:00,9.852409999470622,4.98988517261514,0.5064634107678477,0,0,2,0.0,0.0,1.16541536,2,typeb,renault,mail
2026-01-08 19:00:00,9.852409999470622,2.176348249682178,0.22089501449890075,0,0,2,0.0,0.0,1.16541536,2,typeb,renault,mail
2026-01-08 20:00:00,0.0,0.0,0.0,1,1,2,45.0,80.0,1.16541536,2,typeb,renault,mail
2026-01-08 21:00:00,0.0,0.0,0.0,1,1,2,45.0,80.0,1.16541536,2,typeb,renault,mail
2026-01-08 22:00:00,0.0,0.0,0.0,1,1,2,45.0,80.0,1.16541536,2,typeb,renault,mail
2026-01-08 23:00:00,0.0,0.0,0.0,1,1,2,45.0,80.0,1.16541536,2,typeb,renault,mail
2026-01-09 00:00:00,0.0,0.0,0.0,1,1,2,45.0,80.0,1.16541536,2,typeb,renault,mail
2026-01-09 01:00:00,0.0,0.0,0.0,1,1,2,45.0,80.0,1.16541536,2,typeb,renault,mail
2026-01-09 02:00:00,0.0,0.0,0.0,1,1,2,45.0,80.0,1.16541536,2,typeb,renault,mail
2026-01-09 03:00:00,0.0,0.0,0.0,1,1,2,45.0,80.0,1.16541536,2,typeb,renault,mail
2026-01-09 04:00:00,0.0,0.0,0.0,1,1,2,45.0,80.0,1.16541536,2,typeb,renault,mail
2026-01-09 05:00:00,0.0,0.0,0.0,1,1,2,45.0,80.0,1.16541536,2,typeb,renault,mail
2026-01-09 06:00:00,0.0,0.0,0.0,1,1,2,45.0,80.0,1.16541536,2,typeb,renault,mail
2026-01-09 07:00:00,9.34433696497329,3.26876473067311,0.3498123775850428,0,0,2,0.0,0.0,1.13480256,2,typeb,renault,mail
2026-01-09 08:00:00,9.34433696497329,1.060397750935432,0.113480256,0,0,2,0.0,0.0,1.13480256,2,typeb,renault,mail
2026-01-09 09:00:00,9.34433696497329,1.060397750935432,0.113480256,0,0,2,0.0,0.0,1.13480256,2,typeb,renault,mail
2026-01-09 10:00:00,9.34433696497329,4.771789879209444,0.5106611520000001,0,0,2,0.0,0.0,1.13480256,2,typeb,renault,mail
2026-01-09 11:00:00,9.34433696497329,1.060397750935432,0.113480256,0,0,2,0.0,0.0,1.13480256,2,typeb,renault,mail
2026-01-09 12:00:00,9.34433696497329,1.060397750935432,0.113480256,0,0,2,0.0,0.0,1.13480256,2,typeb,renault,mail
2026-01-09 13:00:00,0.0,0.0,0.0,1,1,2,45.0,80.0,1.13480256,2,typeb,renault,mail
2026-01-09 14:00:00,9.344336964973293,1.4281519744085713,0.15283609524805414,0,0,2,0.0,0.0,1.13480256,2,typeb,renault,mail
2026-01-09 15:00:00,9.344336964973293,3.1838252308983233,0.3407224335801147,0,0,2,0.0,0.0,1.13480256,2,typeb,renault,mail
2026-01-09 16:00:00,9.344336964973293,1.0603977509354323,0.113480256,0,0,2,0.0,0.0,1.13480256,2,typeb,renault,mail
2026-01-09 17:00:00,9.344336964973293,1.1532080964559608,0.12341251185383134,0,0,2,0.0,0.0,1.13480256,2,typeb,renault,mail
2026-01-09 18:00:00,9.344336964973293,1.0603977509354323,0.113480256,0,0,2,0.0,0.0,1.13480256,2,typeb,renault,mail
2026-01-09 19:00:00,9.344336964973293,1.0603977509354323,0.113480256,0,0,2,0.0,0.0,1.13480256,2,typeb,renault,mail
2026-01-09 20:00:00,0.0,0.0,0.0,1,1,2,45.0,80.0,1.13480256,2,typeb,renault,mail
2026-01-09 21:00:00,0.0,0.0,0.0,1,1,2,45.0,80.0,1.13480256,2,typeb,renault,mail
2026-01-09 22:00:00,0.0,0.0,0.0,1,1,2,45.0,80.0,1.13480256,2,typeb,renault,mail
2026-01-09 23:00:00,0.0,0.0,0.0,1,1,2,45.0,80.0,1.13480256,2,typeb,renault,mail
2026-01-10 00:00:00,0.0,0.0,0.0,1,1,2,45.0,80.0,1.13480256,2,typeb,renault,mail
2026-01-10 01:00:00,0.0,0.0,0.0,1,1,2,45.0,80.0,1.13480256,2,typeb,renault,mail
2026-01-10 02:00:00,0.0,0.0,0.0,1,1,2,45.0,80.0,1.13480256,2,typeb,renault,mail
2026-01-10 03:00:00,0.0,0.0,0.0,1,1,2,45.0,80.0,1.13480256,2,typeb,renault,mail
2026-01-10 04:00:00,0.0,0.0,0.0,1,1,2,45.0,80.0,1.13480256,2,typeb,renault,mail
2026-01-10 05:00:00,0.0,0.0,0.0,1,1,2,45.0,80.0,1.13480256,2,typeb,renault,mail
2026-01-10 06:00:00,0.0,0.0,0.0,1,1,2,45.0,80.0,1.13480256,2,typeb,renault,mail
2026-01-10 07:00:00,0.0,0.0,0.0,1,1,2,45.0,80.0,1.13480256,2,typeb,renault,mail
2026-01-10 08:00:00,0.0,0.0,0.0,1,1,2,45.0,80.0,1.13480256,2,typeb,renault,mail
2026-01-10 09:00:00,9.349411215924109,1.4687636983363048,0.15709691919793584,0,0,2,0.0,0.0,1.18959,2,typeb,renault,mail
2026-01-10 10:00:00,9.349411215924109,3.4894040937324653,0.3732218011535572,0,0,2,0.0,0.0,1.18959,2,typeb,renault,mail
2026-01-10 11:00:00,9.349411215924109,5.004884739758022,0.5353154999999999,0,0,2,0.0,0.0,1.18959,2,typeb,renault,mail
2026-01-10 12:00:00,9.349411215924109,1.20645249777324,0.12904047858312032,0,0,2,0.0,0.0,1.18959,2,typeb,renault,mail
2026-01-10 13:00:00,9.349411215924109,2.3083143628084697,0.24689408878250016,0,0,2,0.0,0.0,1.18959,2,typeb,renault,mail
2026-01-10 14:00:00,9.349411215924109,1.112196608835116,0.118959,0,0,2,0.0,0.0,1.18959,2,typeb,renault,mail
2026-01-10 15:00:00,9.349411215924109,1.112196608835116,0.118959,0,0,2,0.0,0.0,1.18959,2,typeb,renault,mail
2026-01-10 16:00:00,9.349411215924107,2.2719464582970024,0.24300422837615454,0,0,2,0.0,0.0,1.18959,2,typeb,renault,mail
2026-01-10 17:00:00,9.349411215924107,1.3106994216089343,0.1401905843414529,0,0,2,0.0,0.0,1.18959,2,typeb,renault,mail
2026-01-10 18:00:00,9.349411215924107,1.3031803094058352,0.13938635057427276,0,0,2,0.0,0.0,1.18959,2,typeb,renault,mail
2026-01-10 19:00:00,0.0,0.0,0.0,1,1,2,45.0,80.0,1.18959,2,typeb,renault,mail
2026-01-10 20:00:00,0.0,0.0,0.0,1,1,2,45.0,80.0,1.18959,2,typeb,renault,mail
2026-01-10 21:00:00,0.0,0.0,0.0,1,1,2,45.0,80.0,1.18959,2,typeb,renault,mail
2026-01-10 22:00:00,0.0,0.0,0.0,1,1,2,45.0,80.0,1.18959,2,typeb,renault,mail
2026-01-10 23:00:00,0.0,0.0,0.0,1,1,2,45.0,80.0,1.18959,2,typeb,renault,mail
2026-01-11 00:00:00,0.0,0.0,0.0,1,1,2,45.0,80.0,1.18959,2,typeb,renault,mail
2026-01-11 01:00:00,0.0,0.0,0.0,1,1,2,45.0,80.0,1.18959,2,typeb,renault,mail
2026-01-11 02:00:00,0.0,0.0,0.0,1,1,2,45.0,80.0,1.18959,2,typeb,renault,mail
2026-01-11 03:00:00,0.0,0.0,0.0,1,1,2,45.0,80.0,1.18959,2,typeb,renault,mail
2026-01-11 04:00:00,0.0,0.0,0.0,1,1,2,45.0,80.0,1.18959,2,typeb,renault,mail
2026-01-11 05:00:00,0.0,0.0,0.0,1,1,2,45.0,80.0,1.18959,2,typeb,renault,mail
2026-01-11 06:00:00,0.0,0.0,0.0,1,1,2,45.0,80.0,1.18959,2,typeb,renault,mail
2026-01-11 07:00:00,0.0,0.0,0.0,1,1,2,45.0,80.0,1.18959,2,typeb,renault,mail
2026-01-11 08:00:00,0.0,0.0,0.0,1,1,2,45.0,80.0,1.18959,2,typeb,renault,mail
2026-01-11 09:00:00,0.0,0.0,0.0,1,1,2,45.0,80.0,1.18959,2,typeb,renault,mail
2026-01-11 10:00:00,7.640755783048892,0.9711095804008503,0.12709601091495012,0,0,2,0.0,0.0,1.12204732,2,typeb,renault,mail
2026-01-11 11:00:00,7.640755783048892,1.5437746646963186,0.20204475951465445,0,0,2,0.0,0.0,1.12204732,2,typeb,renault,mail
2026-01-11 12:00:00,7.640755783048892,0.8573289549144512,0.11220473200000002,0,0,2,0.0,0.0,1.12204732,2,typeb,renault,mail
2026-01-11 13:00:00,7.640755783048892,1.2001458432142869,0.15707161402499276,0,0,2,0.0,0.0,1.12204732,2,typeb,renault,mail
2026-01-11 14:00:00,7.640755783048892,0.8573289549144512,0.11220473200000002,0,0,2,0.0,0.0,1.12204732,2,typeb,renault,mail
2026-01-11 15:00:00,7.640755783048892,1.6794541447021627,0.2198020971208178,0,0,2,0.0,0.0,1.12204732,2,typeb,renault,mail
2026-01-11 16:00:00,7.640755783048892,0.8573289549144512,0.11220473200000002,0,0,2,0.0,0.0,1.12204732,2,typeb,renault,mail
2026-01-11 17:00:00,7.640755783048892,0.8573289549144512,0.11220473200000002,0,0,2,0.0,0.0,1.12204732,2,typeb,renault,mail
2026-01-11 18:00:00,7.640755783048892,1.1241511341915764,0.14712564648192517,0,0,2,0.0,0.0,1.12204732,2,typeb,renault,mail
2026-01-11 19:00:00,0.0,0.0,0.0,1,1,2,45.0,80.0,1.12204732,2,typeb,renault,mail
2026-01-11 20:00:00,0.0,0.0,0.0,1,1,2,45.0,80.0,1.12204732,2,typeb,renault,mail
2026-01-11 21:00:00,0.0,0.0,0.0,1,1,2,45.0,80.0,1.12204732,2,typeb,renault,mail
2026-01-11 22:00:00,0.0,0.0,0.0,1,1,2,45.0,80.0,1.12204732,2,typeb,renault,mail
2026-01-11 23:00:00,0.0,0.0,0.0,1,1,2,45.0,80.0,1.12204732,2,typeb,renault,mail
2026-01-12 00:00:00,0.0,0.0,0.0,1,1,2,45.0,80.0,1.12204732,2,typeb,renault,mail
2026-01-12 01:00:00,0.0,0.0,0.0,1,1,2,45.0,80.0,1.12204732,2,typeb,renault,mail
2026-01-12 02:00:00,0.0,0.0,0.0,1,1,2,45.0,80.0,1.12204732,2,typeb,renault,mail
2026-01-12 03:00:00,0.0,0.0,0.0,1,1,2,45.0,80.0,1.12204732,2,typeb,renault,mail
2026-01-12 04:00:00,0.0,0.0,0.0,1,1,2,45.0,80.0,1.12204732,2,typeb,renault,mail
2026-01-12 05:00:00,0.0,0.0,0.0,1,1,2,45.0,80.0,1.12204732,2,typeb,renault,mail
2026-01-12 06:00:00,0.0,0.0,0.0,1,1,2,45.0,80.0,1.12204732,2,typeb,renault,mail
2026-01-12 07:00:00,6.213640516918332,1.195046538275783,0.19232630774534556,0,0,2,0.0,0.0,1.1197747500000002,2,typeb,renault,mail
2026-01-12 08:00:00,6.213640516918332,2.9297266173314163,0.47149921360182256,0,0,2,0.0,0.0,1.1197747500000002,2,typeb,renault,mail
2026-01-12 09:00:00,6.213640516918332,0.9923711810395119,0.15970849590308783,0,0,2,0.0,0.0,1.1197747500000002,2,typeb,renault,mail
2026-01-12 10:00:00,6.213640516918332,1.7906277099654984,0.28817690773871224,0,0,2,0.0,0.0,1.1197747500000002,2,typeb,renault,mail
2026-01-12 11:00:00,6.213640516918332,0.7052588786604862,0.1135017187975755,0,0,2,0.0,0.0,1.1197747500000002,2,typeb,renault,mail
2026-01-12 12:00:00,6.213640516918332,0.9930843464635462,0.15982327007164368,0,0,2,0.0,0.0,1.1197747500000002,2,typeb,renault,mail
2026-01-12 13:00:00,6.213640516918332,1.546805893338588,0.24893713904545764,0,0,2,0.0,0.0,1.1197747500000002,2,typeb,renault,mail
2026-01-12 14:00:00,6.213640516918332,0.6957877756422098,0.11197747500000002,0,0,2,0.0,0.0,1.1197747500000002,2,typeb,renault,mail
2026-01-12 15:00:00,6.213640516918332,1.0931739460560634,0.17593131483541719,0,0,2,0.0,0.0,1.1197747500000002,2,typeb,renault,mail
2026-01-12 16:00:00,6.213640516918332,0.8283199824642338,0.1333067112925034,0,0,2,0.0,0.0,1.1197747500000002,2,typeb,renault,mail
2026-01-12 17:00:00,6.213640516918332,1.7687568901842943,0.2846571000315147,0,0,2,0.0,0.0,1.1197747500000002,2,typeb,renault,mail
2026-01-12 18:00:00,6.213640516918332,3.131044990389944,0.5038986375000001,0,0,2,0.0,0.0,1.1197747500000002,2,typeb,renault,mail
2026-01-12 19:00:00,0.0,0.0,0.0,1,1,2,45.0,80.0,1.1197747500000002,2,typeb,renault,mail
2026-01-12 20:00:00,0.0,0.0,0.0,1,1,2,45.0,80.0,1.1197747500000002,2,typeb,renault,mail
2026-01-12 21:00:00,0.0,0.0,0.0,1,1,2,45.0,80.0,1.1197747500000002,2,typeb,renault,mail
2026-01-12 22:00:00,0.0,0.0,0.0,1,1,2,45.0,80.0,1.1197747500000002,2,typeb,renault,mail
2026-01-12 23:00:00,0.0,0.0,0.0,1,1,2,45.0,80.0,1.1197747500000002,2,typeb,renault,mail
2026-01-13 00:00:00,0.0,0.0,0.0,1,1,2,45.0,80.0,1.1197747500000002,2,typeb,renault,mail
2026-01-13 01:00:00,0.0,0.0,0.0,1,1,2,45.0,80.0,1.1197747500000002,2,typeb,renault,mail
2026-01-13 02:00:00,0.0,0.0,0.0,1,1,2,45.0,80.0,1.1197747500000002,2,typeb,renault,mail
2026-01-13 03:00:00,0.0,0.0,0.0,1,1,2,45.0,80.0,1.1197747500000002,2,typeb,renault,mail
2026-01-13 04:00:00,0.0,0.0,0.0,1,1,2,45.0,80.0,1.1197747500000002,2,typeb,renault,mail
2026-01-13 05:00:00,0.0,0.0,0.0,1,1,2,45.0,80.0,1.1197747500000002,2,typeb,renault,mail
2026-01-13 06:00:00,0.0,0.0,0.0,1,1,2,45.0,80.0,1.1197747500000002,2,typeb,renault,mail
2026-01-13 07:00:00,12.224930990001651,1.374276668578651,0.11241590400000001,0,0,2,0.0,0.0,1.12415904,2,typeb,renault,mail
2026-01-13 08:00:00,12.224930990001651,2.1360994584576067,0.17473304840777004,0,0,2,0.0,0.0,1.12415904,2,typeb,renault,mail
2026-01-13 09:00:00,12.224930990001651,1.9443046186012936,0.1590442203879493,0,0,2,0.0,0.0,1.12415904,2,typeb,renault,mail
2026-01-13 10:00:00,12.224930990001651,2.028271085298968,0.16591268179409938,0,0,2,0.0,0.0,1.12415904,2,typeb,renault,mail
2026-01-13 11:00:00,12.224930990001651,1.378022609651961,0.11272232217744199,0,0,2,0.0,0.0,1.12415904,2,typeb,renault,mail
2026-01-13 12:00:00,0.0,0.0,0.0,1,1,2,45.0,80.0,1.12415904,2,typeb,renault,mail
2026-01-13 13:00:00,12.22493099000165,5.776170480306489,0.4724910500542392,0,0,2,0.0,0.0,1.12415904,2,typeb,renault,mail
2026-01-13 14:00:00,12.22493099000165,2.8175489142028773,0.23047564984270702,0,0,2,0.0,0.0,1.12415904,2,typeb,renault,mail
2026-01-13 15:00:00,12.22493099000165,2.514869251271733,0.20571643744480508,0,0,2,0.0,0.0,1.12415904,2,typeb,renault,mail
2026-01-13 16:00:00,12.22493099000165,3.8138020931397882,0.31196921244455006,0,0,2,0.0,0.0,1.12415904,2,typeb,renault,mail
2026-01-13 17:00:00,12.22493099000165,2.5825793319041193,0.21125512561308704,0,0,2,0.0,0.0,1.12415904,2,typeb,renault,mail
2026-01-13 18:00:00,12.22493099000165,2.1378004266028166,0.17487218769179555,0,0,2,0.0,0.0,1.12415904,2,typeb,renault,mail
2026-01-13 19:00:00,12.22493099000165,2.4708737905651326,0.20211760643769486,0,0,2,0.0,0.0,1.12415904,2,typeb,renault,mail
2026-01-13 20:00:00,12.22493099000165,2.5312289296770363,0.2070546600015363,0,0,2,0.0,0.0,1.12415904,2,typeb,renault,mail
2026-01-13 21:00:00,0.0,0.0,0.0,1,1,2,45.0,80.0,1.12415904,2,typeb,renault,mail
2026-01-13 22:00:00,0.0,0.0,0.0,1,1,2,45.0,80.0,1.12415904,2,typeb,renault,mail
2026-01-13 23:00:00,0.0,0.0,0.0,1,1,2,45.0,80.0,1.12415904,2,typeb,renault,mail
2026-01-14 00:00:00,0.0,0.0,0.0,1,1,2,45.0,80.0,1.12415904,2,typeb,renault,mail
2026-01-14 01:00:00,0.0,0.0,0.0,1,1,2,45.0,80.0,1.12415904,2,typeb,renault,mail
2026-01-14 02:00:00,0.0,0.0,0.0,1,1,2,45.0,80.0,1.12415904,2,typeb,renault,mail
2026-01-14 03:00:00,0.0,0.0,0.0,1,1,2,45.0,80.0,1.12415904,2,typeb,renault,mail
2026-01-14 04:00:00,0.0,0.0,0.0,1,1,2,45.0,80.0,1.12415904,2,typeb,renault,mail
2026-01-14 05:00:00,0.0,0.0,0.0,1,1,2,45.0,80.0,1.12415904,2,typeb,renault,mail
2026-01-14 06:00:00,0.0,0.0,0.0,1,1,2,45.0,80.0,1.12415904,2,typeb,renault,mail
2026-01-14 07:00:00,7.5812811584855035,3.317238228095742,0.43755641807095563,0,0,2,0.0,0.0,1.10192,2,typeb,renault,mail
2026-01-14 08:00:00,7.5812811584855035,2.1554199469240136,0.2843081402556237,0,0,2,0.0,0.0,1.10192,2,typeb,renault,mail
2026-01-14 09:00:00,7.5812811584855035,2.480358047479101,0.3271687193269319,0,0,2,0.0,0.0,1.10192,2,typeb,renault,mail
2026-01-14 10:00:00,7.5812811584855035,1.092497295565316,0.14410457450750472,0,0,2,0.0,0.0,1.10192,2,typeb,renault,mail
2026-01-14 11:00:00,7.5812811584855035,1.4672561695208954,0.19353670426516753,0,0,2,0.0,0.0,1.10192,2,typeb,renault,mail
2026-01-14 12:00:00,0.0,0.0,0.0,1,1,2,45.0,80.0,1.10192,2,typeb,renault,mail
2026-01-14 13:00:00,0.0,0.0,0.0,1,1,2,45.0,80.0,1.10192,2,typeb,renault,mail
2026-01-14 14:00:00,7.5812811584855035,0.9879562675262544,0.13031521280812336,0,0,2,0.0,0.0,1.10192,2,typeb,renault,mail
2026-01-14 15:00:00,7.5812811584855035,3.7592844003712558,0.495864,0,0,2,0.0,0.0,1.10192,2,typeb,renault,mail
2026-01-14 16:00:00,7.5812811584855035,1.0414815012620755,0.13737539599047532,0,0,2,0.0,0.0,1.10192,2,typeb,renault,mail
2026-01-14 17:00:00,7.5812811584855035,2.77853129605297,0.36649891198706464,0,0,2,0.0,0.0,1.10192,2,typeb,renault,mail
2026-01-14 18:00:00,7.5812811584855035,3.100340583153829,0.4089467885891172,0,0,2,0.0,0.0,1.10192,2,typeb,renault,mail
2026-01-14 19:00:00,7.5812811584855035,0.8353965334158348,0.11019200000000001,0,0,2,0.0,0.0,1.10192,2,typeb,renault,mail
2026-01-14 20:00:00,7.5812811584855035,1.0772556761688563,0.1420941465761517,0,0,2,0.0,0.0,1.10192,2,typeb,renault,mail
2026-01-14 21:00:00,0.0,0.0,0.0,1,1,2,45.0,80.0,1.10192,2,typeb,renault,mail
2026-01-14 22:00:00,0.0,0.0,0.0,1,1,2,45.0,80.0,1.10192,2,typeb,renault,mail
2026-01-14 23:00:00,0.0,0.0,0.0,1,1,2,45.0,80.0,1.10192,2,typeb,renault,mail
2026-01-01 00:00:00,0.0,0.0,0.0,1,1,3,45.0,80.0,1.0,3,typeb,renault,mail
2026-01-01 01:00:00,0.0,0.0,0.0,1,1,3,45.0,80.0,1.0,3,typeb,renault,mail
2026-01-01 02:00:00,0.0,0.0,0.0,1,1,3,45.0,80.0,1.0,3,typeb,renault,mail
2026-01-01 03:00:00,0.0,0.0,0.0,1,1,3,45.0,80.0,1.0,3,typeb,renault,mail
2026-01-01 04:00:00,0.0,0.0,0.0,1,1,3,45.0,80.0,1.0,3,typeb,renault,mail
2026-01-01 05:00:00,10.641696392849672,2.4052292915878835,0.2260193490582945,0,0,3,0.0,0.0,1.13291752,3,typeb,renault,mail
2026-01-01 06:00:00,10.641696392849672,4.150775845197043,0.3900483242489437,0,0,3,0.0,0.0,1.13291752,3,typeb,renault,mail
2026-01-01 07:00:00,10.641696392849672,4.061746369314793,0.38168222615747105,0,0,3,0.0,0.0,1.13291752,3,typeb,renault,mail
2026-01-01 08:00:00,10.641696392849672,2.4748133120309523,0.23255815808594385,0,0,3,0.0,0.0,1.13291752,3,typeb,renault,mail
2026-01-01 09:00:00,10.641696392849672,1.2056164285980198,0.113291752,0,0,3,0.0,0.0,1.13291752,3,typeb,renault,mail
2026-01-01 10:00:00,10.641696392849672,1.2259086245266373,0.11519860925090337,0,0,3,0.0,0.0,1.13291752,3,typeb,renault,mail
2026-01-01 11:00:00,10.641696392849672,3.107593180121598,0.29202046980119073,0,0,3,0.0,0.0,1.13291752,3,typeb,renault,mail
2026-01-01 12:00:00,0.0,0.0,0.0,1,1,3,45.0,80.0,1.13291752,3,typeb,renault,mail
2026-01-01 13:00:00,10.64169639284967,3.6444348387690977,0.34246746986860604,0,0,3,0.0,0.0,1.13291752,3,typeb,renault,mail
2026-01-01 14:00:00,10.64169639284967,2.9449835556153174,0.2767400465957759,0,0,3,0.0,0.0,1.13291752,3,typeb,renault,mail
2026-01-01 15:00:00,10.64169639284967,1.3285457086387602,0.12484341401916256,0,0,3,0.0,0.0,1.13291752,3,typeb,renault,mail
2026-01-01 16:00:00,10.64169639284967,2.53894451136801,0.23858456562188413,0,0,3,0.0,0.0,1.13291752,3,typeb,renault,mail
2026-01-01 17:00:00,10.64169639284967,5.425273928691087,0.509812884,0,0,3,0.0,0.0,1.13291752,3,typeb,renault,mail
2026-01-01 18:00:00,10.64169639284967,1.7945443854459704,0.16863330048127986,0,0,3,0.0,0.0,1.13291752,3,typeb,renault,mail
2026-01-01 19:00:00,0.0,0.0,0.0,1,1,3,45.0,80.0,1.13291752,3,typeb,renault,mail
2026-01-01 20:00:00,0.0,0.0,0.0,1,1,3,45.0,80.0,1.13291752,3,typeb,renault,mail
2026-01-01 21:00:00,0.0,0.0,0.0,1,1,3,45.0,80.0,1.13291752,3,typeb,renault,mail
2026-01-01 22:00:00,0.0,0.0,0.0,1,1,3,45.0,80.0,1.13291752,3,typeb,renault,mail
2026-01-01 23:00:00,0.0,0.0,0.0,1,1,3,45.0,80.0,1.13291752,3,typeb,renault,mail
2026-01-02 00:00:00,0.0,0.0,0.0,1,1,3,45.0,80.0,1.13291752,3,typeb,renault,mail
2026-01-02 01:00:00,0.0,0.0,0.0,1,1,3,45.0,80.0,1.13291752,3,typeb,renault,mail
2026-01-02 02:00:00,0.0,0.0,0.0,1,1,3,45.0,80.0,1.13291752,3,typeb,renault,mail
2026-01-02 03:00:00,0.0,0.0,0.0,1,1,3,45.0,80.0,1.13291752,3,typeb,renault,mail
2026-01-02 04:00:00,0.0,0.0,0.0,1,1,3,45.0,80.0,1.13291752,3,typeb,renault,mail
2026-01-02 05:00:00,0.0,0.0,0.0,1,1,3,45.0,80.0,1.13291752,3,typeb,renault,mail
2026-01-02 06:00:00,9.722372322771585,2.9512840957824378,0.30355596327760326,0,0,3,0.0,0.0,1.23134816,3,typeb,renault,mail
2026-01-02 07:00:00,9.722372322771585,1.2280029328125497,0.12630692304761265,0,0,3,0.0,0.0,1.23134816,3,typeb,renault,mail
2026-01-02 08:00:00,9.722372322771585,4.462723074525712,0.45901585810216233,0,0,3,0.0,0.0,1.23134816,3,typeb,renault,mail
2026-01-02 09:00:00,9.722372322771585,2.0964348963980273,0.21562997453695443,0,0,3,0.0,0.0,1.23134816,3,typeb,renault,mail
2026-01-02 10:00:00,9.722372322771585,1.197162527047972,0.12313481600000001,0,0,3,0.0,0.0,1.23134816,3,typeb,renault,mail
2026-01-02 11:00:00,9.722372322771585,1.197162527047972,0.12313481600000001,0,0,3,0.0,0.0,1.23134816,3,typeb,renault,mail
2026-01-02 12:00:00,9.722372322771585,2.847638353035183,0.29289542289647663,0,0,3,0.0,0.0,1.23134816,3,typeb,renault,mail
2026-01-02 13:00:00,0.0,0.0,0.0,1,1,3,45.0,80.0,1.23134816,3,typeb,renault,mail
2026-01-02 14:00:00,9.722372322771585,2.6696126765035615,0.2745844931540872,0,0,3,0.0,0.0,1.23134816,3,typeb,renault,mail
2026-01-02 15:00:00,9.722372322771585,3.9807459849691096,0.4094418371167981,0,0,3,0.0,0.0,1.23134816,3,typeb,renault,mail
2026-01-02 16:00:00,9.722372322771585,1.197162527047972,0.12313481600000001,0,0,3,0.0,0.0,1.23134816,3,typeb,renault,mail
2026-01-02 17:00:00,9.722372322771585,1.197162527047972,0.12313481600000001,0,0,3,0.0,0.0,1.23134816,3,typeb,renault,mail
2026-01-02 18:00:00,9.722372322771585,2.812808258456751,0.28931295419212005,0,0,3,0.0,0.0,1.23134816,3,typeb,renault,mail
2026-01-02 19:00:00,9.722372322771585,2.176998560393102,0.22391639490026224,0,0,3,0.0,0.0,1.23134816,3,typeb,renault,mail
2026-01-02 20:00:00,0.0,0.0,0.0,1,1,3,45.0,80.0,1.23134816,3,typeb,renault,mail
2026-01-02 21:00:00,0.0,0.0,0.0,1,1,3,45.0,80.0,1.23134816,3,typeb,renault,mail
2026-01-02 22:00:00,0.0,0.0,0.0,1,1,3,45.0,80.0,1.23134816,3,typeb,renault,mail
2026-01-02 23:00:00,0.0,0.0,0.0,1,1,3,45.0,80.0,1.23134816,3,typeb,renault,mail
2026-01-03 00:00:00,0.0,0.0,0.0,1,1,3,45.0,80.0,1.23134816,3,typeb,renault,mail
2026-01-03 01:00:00,0.0,0.0,0.0,1,1,3,45.0,80.0,1.23134816,3,typeb,renault,mail
2026-01-03 02:00:00,0.0,0.0,0.0,1,1,3,45.0,80.0,1.23134816,3,typeb,renault,mail
2026-01-03 03:00:00,0.0,0.0,0.0,1,1,3,45.0,80.0,1.23134816,3,typeb,renault,mail
2026-01-03 04:00:00,0.0,0.0,0.0,1,1,3,45.0,80.0,1.23134816,3,typeb,renault,mail
2026-01-03 05:00:00,0.0,0.0,0.0,1,1,3,45.0,80.0,1.23134816,3,typeb,renault,mail
2026-01-03 06:00:00,0.0,0.0,0.0,1,1,3,45.0,80.0,1.23134816,3,typeb,renault,mail
2026-01-03 07:00:00,0.0,0.0,0.0,1,1,3,45.0,80.0,1.23134816,3,typeb,renault,mail
2026-01-03 08:00:00,0.0,0.0,0.0,1,1,3,45.0,80.0,1.23134816,3,typeb,renault,mail
2026-01-03 09:00:00,0.0,0.0,0.0,1,1,3,45.0,80.0,1.23134816,3,typeb,renault,mail
2026-01-03 10:00:00,8.158023768797976,0.9841583141669876,0.120636853,0,0,3,0.0,0.0,1.20636853,3,typeb,renault,mail
2026-01-03 11:00:00,8.158023768797976,1.5120360156893524,0.18534341876674132,0,0,3,0.0,0.0,1.20636853,3,typeb,renault,mail
2026-01-03 12:00:00,8.158023768797976,0.9841583141669876,0.120636853,0,0,3,0.0,0.0,1.20636853,3,typeb,renault,mail
2026-01-03 13:00:00,8.158023768797976,0.9841583141669876,0.120636853,0,0,3,0.0,0.0,1.20636853,3,typeb,renault,mail
2026-01-03 14:00:00,8.158023768797976,1.6750316269132972,0.20532320993226286,0,0,3,0.0,0.0,1.20636853,3,typeb,renault,mail
2026-01-03 15:00:00,8.158023768797976,4.428712413751444,0.5428658385,0,0,3,0.0,0.0,1.20636853,3,typeb,renault,mail
2026-01-03 16:00:00,8.158023768797976,0.9841583141669876,0.120636853,0,0,3,0.0,0.0,1.20636853,3,typeb,renault,mail
2026-01-03 17:00:00,8.158023768797976,1.9197534260183147,0.23532089148364616,0,0,3,0.0,0.0,1.20636853,3,typeb,renault,mail
2026-01-03 18:00:00,8.158023768797976,1.099911069380558,0.13482567599121148,0,0,3,0.0,0.0,1.20636853,3,typeb,renault,mail
2026-01-03 19:00:00,0.0,0.0,0.0,1,1,3,45.0,80.0,1.20636853,3,typeb,renault,mail
2026-01-03 20:00:00,0.0,0.0,0.0,1,1,3,45.0,80.0,1.20636853,3,typeb,renault,mail
2026-01-03 21:00:00,0.0,0.0,0.0,1,1,3,45.0,80.0,1.20636853,3,typeb,renault,mail
2026-01-03 22:00:00,0.0,0.0,0.0,1,1,3,45.0,80.0,1.20636853,3,typeb,renault,mail
2026-01-03 23:00:00,0.0,0.0,0.0,1,1,3,45.0,80.0,1.20636853,3,typeb,renault,mail
2026-01-04 00:00:00,0.0,0.0,0.0,1,1,3,45.0,80.0,1.20636853,3,typeb,renault,mail
2026-01-04 01:00:00,0.0,0.0,0.0,1,1,3,45.0,80.0,1.20636853,3,typeb,renault,mail
2026-01-04 02:00:00,0.0,0.0,0.0,1,1,3,45.0,80.0,1.20636853,3,typeb,renault,mail
2026-01-04 03:00:00,0.0,0.0,0.0,1,1,3,45.0,80.0,1.20636853,3,typeb,renault,mail
2026-01-04 04:00:00,0.0,0.0,0.0,1,1,3,45.0,80.0,1.20636853,3,typeb,renault,mail
2026-01-04 05:00:00,0.0,0.0,0.0,1,1,3,45.0,80.0,1.20636853,3,typeb,renault,mail
2026-01-04 06:00:00,0.0,0.0,0.0,1,1,3,45.0,80.0,1.20636853,3,typeb,renault,mail
2026-01-04 07:00:00,0.0,0.0,0.0,1,1,3,45.0,80.0,1.20636853,3,typeb,renault,mail
2026-01-04 08:00:00,0.0,0.0,0.0,1,1,3,45.0,80.0,1.20636853,3,typeb,renault,mail
2026-01-04 09:00:00,8.472424605780079,4.561932183193199,0.5384447068529764,0,0,3,0.0,0.0,1.3029730700000002,3,typeb,renault,mail
2026-01-04 10:00:00,8.472424605780079,1.103934109893681,0.13029730700000003,0,0,3,0.0,0.0,1.3029730700000002,3,typeb,renault,mail
2026-01-04 11:00:00,8.472424605780079,2.403518349306948,0.2836871924085596,0,0,3,0.0,0.0,1.3029730700000002,3,typeb,renault,mail
2026-01-04 12:00:00,8.472424605780079,2.418754357760206,0.2854854979895693,0,0,3,0.0,0.0,1.3029730700000002,3,typeb,renault,mail
2026-01-04 13:00:00,8.472424605780079,1.103934109893681,0.13029730700000003,0,0,3,0.0,0.0,1.3029730700000002,3,typeb,renault,mail
2026-01-04 14:00:00,8.472424605780079,1.103934109893681,0.13029730700000003,0,0,3,0.0,0.0,1.3029730700000002,3,typeb,renault,mail
2026-01-04 15:00:00,8.472424605780079,1.103934109893681,0.13029730700000003,0,0,3,0.0,0.0,1.3029730700000002,3,typeb,renault,mail
2026-01-04 16:00:00,8.472424605780079,1.1599499472227137,0.13690885445370263,0,0,3,0.0,0.0,1.3029730700000002,3,typeb,renault,mail
2026-01-04 17:00:00,8.472424605780079,3.3539927223968165,0.3958716516767405,0,0,3,0.0,0.0,1.3029730700000002,3,typeb,renault,mail
2026-01-04 18:00:00,8.472424605780079,2.1559876404607476,0.2544711509135041,0,0,3,0.0,0.0,1.3029730700000002,3,typeb,renault,mail
2026-01-04 19:00:00,8.472424605780079,1.5121842357588144,0.17848305604598338,0,0,3,0.0,0.0,1.3029730700000002,3,typeb,renault,mail
2026-01-04 20:00:00,0.0,0.0,0.0,1,1,3,45.0,80.0,1.3029730700000002,3,typeb,renault,mail
2026-01-04 21:00:00,0.0,0.0,0.0,1,1,3,45.0,80.0,1.3029730700000002,3,typeb,renault,mail
2026-01-04 22:00:00,0.0,0.0,0.0,1,1,3,45.0,80.0,1.3029730700000002,3,typeb,renault,mail
2026-01-04 23:00:00,0.0,0.0,0.0,1,1,3,45.0,80.0,1.3029730700000002,3,typeb,renault,mail
2026-01-05 00:00:00,0.0,0.0,0.0,1,1,3,45.0,80.0,1.3029730700000002,3,typeb,renault,mail
2026-01-05 01:00:00,0.0,0.0,0.0,1,1,3,45.0,80.0,1.3029730700000002,3,typeb,renault,mail
2026-01-05 02:00:00,0.0,0.0,0.0,1,1,3,45.0,80.0,1.3029730700000002,3,typeb,renault,mail
2026-01-05 03:00:00,0.0,0.0,0.0,1,1,3,45.0,80.0,1.3029730700000002,3,typeb,renault,mail
2026-01-05 04:00:00,0.0,0.0,0.0,1,1,3,45.0,80.0,1.3029730700000002,3,typeb,renault,mail
2026-01-05 05:00:00,0.0,0.0,0.0,1,1,3,45.0,80.0,1.3029730700000002,3,typeb,renault,mail
2026-01-05 06:00:00,7.407921200642425,1.661150001980407,0.22423969653407624,0,0,3,0.0,0.0,1.21493373,3,typeb,renault,mail
2026-01-05 07:00:00,7.407921200642425,3.751467647840541,0.5064130065955897,0,0,3,0.0,0.0,1.21493373,3,typeb,renault,mail
2026-01-05 08:00:00,7.407921200642425,1.8509845312520294,0.24986558052095767,0,0,3,0.0,0.0,1.21493373,3,typeb,renault,mail
2026-01-05 09:00:00,7.407921200642425,1.0661656007059237,0.14392237333915814,0,0,3,0.0,0.0,1.21493373,3,typeb,renault,mail
2026-01-05 10:00:00,7.407921200642425,2.2987415904214474,0.31030859105549036,0,0,3,0.0,0.0,1.21493373,3,typeb,renault,mail
2026-01-05 11:00:00,7.407921200642425,0.9000133335842581,0.12149337300000002,0,0,3,0.0,0.0,1.21493373,3,typeb,renault,mail
2026-01-05 12:00:00,0.0,0.0,0.0,1,1,3,45.0,80.0,1.21493373,3,typeb,renault,mail
2026-01-05 13:00:00,7.407921200642426,1.5140460345079565,0.20438203829390844,0,0,3,0.0,0.0,1.21493373,3,typeb,renault,mail
2026-01-05 14:00:00,7.407921200642426,0.9000133335842582,0.12149337300000002,0,0,3,0.0,0.0,1.21493373,3,typeb,renault,mail
2026-01-05 15:00:00,7.407921200642426,0.9000133335842582,0.12149337300000002,0,0,3,0.0,0.0,1.21493373,3,typeb,renault,mail
2026-01-05 16:00:00,7.407921200642426,4.050060001129162,0.5467201785,0,0,3,0.0,0.0,1.21493373,3,typeb,renault,mail
2026-01-05 17:00:00,7.407921200642426,0.9165219301555242,0.123721878963297,0,0,3,0.0,0.0,1.21493373,3,typeb,renault,mail
2026-01-05 18:00:00,7.407921200642426,1.7587846331640173,0.23741945756813568,0,0,3,0.0,0.0,1.21493373,3,typeb,renault,mail
2026-01-05 19:00:00,0.0,0.0,0.0,1,1,3,45.0,80.0,1.21493373,3,typeb,renault,mail
2026-01-05 20:00:00,0.0,0.0,0.0,1,1,3,45.0,80.0,1.21493373,3,typeb,renault,mail
2026-01-05 21:00:00,0.0,0.0,0.0,1,1,3,45.0,80.0,1.21493373,3,typeb,renault,mail
2026-01-05 22:00:00,0.0,0.0,0.0,1,1,3,45.0,80.0,1.21493373,3,typeb,renault,mail
2026-01-05 23:00:00,0.0,0.0,0.0,1,1,3,45.0,80.0,1.21493373,3,typeb,renault,mail
2026-01-06 00:00:00,0.0,0.0,0.0,1,1,3,45.0,80.0,1.21493373,3,typeb,renault,mail
2026-01-06 01:00:00,0.0,0.0,0.0,1,1,3,45.0,80.0,1.21493373,3,typeb,renault,mail
2026-01-06 02:00:00,0.0,0.0,0.0,1,1,3,45.0,80.0,1.21493373,3,typeb,renault,mail
2026-01-06 03:00:00,0.0,0.0,0.0,1,1,3,45.0,80.0,1.21493373,3,typeb,renault,mail
2026-01-06 04:00:00,0.0,0.0,0.0,1,1,3,45.0,80.0,1.21493373,3,typeb,renault,mail
2026-01-06 05:00:00,0.0,0.0,0.0,1,1,3,45.0,80.0,1.21493373,3,typeb,renault,mail
2026-01-06 06:00:00,10.4023799105197,1.3685028147837868,0.131556704,0,0,3,0.0,0.0,1.31556704,3,typeb,renault,mail
2026-01-06 07:00:00,10.4023799105197,5.382603222647595,0.5174395925690317,0,0,3,0.0,0.0,1.31556704,3,typeb,renault,mail
2026-01-06 08:00:00,10.4023799105197,1.3685028147837868,0.131556704,0,0,3,0.0,0.0,1.31556704,3,typeb,renault,mail
2026-01-06 09:00:00,10.4023799105197,2.9745732322471756,0.28595122057011724,0,0,3,0.0,0.0,1.31556704,3,typeb,renault,mail
2026-01-06 10:00:00,10.4023799105197,2.1675767706057854,0.20837315972412834,0,0,3,0.0,0.0,1.31556704,3,typeb,renault,mail
2026-01-06 11:00:00,10.4023799105197,4.139222361183875,0.39791109311417955,0,0,3,0.0,0.0,1.31556704,3,typeb,renault,mail
2026-01-06 12:00:00,10.4023799105197,1.3685028147837868,0.131556704,0,0,3,0.0,0.0,1.31556704,3,typeb,renault,mail
2026-01-06 13:00:00,10.4023799105197,1.3685028147837868,0.131556704,0,0,3,0.0,0.0,1.31556704,3,typeb,renault,mail
2026-01-06 14:00:00,10.4023799105197,1.5072433834570198,0.14489409120049318,0,0,3,0.0,0.0,1.31556704,3,typeb,renault,mail
2026-01-06 15:00:00,10.4023799105197,1.3685028147837868,0.131556704,0,0,3,0.0,0.0,1.31556704,3,typeb,renault,mail
2026-01-06 16:00:00,10.4023799105197,1.3685028147837868,0.131556704,0,0,3,0.0,0.0,1.31556704,3,typeb,renault,mail
2026-01-06 17:00:00,10.4023799105197,1.9191709682810751,0.18449345099771441,0,0,3,0.0,0.0,1.31556704,3,typeb,renault,mail
2026-01-06 18:00:00,10.4023799105197,6.1582626665270395,0.592005168,0,0,3,0.0,0.0,1.31556704,3,typeb,renault,mail
2026-01-06 19:00:00,0.0,0.0,0.0,1,1,3,45.0,80.0,1.31556704,3,typeb,renault,mail
2026-01-06 20:00:00,0.0,0.0,0.0,1,1,3,45.0,80.0,1.31556704,3,typeb,renault,mail
2026-01-06 21:00:00,0.0,0.0,0.0,1,1,3,45.0,80.0,1.31556704,3,typeb,renault,mail
2026-01-06 22:00:00,0.0,0.0,0.0,1,1,3,45.0,80.0,1.31556704,3,typeb,renault,mail
2026-01-06 23:00:00,0.0,0.0,0.0,1,1,3,45.0,80.0,1.31556704,3,typeb,renault,mail
2026-01-07 00:00:00,0.0,0.0,0.0,1,1,3,45.0,80.0,1.31556704,3,typeb,renault,mail
2026-01-07 01:00:00,0.0,0.0,0.0,1,1,3,45.0,80.0,1.31556704,3,typeb,renault,mail
2026-01-07 02:00:00,0.0,0.0,0.0,1,1,3,45.0,80.0,1.31556704,3,typeb,renault,mail
2026-01-07 03:00:00,0.0,0.0,0.0,1,1,3,45.0,80.0,1.31556704,3,typeb,renault,mail
2026-01-07 04:00:00,0.0,0.0,0.0,1,1,3,45.0,80.0,1.31556704,3,typeb,renault,mail
2026-01-07 05:00:00,0.0,0.0,0.0,1,1,3,45.0,80.0,1.31556704,3,typeb,renault,mail
2026-01-07 06:00:00,10.38505673605045,2.441235988286996,0.2350719933779991,0,0,3,0.0,0.0,1.25926432,3,typeb,renault,mail
2026-01-07 07:00:00,10.38505673605045,2.9424744283161846,0.2833373474120508,0,0,3,0.0,0.0,1.25926432,3,typeb,renault,mail
2026-01-07 08:00:00,10.38505673605045,4.799411628689475,0.46214592280742256,0,0,3,0.0,0.0,1.25926432,3,typeb,renault,mail
2026-01-07 09:00:00,10.38505673605045,3.545087674894844,0.3413643049814555,0,0,3,0.0,0.0,1.25926432,3,typeb,renault,mail
2026-01-07 10:00:00,10.38505673605045,1.7050974401840095,0.16418759025793023,0,0,3,0.0,0.0,1.25926432,3,typeb,renault,mail
2026-01-07 11:00:00,10.38505673605045,4.6761889184603165,0.4502805364777162,0,0,3,0.0,0.0,1.25926432,3,typeb,renault,mail
2026-01-07 12:00:00,0.0,0.0,0.0,1,1,3,45.0,80.0,1.25926432,3,typeb,renault,mail
2026-01-07 13:00:00,0.0,0.0,0.0,1,1,3,45.0,80.0,1.25926432,3,typeb,renault,mail
2026-01-07 14:00:00,10.385056736050451,2.5015813679125083,0.2408827829730169,0,0,3,0.0,0.0,1.25926432,3,typeb,renault,mail
2026-01-07 15:00:00,10.385056736050451,3.5873212582015093,0.3454310697936356,0,0,3,0.0,0.0,1.25926432,3,typeb,renault,mail
2026-01-07 16:00:00,10.385056736050451,5.884889133997796,0.566668944,0,0,3,0.0,0.0,1.25926432,3,typeb,renault,mail
2026-01-07 17:00:00,10.385056736050451,2.2827527539657257,0.21981129347530953,0,0,3,0.0,0.0,1.25926432,3,typeb,renault,mail
2026-01-07 18:00:00,10.385056736050451,1.3077531408883991,0.125926432,0,0,3,0.0,0.0,1.25926432,3,typeb,renault,mail
2026-01-07 19:00:00,0.0,0.0,0.0,1,1,3,45.0,80.0,1.25926432,3,typeb,renault,mail
2026-01-07 20:00:00,0.0,0.0,0.0,1,1,3,45.0,80.0,1.25926432,3,typeb,renault,mail
2026-01-07 21:00:00,0.0,0.0,0.0,1,1,3,45.0,80.0,1.25926432,3,typeb,renault,mail
2026-01-07 22:00:00,0.0,0.0,0.0,1,1,3,45.0,80.0,1.25926432,3,typeb,renault,mail
2026-01-07 23:00:00,0.0,0.0,0.0,1,1,3,45.0,80.0,1.25926432,3,typeb,renault,mail
2026-01-08 00:00:00,0.0,0.0,0.0,1,1,3,45.0,80.0,1.25926432,3,typeb,renault,mail
2026-01-08 01:00:00,0.0,0.0,0.0,1,1,3,45.0,80.0,1.25926432,3,typeb,renault,mail
2026-01-08 02:00:00,0.0,0.0,0.0,1,1,3,45.0,80.0,1.25926432,3,typeb,renault,mail
2026-01-08 03:00:00,0.0,0.0,0.0,1,1,3,45.0,80.0,1.25926432,3,typeb,renault,mail
2026-01-08 04:00:00,0.0,0.0,0.0,1,1,3,45.0,80.0,1.25926432,3,typeb,renault,mail
2026-01-08 05:00:00,0.0,0.0,0.0,1,1,3,45.0,80.0,1.25926432,3,typeb,renault,mail
2026-01-08 06:00:00,9.387423284908026,1.0940247287053468,0.116541536,0,0,3,0.0,0.0,1.16541536,3,typeb,renault,mail
2026-01-08 07:00:00,9.387423284908026,2.941956736733954,0.3133934251653145,0,0,3,0.0,0.0,1.16541536,3,typeb,renault,mail
2026-01-08 08:00:00,9.387423284908026,1.0940247287053468,0.116541536,0,0,3,0.0,0.0,1.16541536,3,typeb,renault,mail
2026-01-08 09:00:00,9.387423284908026,2.1632373063869914,0.23043994509811708,0,0,3,0.0,0.0,1.16541536,3,typeb,renault,mail
2026-01-08 10:00:00,9.387423284908026,1.219306067672444,0.1298871938194902,0,0,3,0.0,0.0,1.16541536,3,typeb,renault,mail
2026-01-08 11:00:00,9.387423284908026,1.3561702509951896,0.14446671997580823,0,0,3,0.0,0.0,1.16541536,3,typeb,renault,mail
2026-01-08 12:00:00,0.0,0.0,0.0,1,1,3,45.0,80.0,1.16541536,3,typeb,renault,mail
2026-01-08 13:00:00,0.0,0.0,0.0,1,1,3,45.0,80.0,1.16541536,3,typeb,renault,mail
2026-01-08 14:00:00,9.387423284908026,1.0940247287053468,0.116541536,0,0,3,0.0,0.0,1.16541536,3,typeb,renault,mail
2026-01-08 15:00:00,9.387423284908026,1.0940247287053468,0.116541536,0,0,3,0.0,0.0,1.16541536,3,typeb,renault,mail
2026-01-08 16:00:00,9.387423284908026,3.814929028574759,0.4063872388398576,0,0,3,0.0,0.0,1.16541536,3,typeb,renault,mail
2026-01-08 17:00:00,9.387423284908026,1.0940247287053468,0.116541536,0,0,3,0.0,0.0,1.16541536,3,typeb,renault,mail
2026-01-08 18:00:00,9.387423284908026,1.0940247287053468,0.116541536,0,0,3,0.0,0.0,1.16541536,3,typeb,renault,mail
2026-01-08 19:00:00,9.387423284908026,2.1033242682582403,0.22405767849413086,0,0,3,0.0,0.0,1.16541536,3,typeb,renault,mail
2026-01-08 20:00:00,9.387423284908026,1.0940247287053468,0.116541536,0,0,3,0.0,0.0,1.16541536,3,typeb,renault,mail
2026-01-08 21:00:00,0.0,0.0,0.0,1,1,3,45.0,80.0,1.16541536,3,typeb,renault,mail
2026-01-08 22:00:00,0.0,0.0,0.0,1,1,3,45.0,80.0,1.16541536,3,typeb,renault,mail
2026-01-08 23:00:00,0.0,0.0,0.0,1,1,3,45.0,80.0,1.16541536,3,typeb,renault,mail
2026-01-09 00:00:00,0.0,0.0,0.0,1,1,3,45.0,80.0,1.16541536,3,typeb,renault,mail
2026-01-09 01:00:00,0.0,0.0,0.0,1,1,3,45.0,80.0,1.16541536,3,typeb,renault,mail
2026-01-09 02:00:00,0.0,0.0,0.0,1,1,3,45.0,80.0,1.16541536,3,typeb,renault,mail
2026-01-09 03:00:00,0.0,0.0,0.0,1,1,3,45.0,80.0,1.16541536,3,typeb,renault,mail
2026-01-09 04:00:00,0.0,0.0,0.0,1,1,3,45.0,80.0,1.16541536,3,typeb,renault,mail
2026-01-09 05:00:00,0.0,0.0,0.0,1,1,3,45.0,80.0,1.16541536,3,typeb,renault,mail
2026-01-09 06:00:00,15.056053905965893,2.512269546387513,0.16686108870744928,0,0,3,0.0,0.0,1.13480256,3,typeb,renault,mail
2026-01-09 07:00:00,15.056053905965893,1.9754867499340911,0.13120879895038856,0,0,3,0.0,0.0,1.13480256,3,typeb,renault,mail
2026-01-09 08:00:00,15.056053905965893,5.060405841801823,0.3361043918550703,0,0,3,0.0,0.0,1.13480256,3,typeb,renault,mail
2026-01-09 09:00:00,15.056053905965893,2.5509615799384293,0.16943095421089202,0,0,3,0.0,0.0,1.13480256,3,typeb,renault,mail
2026-01-09 10:00:00,15.056053905965893,7.688541832194643,0.5106611520000001,0,0,3,0.0,0.0,1.13480256,3,typeb,renault,mail
2026-01-09 11:00:00,15.056053905965893,1.7085648515988097,0.113480256,0,0,3,0.0,0.0,1.13480256,3,typeb,renault,mail
2026-01-09 12:00:00,15.056053905965893,3.4719622035710986,0.2306024025455534,0,0,3,0.0,0.0,1.13480256,3,typeb,renault,mail
2026-01-09 13:00:00,15.056053905965891,2.8684184037622207,0.1905159493767237,0,0,3,0.0,0.0,1.13480256,3,typeb,renault,mail
2026-01-09 14:00:00,15.056053905965891,1.7085648515988092,0.113480256,0,0,3,0.0,0.0,1.13480256,3,typeb,renault,mail
2026-01-09 15:00:00,15.056053905965891,1.7085648515988092,0.113480256,0,0,3,0.0,0.0,1.13480256,3,typeb,renault,mail
2026-01-09 16:00:00,15.056053905965891,2.3324577278515273,0.1549182636047352,0,0,3,0.0,0.0,1.13480256,3,typeb,renault,mail
2026-01-09 17:00:00,15.056053905965891,3.6903072743138945,0.24510454713845223,0,0,3,0.0,0.0,1.13480256,3,typeb,renault,mail
2026-01-09 18:00:00,0.0,0.0,0.0,1,1,3,45.0,80.0,1.13480256,3,typeb,renault,mail
2026-01-09 19:00:00,0.0,0.0,0.0,1,1,3,45.0,80.0,1.13480256,3,typeb,renault,mail
2026-01-09 20:00:00,0.0,0.0,0.0,1,1,3,45.0,80.0,1.13480256,3,typeb,renault,mail
2026-01-09 21:00:00,0.0,0.0,0.0,1,1,3,45.0,80.0,1.13480256,3,typeb,renault,mail
2026-01-09 22:00:00,0.0,0.0,0.0,1,1,3,45.0,80.0,1.13480256,3,typeb,renault,mail
2026-01-09 23:00:00,0.0,0.0,0.0,1,1,3,45.0,80.0,1.13480256,3,typeb,renault,mail
2026-01-10 00:00:00,0.0,0.0,0.0,1,1,3,45.0,80.0,1.13480256,3,typeb,renault,mail
2026-01-10 01:00:00,0.0,0.0,0.0,1,1,3,45.0,80.0,1.13480256,3,typeb,renault,mail
2026-01-10 02:00:00,0.0,0.0,0.0,1,1,3,45.0,80.0,1.13480256,3,typeb,renault,mail
2026-01-10 03:00:00,0.0,0.0,0.0,1,1,3,45.0,80.0,1.13480256,3,typeb,renault,mail
2026-01-10 04:00:00,0.0,0.0,0.0,1,1,3,45.0,80.0,1.13480256,3,typeb,renault,mail
2026-01-10 05:00:00,0.0,0.0,0.0,1,1,3,45.0,80.0,1.13480256,3,typeb,renault,mail
2026-01-10 06:00:00,0.0,0.0,0.0,1,1,3,45.0,80.0,1.13480256,3,typeb,renault,mail
2026-01-10 07:00:00,0.0,0.0,0.0,1,1,3,45.0,80.0,1.13480256,3,typeb,renault,mail
2026-01-10 08:00:00,0.0,0.0,0.0,1,1,3,45.0,80.0,1.13480256,3,typeb,renault,mail
2026-01-10 09:00:00,6.916763667269061,2.0002965254807967,0.2891954419299354,0,0,3,0.0,0.0,1.18959,3,typeb,renault,mail
2026-01-10 10:00:00,6.916763667269061,0.8884377964096095,0.12844703667031473,0,0,3,0.0,0.0,1.18959,3,typeb,renault,mail
2026-01-10 11:00:00,6.916763667269061,1.244265872449802,0.17989133824794598,0,0,3,0.0,0.0,1.18959,3,typeb,renault,mail
2026-01-10 12:00:00,6.916763667269061,0.9250052977307093,0.1337338301882343,0,0,3,0.0,0.0,1.18959,3,typeb,renault,mail
2026-01-10 13:00:00,6.916763667269061,1.9938068197886532,0.28825718438575276,0,0,3,0.0,0.0,1.18959,3,typeb,renault,mail
2026-01-10 14:00:00,6.916763667269061,0.8228112890946602,0.118959,0,0,3,0.0,0.0,1.18959,3,typeb,renault,mail
2026-01-10 15:00:00,0.0,0.0,0.0,1,1,3,45.0,80.0,1.18959,3,typeb,renault,mail
2026-01-10 16:00:00,6.91676366726906,1.0605963018103515,0.15333707393086424,0,0,3,0.0,0.0,1.18959,3,typeb,renault,mail
2026-01-10 17:00:00,6.91676366726906,2.222307742658982,0.3212929990907748,0,0,3,0.0,0.0,1.18959,3,typeb,renault,mail
2026-01-10 18:00:00,6.91676366726906,2.0256615561008577,0.29286262384336287,0,0,3,0.0,0.0,1.18959,3,typeb,renault,mail
2026-01-10 19:00:00,6.91676366726906,1.461759862153161,0.2113358114388642,0,0,3,0.0,0.0,1.18959,3,typeb,renault,mail
2026-01-10 20:00:00,0.0,0.0,0.0,1,1,3,45.0,80.0,1.18959,3,typeb,renault,mail
2026-01-10 21:00:00,0.0,0.0,0.0,1,1,3,45.0,80.0,1.18959,3,typeb,renault,mail
2026-01-10 22:00:00,0.0,0.0,0.0,1,1,3,45.0,80.0,1.18959,3,typeb,renault,mail
2026-01-10 23:00:00,0.0,0.0,0.0,1,1,3,45.0,80.0,1.18959,3,typeb,renault,mail
2026-01-11 00:00:00,0.0,0.0,0.0,1,1,3,45.0,80.0,1.18959,3,typeb,renault,mail
2026-01-11 01:00:00,0.0,0.0,0.0,1,1,3,45.0,80.0,1.18959,3,typeb,renault,mail
2026-01-11 02:00:00,0.0,0.0,0.0,1,1,3,45.0,80.0,1.18959,3,typeb,renault,mail
2026-01-11 03:00:00,0.0,0.0,0.0,1,1,3,45.0,80.0,1.18959,3,typeb,renault,mail
2026-01-11 04:00:00,0.0,0.0,0.0,1,1,3,45.0,80.0,1.18959,3,typeb,renault,mail
2026-01-11 05:00:00,0.0,0.0,0.0,1,1,3,45.0,80.0,1.18959,3,typeb,renault,mail
2026-01-11 06:00:00,0.0,0.0,0.0,1,1,3,45.0,80.0,1.18959,3,typeb,renault,mail
2026-01-11 07:00:00,0.0,0.0,0.0,1,1,3,45.0,80.0,1.18959,3,typeb,renault,mail
2026-01-11 08:00:00,2.5531914893617023,0.2864801668085107,0.11220473200000002,0,0,3,0.0,0.0,1.12204732,3,typeb,renault,mail
2026-01-11 09:00:00,2.5531914893617023,0.38257228938650717,0.14984081334304863,0,0,3,0.0,0.0,1.12204732,3,typeb,renault,mail
2026-01-11 10:00:00,2.5531914893617023,0.42085494031077303,0.16483485162171943,0,0,3,0.0,0.0,1.12204732,3,typeb,renault,mail
2026-01-11 11:00:00,2.5531914893617023,0.6569488388209892,0.2573049618715541,0,0,3,0.0,0.0,1.12204732,3,typeb,renault,mail
2026-01-11 12:00:00,2.5531914893617023,0.3483782018087472,0.1364481290417593,0,0,3,0.0,0.0,1.12204732,3,typeb,renault,mail
2026-01-11 13:00:00,2.5531914893617023,0.2864801668085107,0.11220473200000002,0,0,3,0.0,0.0,1.12204732,3,typeb,renault,mail
2026-01-11 14:00:00,2.5531914893617023,0.318958724298977,0.12492550035043266,0,0,3,0.0,0.0,1.12204732,3,typeb,renault,mail
2026-01-11 15:00:00,0.0,0.0,0.0,1,1,3,45.0,80.0,1.12204732,3,typeb,renault,mail
2026-01-11 16:00:00,2.5531914893617023,0.6227602771524172,0.24391444188469674,0,0,3,0.0,0.0,1.12204732,3,typeb,renault,mail
2026-01-11 17:00:00,2.5531914893617023,0.2864801668085107,0.11220473200000002,0,0,3,0.0,0.0,1.12204732,3,typeb,renault,mail
2026-01-11 18:00:00,2.5531914893617023,0.5263591097668445,0.20615731799201412,0,0,3,0.0,0.0,1.12204732,3,typeb,renault,mail
2026-01-11 19:00:00,2.5531914893617023,0.2864801668085107,0.11220473200000002,0,0,3,0.0,0.0,1.12204732,3,typeb,renault,mail
2026-01-11 20:00:00,0.0,0.0,0.0,1,1,3,45.0,80.0,1.12204732,3,typeb,renault,mail
2026-01-11 21:00:00,0.0,0.0,0.0,1,1,3,45.0,80.0,1.12204732,3,typeb,renault,mail
2026-01-11 22:00:00,0.0,0.0,0.0,1,1,3,45.0,80.0,1.12204732,3,typeb,renault,mail
2026-01-11 23:00:00,0.0,0.0,0.0,1,1,3,45.0,80.0,1.12204732,3,typeb,renault,mail
2026-01-12 00:00:00,0.0,0.0,0.0,1,1,3,45.0,80.0,1.12204732,3,typeb,renault,mail
2026-01-12 01:00:00,0.0,0.0,0.0,1,1,3,45.0,80.0,1.12204732,3,typeb,renault,mail
2026-01-12 02:00:00,0.0,0.0,0.0,1,1,3,45.0,80.0,1.12204732,3,typeb,renault,mail
2026-01-12 03:00:00,0.0,0.0,0.0,1,1,3,45.0,80.0,1.12204732,3,typeb,renault,mail
2026-01-12 04:00:00,0.0,0.0,0.0,1,1,3,45.0,80.0,1.12204732,3,typeb,renault,mail
2026-01-12 05:00:00,0.0,0.0,0.0,1,1,3,45.0,80.0,1.12204732,3,typeb,renault,mail
2026-01-12 06:00:00,9.224576188838093,1.032944749571213,0.11197747500000002,0,0,3,0.0,0.0,1.1197747500000002,3,typeb,renault,mail
2026-01-12 07:00:00,9.224576188838093,1.032944749571213,0.11197747500000002,0,0,3,0.0,0.0,1.1197747500000002,3,typeb,renault,mail
2026-01-12 08:00:00,9.224576188838093,2.9669747800974586,0.3216380589590178,0,0,3,0.0,0.0,1.1197747500000002,3,typeb,renault,mail
2026-01-12 09:00:00,9.224576188838093,2.344926565510686,0.2542042601749108,0,0,3,0.0,0.0,1.1197747500000002,3,typeb,renault,mail
2026-01-12 10:00:00,9.224576188838093,1.2882378589558448,0.13965279624603635,0,0,3,0.0,0.0,1.1197747500000002,3,typeb,renault,mail
2026-01-12 11:00:00,9.224576188838093,1.032944749571213,0.11197747500000002,0,0,3,0.0,0.0,1.1197747500000002,3,typeb,renault,mail
2026-01-12 12:00:00,9.224576188838093,4.267328379575098,0.4626042749518014,0,0,3,0.0,0.0,1.1197747500000002,3,typeb,renault,mail
2026-01-12 13:00:00,9.22457618883809,3.321662392198317,0.36008834706331444,0,0,3,0.0,0.0,1.1197747500000002,3,typeb,renault,mail
2026-01-12 14:00:00,9.22457618883809,1.7762602735805826,0.1925573855338623,0,0,3,0.0,0.0,1.1197747500000002,3,typeb,renault,mail
2026-01-12 15:00:00,9.22457618883809,1.251654475909073,0.1356869356690444,0,0,3,0.0,0.0,1.1197747500000002,3,typeb,renault,mail
2026-01-12 16:00:00,9.22457618883809,1.0329447495712127,0.11197747500000002,0,0,3,0.0,0.0,1.1197747500000002,3,typeb,renault,mail
2026-01-12 17:00:00,9.22457618883809,1.5854273414337328,0.17186993840997591,0,0,3,0.0,0.0,1.1197747500000002,3,typeb,renault,mail
2026-01-12 18:00:00,9.22457618883809,4.008039307283861,0.4344957670937406,0,0,3,0.0,0.0,1.1197747500000002,3,typeb,renault,mail
2026-01-12 19:00:00,9.22457618883809,4.092679653305876,0.44367129389186405,0,0,3,0.0,0.0,1.1197747500000002,3,typeb,renault,mail
2026-01-12 20:00:00,9.22457618883809,1.4158950005557216,0.15349160455403696,0,0,3,0.0,0.0,1.1197747500000002,3,typeb,renault,mail
2026-01-12 21:00:00,0.0,0.0,0.0,1,1,3,45.0,80.0,1.1197747500000002,3,typeb,renault,mail
2026-01-12 22:00:00,0.0,0.0,0.0,1,1,3,45.0,80.0,1.1197747500000002,3,typeb,renault,mail
2026-01-12 23:00:00,0.0,0.0,0.0,1,1,3,45.0,80.0,1.1197747500000002,3,typeb,renault,mail
2026-01-13 00:00:00,0.0,0.0,0.0,1,1,3,45.0,80.0,1.1197747500000002,3,typeb,renault,mail
2026-01-13 01:00:00,0.0,0.0,0.0,1,1,3,45.0,80.0,1.1197747500000002,3,typeb,renault,mail
2026-01-13 02:00:00,0.0,0.0,0.0,1,1,3,45.0,80.0,1.1197747500000002,3,typeb,renault,mail
2026-01-13 03:00:00,0.0,0.0,0.0,1,1,3,45.0,80.0,1.1197747500000002,3,typeb,renault,mail
2026-01-13 04:00:00,0.0,0.0,0.0,1,1,3,45.0,80.0,1.1197747500000002,3,typeb,renault,mail
2026-01-13 05:00:00,0.0,0.0,0.0,1,1,3,45.0,80.0,1.1197747500000002,3,typeb,renault,mail
2026-01-13 06:00:00,0.0,0.0,0.0,1,1,3,45.0,80.0,1.1197747500000002,3,typeb,renault,mail
2026-01-13 07:00:00,9.62939895125199,3.650729943426832,0.3791233452792163,0,0,3,0.0,0.0,1.12415904,3,typeb,renault,mail
2026-01-13 08:00:00,9.62939895125199,1.5928771969714528,0.16541813305640962,0,0,3,0.0,0.0,1.12415904,3,typeb,renault,mail
2026-01-13 09:00:00,9.62939895125199,4.500578713156557,0.4673789855358941,0,0,3,0.0,0.0,1.12415904,3,typeb,renault,mail
2026-01-13 10:00:00,9.62939895125199,3.2609200595143695,0.3386421183733792,0,0,3,0.0,0.0,1.12415904,3,typeb,renault,mail
2026-01-13 11:00:00,9.62939895125199,4.446109624792643,0.46172244470300733,0,0,3,0.0,0.0,1.12415904,3,typeb,renault,mail
2026-01-13 12:00:00,0.0,0.0,0.0,1,1,3,45.0,80.0,1.12415904,3,typeb,renault,mail
2026-01-13 13:00:00,0.0,0.0,0.0,1,1,3,45.0,80.0,1.12415904,3,typeb,renault,mail
2026-01-13 14:00:00,9.62939895125199,1.5563080869273047,0.16162048065574824,0,0,3,0.0,0.0,1.12415904,3,typeb,renault,mail
2026-01-13 15:00:00,9.62939895125199,2.0756572758195717,0.21555418841065882,0,0,3,0.0,0.0,1.12415904,3,typeb,renault,mail
2026-01-13 16:00:00,9.62939895125199,1.2269261175359518,0.12741461058443634,0,0,3,0.0,0.0,1.12415904,3,typeb,renault,mail
2026-01-13 17:00:00,9.62939895125199,1.0824975880816445,0.11241590400000001,0,0,3,0.0,0.0,1.12415904,3,typeb,renault,mail
2026-01-13 18:00:00,9.62939895125199,1.0824975880816445,0.11241590400000001,0,0,3,0.0,0.0,1.12415904,3,typeb,renault,mail
2026-01-13 19:00:00,0.0,0.0,0.0,1,1,3,45.0,80.0,1.12415904,3,typeb,renault,mail
2026-01-13 20:00:00,0.0,0.0,0.0,1,1,3,45.0,80.0,1.12415904,3,typeb,renault,mail
2026-01-13 21:00:00,0.0,0.0,0.0,1,1,3,45.0,80.0,1.12415904,3,typeb,renault,mail
2026-01-13 22:00:00,0.0,0.0,0.0,1,1,3,45.0,80.0,1.12415904,3,typeb,renault,mail
2026-01-13 23:00:00,0.0,0.0,0.0,1,1,3,45.0,80.0,1.12415904,3,typeb,renault,mail
2026-01-14 00:00:00,0.0,0.0,0.0,1,1,3,45.0,80.0,1.12415904,3,typeb,renault,mail
2026-01-14 01:00:00,0.0,0.0,0.0,1,1,3,45.0,80.0,1.12415904,3,typeb,renault,mail
2026-01-14 02:00:00,0.0,0.0,0.0,1,1,3,45.0,80.0,1.12415904,3,typeb,renault,mail
2026-01-14 03:00:00,0.0,0.0,0.0,1,1,3,45.0,80.0,1.12415904,3,typeb,renault,mail
2026-01-14 04:00:00,0.0,0.0,0.0,1,1,3,45.0,80.0,1.12415904,3,typeb,renault,mail
2026-01-14 05:00:00,12.227759155535328,1.8264781177256946,0.14937145019730574,0,0,3,0.0,0.0,1.10192,3,typeb,renault,mail
2026-01-14 06:00:00,12.227759155535328,3.5378558934196285,0.28932986399377136,0,0,3,0.0,0.0,1.10192,3,typeb,renault,mail
2026-01-14 07:00:00,12.227759155535328,1.6622830595297777,0.1359433922753775,0,0,3,0.0,0.0,1.10192,3,typeb,renault,mail
2026-01-14 08:00:00,12.227759155535328,4.105233108607108,0.3357306155926967,0,0,3,0.0,0.0,1.10192,3,typeb,renault,mail
2026-01-14 09:00:00,12.227759155535328,4.6519723359991705,0.38044356916314387,0,0,3,0.0,0.0,1.10192,3,typeb,renault,mail
2026-01-14 10:00:00,12.227759155535328,1.9969107159915498,0.1633096212144134,0,0,3,0.0,0.0,1.10192,3,typeb,renault,mail
2026-01-14 11:00:00,12.227759155535328,2.284272734602888,0.1868104127295336,0,0,3,0.0,0.0,1.10192,3,typeb,renault,mail
2026-01-14 12:00:00,0.0,0.0,0.0,1,1,3,45.0,80.0,1.10192,3,typeb,renault,mail
2026-01-14 13:00:00,0.0,0.0,0.0,1,1,3,45.0,80.0,1.10192,3,typeb,renault,mail
2026-01-14 14:00:00,12.227759155535328,2.1081772293234002,0.17240912275975434,0,0,3,0.0,0.0,1.10192,3,typeb,renault,mail
2026-01-14 15:00:00,12.227759155535328,3.7581874144745013,0.3073488254610596,0,0,3,0.0,0.0,1.10192,3,typeb,renault,mail
2026-01-14 16:00:00,12.227759155535328,2.6217009341476047,0.21440567325541401,0,0,3,0.0,0.0,1.10192,3,typeb,renault,mail
2026-01-14 17:00:00,12.227759155535328,3.0846804532192658,0.2522686629645364,0,0,3,0.0,0.0,1.10192,3,typeb,renault,mail
2026-01-14 18:00:00,0.0,0.0,0.0,1,1,3,45.0,80.0,1.10192,3,typeb,renault,mail
2026-01-14 19:00:00,0.0,0.0,0.0,1,1,3,45.0,80.0,1.10192,3,typeb,renault,mail
2026-01-14 20:00:00,0.0,0.0,0.0,1,1,3,45.0,80.0,1.10192,3,typeb,renault,mail
2026-01-14 21:00:00,0.0,0.0,0.0,1,1,3,45.0,80.0,1.10192,3,typeb,renault,mail
2026-01-14 22:00:00,0.0,0.0,0.0,1,1,3,45.0,80.0,1.10192,3,typeb,renault,mail
2026-01-14 23:00:00,0.0,0.0,0.0,1,1,3,45.0,80.0,1.10192,3,typeb,renault,mail
2026-01-01 00:00:00,0.0,0.0,0.0,1,1,4,45.0,80.0,1.0,4,typeb,renault,mail
2026-01-01 01:00:00,0.0,0.0,0.0,1,1,4,45.0,80.0,1.0,4,typeb,renault,mail
2026-01-01 02:00:00,0.0,0.0,0.0,1,1,4,45.0,80.0,1.0,4,typeb,renault,mail
2026-01-01 03:00:00,0.0,0.0,0.0,1,1,4,45.0,80.0,1.0,4,typeb,renault,mail
2026-01-01 04:00:00,0.0,0.0,0.0,1,1,4,45.0,80.0,1.0,4,typeb,renault,mail
2026-01-01 05:00:00,0.0,0.0,0.0,1,1,4,45.0,80.0,1.0,4,typeb,renault,mail
2026-01-01 06:00:00,0.0,0.0,0.0,1,1,4,45.0,80.0,1.0,4,typeb,renault,mail
2026-01-01 07:00:00,5.772122170382718,2.1988110379283676,0.38093633035188795,0,0,4,0.0,0.0,1.13291752,4,typeb,renault,mail
2026-01-01 08:00:00,5.772122170382718,1.1172869914894645,0.19356606781858593,0,0,4,0.0,0.0,1.13291752,4,typeb,renault,mail
2026-01-01 09:00:00,5.772122170382718,1.3294469866974918,0.2303220457666341,0,0,4,0.0,0.0,1.13291752,4,typeb,renault,mail
2026-01-01 10:00:00,5.772122170382718,0.6539338334407007,0.113291752,0,0,4,0.0,0.0,1.13291752,4,typeb,renault,mail
2026-01-01 11:00:00,5.772122170382718,1.4856688605083819,0.2573869396132125,0,0,4,0.0,0.0,1.13291752,4,typeb,renault,mail
2026-01-01 12:00:00,5.772122170382718,1.0865064776625744,0.18823345133572147,0,0,4,0.0,0.0,1.13291752,4,typeb,renault,mail
2026-01-01 13:00:00,5.772122170382719,1.4454006636180659,0.2504106151866548,0,0,4,0.0,0.0,1.13291752,4,typeb,renault,mail
2026-01-01 14:00:00,5.772122170382719,1.7407384834167055,0.30157686064730094,0,0,4,0.0,0.0,1.13291752,4,typeb,renault,mail
2026-01-01 15:00:00,5.772122170382719,0.7658165149044197,0.1326750356799261,0,0,4,0.0,0.0,1.13291752,4,typeb,renault,mail
2026-01-01 16:00:00,5.772122170382719,0.6539338334407008,0.113291752,0,0,4,0.0,0.0,1.13291752,4,typeb,renault,mail
2026-01-01 17:00:00,5.772122170382719,2.5238594173288176,0.43724982646399424,0,0,4,0.0,0.0,1.13291752,4,typeb,renault,mail
2026-01-01 18:00:00,5.772122170382719,1.0971439433528196,0.1900763551025244,0,0,4,0.0,0.0,1.13291752,4,typeb,renault,mail
2026-01-01 19:00:00,5.772122170382719,2.5998392372409618,0.4504130648136611,0,0,4,0.0,0.0,1.13291752,4,typeb,renault,mail
2026-01-01 20:00:00,0.0,0.0,0.0,1,1,4,45.0,80.0,1.13291752,4,typeb,renault,mail
2026-01-01 21:00:00,0.0,0.0,0.0,1,1,4,45.0,80.0,1.13291752,4,typeb,renault,mail
2026-01-01 22:00:00,0.0,0.0,0.0,1,1,4,45.0,80.0,1.13291752,4,typeb,renault,mail
2026-01-01 23:00:00,0.0,0.0,0.0,1,1,4,45.0,80.0,1.13291752,4,typeb,renault,mail
2026-01-02 00:00:00,0.0,0.0,0.0,1,1,4,45.0,80.0,1.13291752,4,typeb,renault,mail
2026-01-02 01:00:00,0.0,0.0,0.0,1,1,4,45.0,80.0,1.13291752,4,typeb,renault,mail
2026-01-02 02:00:00,0.0,0.0,0.0,1,1,4,45.0,80.0,1.13291752,4,typeb,renault,mail
2026-01-02 03:00:00,0.0,0.0,0.0,1,1,4,45.0,80.0,1.13291752,4,typeb,renault,mail
2026-01-02 04:00:00,0.0,0.0,0.0,1,1,4,45.0,80.0,1.13291752,4,typeb,renault,mail
2026-01-02 05:00:00,0.0,0.0,0.0,1,1,4,45.0,80.0,1.13291752,4,typeb,renault,mail
2026-01-02 06:00:00,0.0,0.0,0.0,1,1,4,45.0,80.0,1.13291752,4,typeb,renault,mail
2026-01-02 07:00:00,13.801057856848743,1.6993907198084244,0.12313481600000001,0,0,4,0.0,0.0,1.23134816,4,typeb,renault,mail
2026-01-02 08:00:00,13.801057856848743,3.3534932358308067,0.2429881296502676,0,0,4,0.0,0.0,1.23134816,4,typeb,renault,mail
2026-01-02 09:00:00,13.801057856848743,5.0840446709170095,0.36838079541808916,0,0,4,0.0,0.0,1.23134816,4,typeb,renault,mail
2026-01-02 10:00:00,13.801057856848743,2.670211219275083,0.19347873525144282,0,0,4,0.0,0.0,1.23134816,4,typeb,renault,mail
2026-01-02 11:00:00,13.801057856848743,2.5673001896905046,0.1860219858738211,0,0,4,0.0,0.0,1.23134816,4,typeb,renault,mail
2026-01-02 12:00:00,0.0,0.0,0.0,1,1,4,45.0,80.0,1.23134816,4,typeb,renault,mail
2026-01-02 13:00:00,13.801057856848747,4.740099971307845,0.34345917685980715,0,0,4,0.0,0.0,1.23134816,4,typeb,renault,mail
2026-01-02 14:00:00,13.801057856848747,1.699390719808425,0.12313481600000001,0,0,4,0.0,0.0,1.23134816,4,typeb,renault,mail
2026-01-02 15:00:00,13.801057856848747,1.841206615321102,0.13341054246848238,0,0,4,0.0,0.0,1.23134816,4,typeb,renault,mail
2026-01-02 16:00:00,13.801057856848747,1.699390719808425,0.12313481600000001,0,0,4,0.0,0.0,1.23134816,4,typeb,renault,mail
2026-01-02 17:00:00,13.801057856848747,1.8038364794209845,0.1307027691740191,0,0,4,0.0,0.0,1.23134816,4,typeb,renault,mail
2026-01-02 18:00:00,13.801057856848747,4.321461963154287,0.3131254145862283,0,0,4,0.0,0.0,1.23134816,4,typeb,renault,mail
2026-01-02 19:00:00,0.0,0.0,0.0,1,1,4,45.0,80.0,1.23134816,4,typeb,renault,mail
2026-01-02 20:00:00,0.0,0.0,0.0,1,1,4,45.0,80.0,1.23134816,4,typeb,renault,mail
2026-01-02 21:00:00,0.0,0.0,0.0,1,1,4,45.0,80.0,1.23134816,4,typeb,renault,mail
2026-01-02 22:00:00,0.0,0.0,0.0,1,1,4,45.0,80.0,1.23134816,4,typeb,renault,mail
2026-01-02 23:00:00,0.0,0.0,0.0,1,1,4,45.0,80.0,1.23134816,4,typeb,renault,mail
2026-01-03 00:00:00,0.0,0.0,0.0,1,1,4,45.0,80.0,1.23134816,4,typeb,renault,mail
2026-01-03 01:00:00,0.0,0.0,0.0,1,1,4,45.0,80.0,1.23134816,4,typeb,renault,mail
2026-01-03 02:00:00,0.0,0.0,0.0,1,1,4,45.0,80.0,1.23134816,4,typeb,renault,mail
2026-01-03 03:00:00,0.0,0.0,0.0,1,1,4,45.0,80.0,1.23134816,4,typeb,renault,mail
2026-01-03 04:00:00,0.0,0.0,0.0,1,1,4,45.0,80.0,1.23134816,4,typeb,renault,mail
2026-01-03 05:00:00,0.0,0.0,0.0,1,1,4,45.0,80.0,1.23134816,4,typeb,renault,mail
2026-01-03 06:00:00,0.0,0.0,0.0,1,1,4,45.0,80.0,1.23134816,4,typeb,renault,mail
2026-01-03 07:00:00,0.0,0.0,0.0,1,1,4,45.0,80.0,1.23134816,4,typeb,renault,mail
2026-01-03 08:00:00,0.0,0.0,0.0,1,1,4,45.0,80.0,1.23134816,4,typeb,renault,mail
2026-01-03 09:00:00,0.0,0.0,0.0,1,1,4,45.0,80.0,1.23134816,4,typeb,renault,mail
2026-01-03 10:00:00,5.514878576200567,0.6652975961099571,0.120636853,0,0,4,0.0,0.0,1.20636853,4,typeb,renault,mail
2026-01-03 11:00:00,5.514878576200567,1.3716360983845033,0.24871555727514882,0,0,4,0.0,0.0,1.20636853,4,typeb,renault,mail
2026-01-03 12:00:00,5.514878576200567,0.6652975961099571,0.120636853,0,0,4,0.0,0.0,1.20636853,4,typeb,renault,mail
2026-01-03 13:00:00,5.514878576200567,0.6652975961099571,0.120636853,0,0,4,0.0,0.0,1.20636853,4,typeb,renault,mail
2026-01-03 14:00:00,5.514878576200567,0.8781089649894521,0.15922543948273446,0,0,4,0.0,0.0,1.20636853,4,typeb,renault,mail
2026-01-03 15:00:00,0.0,0.0,0.0,1,1,4,45.0,80.0,1.20636853,4,typeb,renault,mail
2026-01-03 16:00:00,5.514878576200568,1.0835178390719025,0.1964717489425458,0,0,4,0.0,0.0,1.20636853,4,typeb,renault,mail
2026-01-03 17:00:00,5.514878576200568,0.6652975961099572,0.120636853,0,0,4,0.0,0.0,1.20636853,4,typeb,renault,mail
2026-01-03 18:00:00,5.514878576200568,1.8497346369330883,0.33540804414363884,0,0,4,0.0,0.0,1.20636853,4,typeb,renault,mail
2026-01-03 19:00:00,0.0,0.0,0.0,1,1,4,45.0,80.0,1.20636853,4,typeb,renault,mail
2026-01-03 20:00:00,0.0,0.0,0.0,1,1,4,45.0,80.0,1.20636853,4,typeb,renault,mail
2026-01-03 21:00:00,0.0,0.0,0.0,1,1,4,45.0,80.0,1.20636853,4,typeb,renault,mail
2026-01-03 22:00:00,0.0,0.0,0.0,1,1,4,45.0,80.0,1.20636853,4,typeb,renault,mail
2026-01-03 23:00:00,0.0,0.0,0.0,1,1,4,45.0,80.0,1.20636853,4,typeb,renault,mail
2026-01-04 00:00:00,0.0,0.0,0.0,1,1,4,45.0,80.0,1.20636853,4,typeb,renault,mail
2026-01-04 01:00:00,0.0,0.0,0.0,1,1,4,45.0,80.0,1.20636853,4,typeb,renault,mail
2026-01-04 02:00:00,0.0,0.0,0.0,1,1,4,45.0,80.0,1.20636853,4,typeb,renault,mail
2026-01-04 03:00:00,0.0,0.0,0.0,1,1,4,45.0,80.0,1.20636853,4,typeb,renault,mail
2026-01-04 04:00:00,0.0,0.0,0.0,1,1,4,45.0,80.0,1.20636853,4,typeb,renault,mail
2026-01-04 05:00:00,0.0,0.0,0.0,1,1,4,45.0,80.0,1.20636853,4,typeb,renault,mail
2026-01-04 06:00:00,0.0,0.0,0.0,1,1,4,45.0,80.0,1.20636853,4,typeb,renault,mail
2026-01-04 07:00:00,0.0,0.0,0.0,1,1,4,45.0,80.0,1.20636853,4,typeb,renault,mail
2026-01-04 08:00:00,0.0,0.0,0.0,1,1,4,45.0,80.0,1.20636853,4,typeb,renault,mail
2026-01-04 09:00:00,5.292234210328411,1.6245575652815358,0.3069700812014371,0,0,4,0.0,0.0,1.3029730700000002,4,typeb,renault,mail
2026-01-04 10:00:00,5.292234210328411,1.038059569046983,0.19614770015678612,0,0,4,0.0,0.0,1.3029730700000002,4,typeb,renault,mail
2026-01-04 11:00:00,5.292234210328411,1.3103556363924822,0.2475997063461724,0,0,4,0.0,0.0,1.3029730700000002,4,typeb,renault,mail
2026-01-04 12:00:00,5.292234210328411,0.9830899418651972,0.18576085312826532,0,0,4,0.0,0.0,1.3029730700000002,4,typeb,renault,mail
2026-01-04 13:00:00,5.292234210328411,0.6895638656190637,0.13029730700000003,0,0,4,0.0,0.0,1.3029730700000002,4,typeb,renault,mail
2026-01-04 14:00:00,5.292234210328411,1.2260575156562936,0.23167106120577577,0,0,4,0.0,0.0,1.3029730700000002,4,typeb,renault,mail
2026-01-04 15:00:00,5.292234210328411,2.879567412019334,0.5441118623207422,0,0,4,0.0,0.0,1.3029730700000002,4,typeb,renault,mail
2026-01-04 16:00:00,5.292234210328411,0.6895638656190637,0.13029730700000003,0,0,4,0.0,0.0,1.3029730700000002,4,typeb,renault,mail
2026-01-04 17:00:00,5.292234210328411,2.581927032974891,0.4878708935322552,0,0,4,0.0,0.0,1.3029730700000002,4,typeb,renault,mail
2026-01-04 18:00:00,5.292234210328411,0.846256064804077,0.1599052557334877,0,0,4,0.0,0.0,1.3029730700000002,4,typeb,renault,mail
2026-01-04 19:00:00,0.0,0.0,0.0,1,1,4,45.0,80.0,1.3029730700000002,4,typeb,renault,mail
2026-01-04 20:00:00,0.0,0.0,0.0,1,1,4,45.0,80.0,1.3029730700000002,4,typeb,renault,mail
2026-01-04 21:00:00,0.0,0.0,0.0,1,1,4,45.0,80.0,1.3029730700000002,4,typeb,renault,mail
2026-01-04 22:00:00,0.0,0.0,0.0,1,1,4,45.0,80.0,1.3029730700000002,4,typeb,renault,mail
2026-01-04 23:00:00,0.0,0.0,0.0,1,1,4,45.0,80.0,1.3029730700000002,4,typeb,renault,mail
2026-01-05 00:00:00,0.0,0.0,0.0,1,1,4,45.0,80.0,1.3029730700000002,4,typeb,renault,mail
2026-01-05 01:00:00,0.0,0.0,0.0,1,1,4,45.0,80.0,1.3029730700000002,4,typeb,renault,mail
2026-01-05 02:00:00,0.0,0.0,0.0,1,1,4,45.0,80.0,1.3029730700000002,4,typeb,renault,mail
2026-01-05 03:00:00,0.0,0.0,0.0,1,1,4,45.0,80.0,1.3029730700000002,4,typeb,renault,mail
2026-01-05 04:00:00,0.0,0.0,0.0,1,1,4,45.0,80.0,1.3029730700000002,4,typeb,renault,mail
2026-01-05 05:00:00,0.0,0.0,0.0,1,1,4,45.0,80.0,1.3029730700000002,4,typeb,renault,mail
2026-01-05 06:00:00,7.19028791128907,2.2916965271342185,0.31872110761185984,0,0,4,0.0,0.0,1.21493373,4,typeb,renault,mail
2026-01-05 07:00:00,7.19028791128907,3.7256491440810864,0.5181502034475772,0,0,4,0.0,0.0,1.21493373,4,typeb,renault,mail
2026-01-05 08:00:00,7.19028791128907,0.873572331183634,0.12149337300000002,0,0,4,0.0,0.0,1.21493373,4,typeb,renault,mail
2026-01-05 09:00:00,7.19028791128907,0.9324966380209714,0.1296883587313535,0,0,4,0.0,0.0,1.21493373,4,typeb,renault,mail
2026-01-05 10:00:00,7.19028791128907,0.873572331183634,0.12149337300000002,0,0,4,0.0,0.0,1.21493373,4,typeb,renault,mail
2026-01-05 11:00:00,7.19028791128907,1.463953306858856,0.203601486466263,0,0,4,0.0,0.0,1.21493373,4,typeb,renault,mail
2026-01-05 12:00:00,0.0,0.0,0.0,1,1,4,45.0,80.0,1.21493373,4,typeb,renault,mail
2026-01-05 13:00:00,7.1902879112890705,3.9310754903263527,0.5467201785,0,0,4,0.0,0.0,1.21493373,4,typeb,renault,mail
2026-01-05 14:00:00,7.1902879112890705,1.023422766743938,0.14233404550283987,0,0,4,0.0,0.0,1.21493373,4,typeb,renault,mail
2026-01-05 15:00:00,7.1902879112890705,1.439243969176915,0.20016499852769987,0,0,4,0.0,0.0,1.21493373,4,typeb,renault,mail
2026-01-05 16:00:00,7.1902879112890705,1.8297930727598808,0.2544811967664083,0,0,4,0.0,0.0,1.21493373,4,typeb,renault,mail
2026-01-05 17:00:00,7.1902879112890705,1.1927570876053366,0.16588446837193474,0,0,4,0.0,0.0,1.21493373,4,typeb,renault,mail
2026-01-05 18:00:00,7.1902879112890705,2.0118528714930872,0.2798014344230068,0,0,4,0.0,0.0,1.21493373,4,typeb,renault,mail
2026-01-05 19:00:00,7.1902879112890705,0.873572331183634,0.12149337300000002,0,0,4,0.0,0.0,1.21493373,4,typeb,renault,mail
2026-01-05 20:00:00,7.1902879112890705,2.462426639973736,0.34246565232911147,0,0,4,0.0,0.0,1.21493373,4,typeb,renault,mail
2026-01-05 21:00:00,0.0,0.0,0.0,1,1,4,45.0,80.0,1.21493373,4,typeb,renault,mail
2026-01-05 22:00:00,0.0,0.0,0.0,1,1,4,45.0,80.0,1.21493373,4,typeb,renault,mail
2026-01-05 23:00:00,0.0,0.0,0.0,1,1,4,45.0,80.0,1.21493373,4,typeb,renault,mail
2026-01-06 00:00:00,0.0,0.0,0.0,1,1,4,45.0,80.0,1.21493373,4,typeb,renault,mail
2026-01-06 01:00:00,0.0,0.0,0.0,1,1,4,45.0,80.0,1.21493373,4,typeb,renault,mail
2026-01-06 02:00:00,0.0,0.0,0.0,1,1,4,45.0,80.0,1.21493373,4,typeb,renault,mail
2026-01-06 03:00:00,0.0,0.0,0.0,1,1,4,45.0,80.0,1.21493373,4,typeb,renault,mail
2026-01-06 04:00:00,0.0,0.0,0.0,1,1,4,45.0,80.0,1.21493373,4,typeb,renault,mail
2026-01-06 05:00:00,0.0,0.0,0.0,1,1,4,45.0,80.0,1.21493373,4,typeb,renault,mail
2026-01-06 06:00:00,0.0,0.0,0.0,1,1,4,45.0,80.0,1.21493373,4,typeb,renault,mail
2026-01-06 07:00:00,11.5851693596495,3.8067594939162874,0.3285890240996406,0,0,4,0.0,0.0,1.31556704,4,typeb,renault,mail
2026-01-06 08:00:00,11.5851693596495,6.858480133067754,0.592005168,0,0,4,0.0,0.0,1.31556704,4,typeb,renault,mail
2026-01-06 09:00:00,11.5851693596495,1.524106696237279,0.131556704,0,0,4,0.0,0.0,1.31556704,4,typeb,renault,mail
2026-01-06 10:00:00,11.5851693596495,1.524106696237279,0.131556704,0,0,4,0.0,0.0,1.31556704,4,typeb,renault,mail
2026-01-06 11:00:00,11.5851693596495,4.597783689053602,0.39686806004471775,0,0,4,0.0,0.0,1.31556704,4,typeb,renault,mail
2026-01-06 12:00:00,0.0,0.0,0.0,1,1,4,45.0,80.0,1.31556704,4,typeb,renault,mail
2026-01-06 13:00:00,11.585169359649504,3.12108551927454,0.2694035298392017,0,0,4,0.0,0.0,1.31556704,4,typeb,renault,mail
2026-01-06 14:00:00,11.585169359649504,6.533547844477809,0.5639579052882723,0,0,4,0.0,0.0,1.31556704,4,typeb,renault,mail
2026-01-06 15:00:00,11.585169359649504,1.5241066962372791,0.131556704,0,0,4,0.0,0.0,1.31556704,4,typeb,renault,mail
2026-01-06 16:00:00,11.585169359649504,3.5586973373227084,0.30717698005498756,0,0,4,0.0,0.0,1.31556704,4,typeb,renault,mail
2026-01-06 17:00:00,11.585169359649504,1.5241066962372791,0.131556704,0,0,4,0.0,0.0,1.31556704,4,typeb,renault,mail
2026-01-06 18:00:00,0.0,0.0,0.0,1,1,4,45.0,80.0,1.31556704,4,typeb,renault,mail
2026-01-06 19:00:00,0.0,0.0,0.0,1,1,4,45.0,80.0,1.31556704,4,typeb,renault,mail
2026-01-06 20:00:00,0.0,0.0,0.0,1,1,4,45.0,80.0,1.31556704,4,typeb,renault,mail
2026-01-06 21:00:00,0.0,0.0,0.0,1,1,4,45.0,80.0,1.31556704,4,typeb,renault,mail
2026-01-06 22:00:00,0.0,0.0,0.0,1,1,4,45.0,80.0,1.31556704,4,typeb,renault,mail
2026-01-06 23:00:00,0.0,0.0,0.0,1,1,4,45.0,80.0,1.31556704,4,typeb,renault,mail
2026-01-07 00:00:00,0.0,0.0,0.0,1,1,4,45.0,80.0,1.31556704,4,typeb,renault,mail
2026-01-07 01:00:00,0.0,0.0,0.0,1,1,4,45.0,80.0,1.31556704,4,typeb,renault,mail
2026-01-07 02:00:00,0.0,0.0,0.0,1,1,4,45.0,80.0,1.31556704,4,typeb,renault,mail
2026-01-07 03:00:00,0.0,0.0,0.0,1,1,4,45.0,80.0,1.31556704,4,typeb,renault,mail
2026-01-07 04:00:00,0.0,0.0,0.0,1,1,4,45.0,80.0,1.31556704,4,typeb,renault,mail
2026-01-07 05:00:00,0.0,0.0,0.0,1,1,4,45.0,80.0,1.31556704,4,typeb,renault,mail
2026-01-07 06:00:00,0.0,0.0,0.0,1,1,4,45.0,80.0,1.31556704,4,typeb,renault,mail
2026-01-07 07:00:00,11.051204989341613,3.5548957940861228,0.32167494834406374,0,0,4,0.0,0.0,1.25926432,4,typeb,renault,mail
2026-01-07 08:00:00,11.051204989341613,3.08051775450393,0.27874948998547666,0,0,4,0.0,0.0,1.25926432,4,typeb,renault,mail
2026-01-07 09:00:00,11.051204989341613,1.3916388136083875,0.125926432,0,0,4,0.0,0.0,1.25926432,4,typeb,renault,mail
2026-01-07 10:00:00,11.051204989341613,3.103511179424835,0.2808301160297027,0,0,4,0.0,0.0,1.25926432,4,typeb,renault,mail
2026-01-07 11:00:00,11.051204989341613,1.9930895234776316,0.18035042562325793,0,0,4,0.0,0.0,1.25926432,4,typeb,renault,mail
2026-01-07 12:00:00,11.051204989341613,6.262374661237743,0.566668944,0,0,4,0.0,0.0,1.25926432,4,typeb,renault,mail
2026-01-07 13:00:00,0.0,0.0,0.0,1,1,4,45.0,80.0,1.25926432,4,typeb,renault,mail
2026-01-07 14:00:00,11.051204989341612,4.327988795138558,0.39163048729190236,0,0,4,0.0,0.0,1.25926432,4,typeb,renault,mail
2026-01-07 15:00:00,11.051204989341612,1.9605151681686284,0.1774028415959578,0,0,4,0.0,0.0,1.25926432,4,typeb,renault,mail
2026-01-07 16:00:00,11.051204989341612,1.3916388136083873,0.125926432,0,0,4,0.0,0.0,1.25926432,4,typeb,renault,mail
2026-01-07 17:00:00,11.051204989341612,1.4840871480351516,0.13429188486382132,0,0,4,0.0,0.0,1.25926432,4,typeb,renault,mail
2026-01-07 18:00:00,11.051204989341612,1.7779179687749498,0.16088000996177987,0,0,4,0.0,0.0,1.25926432,4,typeb,renault,mail
2026-01-07 19:00:00,11.051204989341612,1.3916388136083873,0.125926432,0,0,4,0.0,0.0,1.25926432,4,typeb,renault,mail
2026-01-07 20:00:00,0.0,0.0,0.0,1,1,4,45.0,80.0,1.25926432,4,typeb,renault,mail
2026-01-07 21:00:00,0.0,0.0,0.0,1,1,4,45.0,80.0,1.25926432,4,typeb,renault,mail
2026-01-07 22:00:00,0.0,0.0,0.0,1,1,4,45.0,80.0,1.25926432,4,typeb,renault,mail
2026-01-07 23:00:00,0.0,0.0,0.0,1,1,4,45.0,80.0,1.25926432,4,typeb,renault,mail
2026-01-08 00:00:00,0.0,0.0,0.0,1,1,4,45.0,80.0,1.25926432,4,typeb,renault,mail
2026-01-08 01:00:00,0.0,0.0,0.0,1,1,4,45.0,80.0,1.25926432,4,typeb,renault,mail
2026-01-08 02:00:00,0.0,0.0,0.0,1,1,4,45.0,80.0,1.25926432,4,typeb,renault,mail
2026-01-08 03:00:00,0.0,0.0,0.0,1,1,4,45.0,80.0,1.25926432,4,typeb,renault,mail
2026-01-08 04:00:00,0.0,0.0,0.0,1,1,4,45.0,80.0,1.25926432,4,typeb,renault,mail
2026-01-08 05:00:00,0.0,0.0,0.0,1,1,4,45.0,80.0,1.25926432,4,typeb,renault,mail
2026-01-08 06:00:00,0.0,0.0,0.0,1,1,4,45.0,80.0,1.25926432,4,typeb,renault,mail
2026-01-08 07:00:00,12.176736930771343,1.4958644987251752,0.12284608817860194,0,0,4,0.0,0.0,1.16541536,4,typeb,renault,mail
2026-01-08 08:00:00,12.176736930771343,3.1072370733519885,0.2551781393502733,0,0,4,0.0,0.0,1.16541536,4,typeb,renault,mail
2026-01-08 09:00:00,12.176736930771343,5.670681772992925,0.4656979784676774,0,0,4,0.0,0.0,1.16541536,4,typeb,renault,mail
2026-01-08 10:00:00,12.176736930771343,6.38593031421008,0.524436912,0,0,4,0.0,0.0,1.16541536,4,typeb,renault,mail
2026-01-08 11:00:00,12.176736930771343,6.38593031421008,0.524436912,0,0,4,0.0,0.0,1.16541536,4,typeb,renault,mail
2026-01-08 12:00:00,0.0,0.0,0.0,1,1,4,45.0,80.0,1.16541536,4,typeb,renault,mail
2026-01-08 13:00:00,12.176736930771344,1.4190956253800182,0.116541536,0,0,4,0.0,0.0,1.16541536,4,typeb,renault,mail
2026-01-08 14:00:00,12.176736930771344,1.4190956253800182,0.116541536,0,0,4,0.0,0.0,1.16541536,4,typeb,renault,mail
2026-01-08 15:00:00,12.176736930771344,1.6399640082631481,0.13468008856452018,0,0,4,0.0,0.0,1.16541536,4,typeb,renault,mail
2026-01-08 16:00:00,12.176736930771344,1.547329068716687,0.12707255461900416,0,0,4,0.0,0.0,1.16541536,4,typeb,renault,mail
2026-01-08 17:00:00,12.176736930771344,1.7197865789304254,0.14123542199424718,0,0,4,0.0,0.0,1.16541536,4,typeb,renault,mail
2026-01-08 18:00:00,12.176736930771344,2.3443211707761122,0.1925245806084446,0,0,4,0.0,0.0,1.16541536,4,typeb,renault,mail
2026-01-08 19:00:00,12.176736930771344,3.2016598663989284,0.2629324986325476,0,0,4,0.0,0.0,1.16541536,4,typeb,renault,mail
2026-01-08 20:00:00,0.0,0.0,0.0,1,1,4,45.0,80.0,1.16541536,4,typeb,renault,mail
2026-01-08 21:00:00,0.0,0.0,0.0,1,1,4,45.0,80.0,1.16541536,4,typeb,renault,mail
2026-01-08 22:00:00,0.0,0.0,0.0,1,1,4,45.0,80.0,1.16541536,4,typeb,renault,mail
2026-01-08 23:00:00,0.0,0.0,0.0,1,1,4,45.0,80.0,1.16541536,4,typeb,renault,mail
2026-01-09 00:00:00,0.0,0.0,0.0,1,1,4,45.0,80.0,1.16541536,4,typeb,renault,mail
2026-01-09 01:00:00,0.0,0.0,0.0,1,1,4,45.0,80.0,1.16541536,4,typeb,renault,mail
2026-01-09 02:00:00,0.0,0.0,0.0,1,1,4,45.0,80.0,1.16541536,4,typeb,renault,mail
2026-01-09 03:00:00,0.0,0.0,0.0,1,1,4,45.0,80.0,1.16541536,4,typeb,renault,mail
2026-01-09 04:00:00,0.0,0.0,0.0,1,1,4,45.0,80.0,1.16541536,4,typeb,renault,mail
2026-01-09 05:00:00,0.0,0.0,0.0,1,1,4,45.0,80.0,1.16541536,4,typeb,renault,mail
2026-01-09 06:00:00,0.0,0.0,0.0,1,1,4,45.0,80.0,1.16541536,4,typeb,renault,mail
2026-01-09 07:00:00,0.0,0.0,0.0,1,1,4,45.0,80.0,1.16541536,4,typeb,renault,mail
2026-01-09 08:00:00,0.0,0.0,0.0,1,1,4,45.0,80.0,1.16541536,4,typeb,renault,mail
2026-01-09 09:00:00,18.352916805327414,2.389395084922184,0.13019157174126128,0,0,4,0.0,0.0,1.13480256,4,typeb,renault,mail
2026-01-09 10:00:00,18.352916805327414,2.177627473501251,0.11865293656587261,0,0,4,0.0,0.0,1.13480256,4,typeb,renault,mail
2026-01-09 11:00:00,18.352916805327414,2.0826936974152574,0.113480256,0,0,4,0.0,0.0,1.13480256,4,typeb,renault,mail
2026-01-09 12:00:00,0.0,0.0,0.0,1,1,4,45.0,80.0,1.13480256,4,typeb,renault,mail
2026-01-09 13:00:00,18.35291680532741,3.61671444603125,0.19706483086009546,0,0,4,0.0,0.0,1.13480256,4,typeb,renault,mail
2026-01-09 14:00:00,18.35291680532741,5.776293705814886,0.31473436985984526,0,0,4,0.0,0.0,1.13480256,4,typeb,renault,mail
2026-01-09 15:00:00,18.35291680532741,9.372121638368656,0.5106611520000001,0,0,4,0.0,0.0,1.13480256,4,typeb,renault,mail
2026-01-09 16:00:00,18.35291680532741,5.284692691559903,0.2879483815905428,0,0,4,0.0,0.0,1.13480256,4,typeb,renault,mail
2026-01-09 17:00:00,18.35291680532741,2.0826936974152566,0.113480256,0,0,4,0.0,0.0,1.13480256,4,typeb,renault,mail
2026-01-09 18:00:00,0.0,0.0,0.0,1,1,4,45.0,80.0,1.13480256,4,typeb,renault,mail
2026-01-09 19:00:00,0.0,0.0,0.0,1,1,4,45.0,80.0,1.13480256,4,typeb,renault,mail
2026-01-09 20:00:00,0.0,0.0,0.0,1,1,4,45.0,80.0,1.13480256,4,typeb,renault,mail
2026-01-09 21:00:00,0.0,0.0,0.0,1,1,4,45.0,80.0,1.13480256,4,typeb,renault,mail
2026-01-09 22:00:00,0.0,0.0,0.0,1,1,4,45.0,80.0,1.13480256,4,typeb,renault,mail
2026-01-09 23:00:00,0.0,0.0,0.0,1,1,4,45.0,80.0,1.13480256,4,typeb,renault,mail
2026-01-10 00:00:00,0.0,0.0,0.0,1,1,4,45.0,80.0,1.13480256,4,typeb,renault,mail
2026-01-10 01:00:00,0.0,0.0,0.0,1,1,4,45.0,80.0,1.13480256,4,typeb,renault,mail
2026-01-10 02:00:00,0.0,0.0,0.0,1,1,4,45.0,80.0,1.13480256,4,typeb,renault,mail
2026-01-10 03:00:00,0.0,0.0,0.0,1,1,4,45.0,80.0,1.13480256,4,typeb,renault,mail
2026-01-10 04:00:00,0.0,0.0,0.0,1,1,4,45.0,80.0,1.13480256,4,typeb,renault,mail
2026-01-10 05:00:00,0.0,0.0,0.0,1,1,4,45.0,80.0,1.13480256,4,typeb,renault,mail
2026-01-10 06:00:00,0.0,0.0,0.0,1,1,4,45.0,80.0,1.13480256,4,typeb,renault,mail
2026-01-10 07:00:00,0.0,0.0,0.0,1,1,4,45.0,80.0,1.13480256,4,typeb,renault,mail
2026-01-10 08:00:00,0.0,0.0,0.0,1,1,4,45.0,80.0,1.13480256,4,typeb,renault,mail
2026-01-10 09:00:00,7.931989510912696,0.9435815402286634,0.118959,0,0,4,0.0,0.0,1.18959,4,typeb,renault,mail
2026-01-10 10:00:00,7.931989510912696,0.9435815402286634,0.118959,0,0,4,0.0,0.0,1.18959,4,typeb,renault,mail
2026-01-10 11:00:00,7.931989510912696,2.237197322422892,0.2820474383312023,0,0,4,0.0,0.0,1.18959,4,typeb,renault,mail
2026-01-10 12:00:00,7.931989510912696,2.096513606623972,0.2643111925122473,0,0,4,0.0,0.0,1.18959,4,typeb,renault,mail
2026-01-10 13:00:00,7.931989510912696,0.9435815402286634,0.118959,0,0,4,0.0,0.0,1.18959,4,typeb,renault,mail
2026-01-10 14:00:00,7.931989510912696,1.4258555996226583,0.17976014689139347,0,0,4,0.0,0.0,1.18959,4,typeb,renault,mail
2026-01-10 15:00:00,7.931989510912696,0.9435815402286634,0.118959,0,0,4,0.0,0.0,1.18959,4,typeb,renault,mail
2026-01-10 16:00:00,7.931989510912695,0.9435815402286634,0.118959,0,0,4,0.0,0.0,1.18959,4,typeb,renault,mail
2026-01-10 17:00:00,7.931989510912695,2.92485101863746,0.36874116066511436,0,0,4,0.0,0.0,1.18959,4,typeb,renault,mail
2026-01-10 18:00:00,7.931989510912695,1.0664301842595596,0.1344467466569873,0,0,4,0.0,0.0,1.18959,4,typeb,renault,mail
2026-01-10 19:00:00,7.931989510912695,1.3976053855636261,0.17619859224987935,0,0,4,0.0,0.0,1.18959,4,typeb,renault,mail
2026-01-10 20:00:00,0.0,0.0,0.0,1,1,4,45.0,80.0,1.18959,4,typeb,renault,mail
2026-01-10 21:00:00,0.0,0.0,0.0,1,1,4,45.0,80.0,1.18959,4,typeb,renault,mail
2026-01-10 22:00:00,0.0,0.0,0.0,1,1,4,45.0,80.0,1.18959,4,typeb,renault,mail
2026-01-10 23:00:00,0.0,0.0,0.0,1,1,4,45.0,80.0,1.18959,4,typeb,renault,mail
2026-01-11 00:00:00,0.0,0.0,0.0,1,1,4,45.0,80.0,1.18959,4,typeb,renault,mail
2026-01-11 01:00:00,0.0,0.0,0.0,1,1,4,45.0,80.0,1.18959,4,typeb,renault,mail
2026-01-11 02:00:00,0.0,0.0,0.0,1,1,4,45.0,80.0,1.18959,4,typeb,renault,mail
2026-01-11 03:00:00,0.0,0.0,0.0,1,1,4,45.0,80.0,1.18959,4,typeb,renault,mail
2026-01-11 04:00:00,0.0,0.0,0.0,1,1,4,45.0,80.0,1.18959,4,typeb,renault,mail
2026-01-11 05:00:00,0.0,0.0,0.0,1,1,4,45.0,80.0,1.18959,4,typeb,renault,mail
2026-01-11 06:00:00,0.0,0.0,0.0,1,1,4,45.0,80.0,1.18959,4,typeb,renault,mail
2026-01-11 07:00:00,0.0,0.0,0.0,1,1,4,45.0,80.0,1.18959,4,typeb,renault,mail
2026-01-11 08:00:00,0.0,0.0,0.0,1,1,4,45.0,80.0,1.18959,4,typeb,renault,mail
2026-01-11 09:00:00,9.237956279343598,1.0365424085514656,0.11220473200000002,0,0,4,0.0,0.0,1.12204732,4,typeb,renault,mail
2026-01-11 10:00:00,9.237956279343598,1.3599060970219043,0.1472085443901378,0,0,4,0.0,0.0,1.12204732,4,typeb,renault,mail
2026-01-11 11:00:00,9.237956279343598,1.0365424085514656,0.11220473200000002,0,0,4,0.0,0.0,1.12204732,4,typeb,renault,mail
2026-01-11 12:00:00,9.237956279343598,1.4822858412420037,0.16045603555804308,0,0,4,0.0,0.0,1.12204732,4,typeb,renault,mail
2026-01-11 13:00:00,9.237956279343598,1.6594739600354242,0.17963648125788034,0,0,4,0.0,0.0,1.12204732,4,typeb,renault,mail
2026-01-11 14:00:00,9.237956279343598,2.800126461827824,0.30311103204601736,0,0,4,0.0,0.0,1.12204732,4,typeb,renault,mail
2026-01-11 15:00:00,0.0,0.0,0.0,1,1,4,45.0,80.0,1.12204732,4,typeb,renault,mail
2026-01-11 16:00:00,9.237956279343598,1.9439533578459383,0.21043110608703441,0,0,4,0.0,0.0,1.12204732,4,typeb,renault,mail
2026-01-11 17:00:00,9.237956279343598,1.0365424085514656,0.11220473200000002,0,0,4,0.0,0.0,1.12204732,4,typeb,renault,mail
2026-01-11 18:00:00,9.237956279343598,1.0365424085514656,0.11220473200000002,0,0,4,0.0,0.0,1.12204732,4,typeb,renault,mail
2026-01-11 19:00:00,0.0,0.0,0.0,1,1,4,45.0,80.0,1.12204732,4,typeb,renault,mail
2026-01-11 20:00:00,0.0,0.0,0.0,1,1,4,45.0,80.0,1.12204732,4,typeb,renault,mail
2026-01-11 21:00:00,0.0,0.0,0.0,1,1,4,45.0,80.0,1.12204732,4,typeb,renault,mail
2026-01-11 22:00:00,0.0,0.0,0.0,1,1,4,45.0,80.0,1.12204732,4,typeb,renault,mail
2026-01-11 23:00:00,0.0,0.0,0.0,1,1,4,45.0,80.0,1.12204732,4,typeb,renault,mail
2026-01-12 00:00:00,0.0,0.0,0.0,1,1,4,45.0,80.0,1.12204732,4,typeb,renault,mail
2026-01-12 01:00:00,0.0,0.0,0.0,1,1,4,45.0,80.0,1.12204732,4,typeb,renault,mail
2026-01-12 02:00:00,0.0,0.0,0.0,1,1,4,45.0,80.0,1.12204732,4,typeb,renault,mail
2026-01-12 03:00:00,0.0,0.0,0.0,1,1,4,45.0,80.0,1.12204732,4,typeb,renault,mail
2026-01-12 04:00:00,0.0,0.0,0.0,1,1,4,45.0,80.0,1.12204732,4,typeb,renault,mail
2026-01-12 05:00:00,0.0,0.0,0.0,1,1,4,45.0,80.0,1.12204732,4,typeb,renault,mail
2026-01-12 06:00:00,3.1344302366664833,0.3696797539875339,0.11794161173633082,0,0,4,0.0,0.0,1.1197747500000002,4,typeb,renault,mail
2026-01-12 07:00:00,3.1344302366664833,0.5608611126220474,0.17893558646196964,0,0,4,0.0,0.0,1.1197747500000002,4,typeb,renault,mail
2026-01-12 08:00:00,3.1344302366664833,0.6193940554728519,0.19760977552704678,0,0,4,0.0,0.0,1.1197747500000002,4,typeb,renault,mail
2026-01-12 09:00:00,3.1344302366664833,0.5012772775986369,0.1599261236491112,0,0,4,0.0,0.0,1.1197747500000002,4,typeb,renault,mail
2026-01-12 10:00:00,3.1344302366664833,0.8628772617921354,0.2752899878575123,0,0,4,0.0,0.0,1.1197747500000002,4,typeb,renault,mail
2026-01-12 11:00:00,3.1344302366664833,0.7366975662615116,0.23503396491127562,0,0,4,0.0,0.0,1.1197747500000002,4,typeb,renault,mail
2026-01-12 12:00:00,3.1344302366664833,0.44864425370268474,0.14313422849692295,0,0,4,0.0,0.0,1.1197747500000002,4,typeb,renault,mail
2026-01-12 13:00:00,3.134430236666484,0.5600947004608734,0.1786910724344412,0,0,4,0.0,0.0,1.1197747500000002,4,typeb,renault,mail
2026-01-12 14:00:00,3.134430236666484,0.7159955159312956,0.2284292397245275,0,0,4,0.0,0.0,1.1197747500000002,4,typeb,renault,mail
2026-01-12 15:00:00,3.134430236666484,0.518124724420179,0.1653010867363291,0,0,4,0.0,0.0,1.1197747500000002,4,typeb,renault,mail
2026-01-12 16:00:00,3.134430236666484,0.3676237085002489,0.11728565664017539,0,0,4,0.0,0.0,1.1197747500000002,4,typeb,renault,mail
2026-01-12 17:00:00,3.134430236666484,0.4050888763462242,0.1292384407244114,0,0,4,0.0,0.0,1.1197747500000002,4,typeb,renault,mail
2026-01-12 18:00:00,3.134430236666484,0.6551752223972582,0.20902530058989208,0,0,4,0.0,0.0,1.1197747500000002,4,typeb,renault,mail
2026-01-12 19:00:00,3.134430236666484,1.0426277114797264,0.3326370768387487,0,0,4,0.0,0.0,1.1197747500000002,4,typeb,renault,mail
2026-01-12 20:00:00,0.0,0.0,0.0,1,1,4,45.0,80.0,1.1197747500000002,4,typeb,renault,mail
2026-01-12 21:00:00,0.0,0.0,0.0,1,1,4,45.0,80.0,1.1197747500000002,4,typeb,renault,mail
2026-01-12 22:00:00,0.0,0.0,0.0,1,1,4,45.0,80.0,1.1197747500000002,4,typeb,renault,mail
2026-01-12 23:00:00,0.0,0.0,0.0,1,1,4,45.0,80.0,1.1197747500000002,4,typeb,renault,mail
2026-01-13 00:00:00,0.0,0.0,0.0,1,1,4,45.0,80.0,1.1197747500000002,4,typeb,renault,mail
2026-01-13 01:00:00,0.0,0.0,0.0,1,1,4,45.0,80.0,1.1197747500000002,4,typeb,renault,mail
2026-01-13 02:00:00,0.0,0.0,0.0,1,1,4,45.0,80.0,1.1197747500000002,4,typeb,renault,mail
2026-01-13 03:00:00,0.0,0.0,0.0,1,1,4,45.0,80.0,1.1197747500000002,4,typeb,renault,mail
2026-01-13 04:00:00,0.0,0.0,0.0,1,1,4,45.0,80.0,1.1197747500000002,4,typeb,renault,mail
2026-01-13 05:00:00,8.544832262471715,0.9605750433141232,0.11241590400000001,0,0,4,0.0,0.0,1.12415904,4,typeb,renault,mail
2026-01-13 06:00:00,8.544832262471715,1.8467558165289426,0.2161254615423828,0,0,4,0.0,0.0,1.12415904,4,typeb,renault,mail
2026-01-13 07:00:00,8.544832262471715,0.9605750433141232,0.11241590400000001,0,0,4,0.0,0.0,1.12415904,4,typeb,renault,mail
2026-01-13 08:00:00,8.544832262471715,1.5890348978663074,0.1859644342985214,0,0,4,0.0,0.0,1.12415904,4,typeb,renault,mail
2026-01-13 09:00:00,8.544832262471715,1.7702969606608656,0.20717749702775115,0,0,4,0.0,0.0,1.12415904,4,typeb,renault,mail
2026-01-13 10:00:00,8.544832262471715,2.167228233273918,0.2536302839778643,0,0,4,0.0,0.0,1.12415904,4,typeb,renault,mail
2026-01-13 11:00:00,8.544832262471715,1.8923145896255542,0.22145719558901855,0,0,4,0.0,0.0,1.12415904,4,typeb,renault,mail
2026-01-13 12:00:00,0.0,0.0,0.0,1,1,4,45.0,80.0,1.12415904,4,typeb,renault,mail
2026-01-13 13:00:00,8.544832262471715,2.1006762538099646,0.24584171921501408,0,0,4,0.0,0.0,1.12415904,4,typeb,renault,mail
2026-01-13 14:00:00,8.544832262471715,4.322587694913555,0.5058715680000001,0,0,4,0.0,0.0,1.12415904,4,typeb,renault,mail
2026-01-13 15:00:00,8.544832262471715,0.9605750433141232,0.11241590400000001,0,0,4,0.0,0.0,1.12415904,4,typeb,renault,mail
2026-01-13 16:00:00,8.544832262471715,3.327672237967434,0.38943681230377447,0,0,4,0.0,0.0,1.12415904,4,typeb,renault,mail
2026-01-13 17:00:00,8.544832262471715,1.1470546773141252,0.13423957803734854,0,0,4,0.0,0.0,1.12415904,4,typeb,renault,mail
2026-01-13 18:00:00,8.544832262471715,1.4018119095789943,0.1640537656585315,0,0,4,0.0,0.0,1.12415904,4,typeb,renault,mail
2026-01-13 19:00:00,0.0,0.0,0.0,1,1,4,45.0,80.0,1.12415904,4,typeb,renault,mail
2026-01-13 20:00:00,0.0,0.0,0.0,1,1,4,45.0,80.0,1.12415904,4,typeb,renault,mail
2026-01-13 21:00:00,0.0,0.0,0.0,1,1,4,45.0,80.0,1.12415904,4,typeb,renault,mail
2026-01-13 22:00:00,0.0,0.0,0.0,1,1,4,45.0,80.0,1.12415904,4,typeb,renault,mail
2026-01-13 23:00:00,0.0,0.0,0.0,1,1,4,45.0,80.0,1.12415904,4,typeb,renault,mail
2026-01-14 00:00:00,0.0,0.0,0.0,1,1,4,45.0,80.0,1.12415904,4,typeb,renault,mail
2026-01-14 01:00:00,0.0,0.0,0.0,1,1,4,45.0,80.0,1.12415904,4,typeb,renault,mail
2026-01-14 02:00:00,0.0,0.0,0.0,1,1,4,45.0,80.0,1.12415904,4,typeb,renault,mail
2026-01-14 03:00:00,0.0,0.0,0.0,1,1,4,45.0,80.0,1.12415904,4,typeb,renault,mail
2026-01-14 04:00:00,0.0,0.0,0.0,1,1,4,45.0,80.0,1.12415904,4,typeb,renault,mail
2026-01-14 05:00:00,6.818860228654603,1.338448440814927,0.19628624079878085,0,0,4,0.0,0.0,1.10192,4,typeb,renault,mail
2026-01-14 06:00:00,6.818860228654603,0.751383846315908,0.11019200000000001,0,0,4,0.0,0.0,1.10192,4,typeb,renault,mail
2026-01-14 07:00:00,6.818860228654603,0.9967518234060867,0.14617572291883613,0,0,4,0.0,0.0,1.10192,4,typeb,renault,mail
2026-01-14 08:00:00,6.818860228654603,1.1214154861950305,0.16445790771345545,0,0,4,0.0,0.0,1.10192,4,typeb,renault,mail
2026-01-14 09:00:00,6.818860228654603,3.381227308421586,0.495864,0,0,4,0.0,0.0,1.10192,4,typeb,renault,mail
2026-01-14 10:00:00,6.818860228654603,2.9265013962192103,0.42917750153043166,0,0,4,0.0,0.0,1.10192,4,typeb,renault,mail
2026-01-14 11:00:00,6.818860228654603,1.3246263441908315,0.19425920165138613,0,0,4,0.0,0.0,1.10192,4,typeb,renault,mail
2026-01-14 12:00:00,6.818860228654603,1.7242732595978878,0.25286825096546905,0,0,4,0.0,0.0,1.10192,4,typeb,renault,mail
2026-01-14 13:00:00,6.818860228654604,2.201891019174548,0.3229118863474626,0,0,4,0.0,0.0,1.10192,4,typeb,renault,mail
2026-01-14 14:00:00,6.818860228654604,1.2388482979639368,0.18167967320373837,0,0,4,0.0,0.0,1.10192,4,typeb,renault,mail
2026-01-14 15:00:00,6.818860228654604,0.7513838463159082,0.11019200000000001,0,0,4,0.0,0.0,1.10192,4,typeb,renault,mail
2026-01-14 16:00:00,6.818860228654604,1.0468231263010137,0.1535187833740885,0,0,4,0.0,0.0,1.10192,4,typeb,renault,mail
2026-01-14 17:00:00,6.818860228654604,1.5281660880661951,0.22410872738591242,0,0,4,0.0,0.0,1.10192,4,typeb,renault,mail
2026-01-14 18:00:00,6.818860228654604,1.7012244812219999,0.24948809979606523,0,0,4,0.0,0.0,1.10192,4,typeb,renault,mail
2026-01-14 19:00:00,6.818860228654604,1.461473575500576,0.21432813204750678,0,0,4,0.0,0.0,1.10192,4,typeb,renault,mail
2026-01-14 20:00:00,6.818860228654604,1.5573459810655714,0.22838801923541463,0,0,4,0.0,0.0,1.10192,4,typeb,renault,mail
2026-01-14 21:00:00,0.0,0.0,0.0,1,1,4,45.0,80.0,1.10192,4,typeb,renault,mail
2026-01-14 22:00:00,0.0,0.0,0.0,1,1,4,45.0,80.0,1.10192,4,typeb,renault,mail
2026-01-14 23:00:00,0.0,0.0,0.0,1,1,4,45.0,80.0,1.10192,4,typeb,renault,mail
2026-01-01 00:00:00,0.0,0.0,0.0,1,1,5,45.0,80.0,1.0,5,typeb,renault,mail
2026-01-01 01:00:00,0.0,0.0,0.0,1,1,5,45.0,80.0,1.0,5,typeb,renault,mail
2026-01-01 02:00:00,0.0,0.0,0.0,1,1,5,45.0,80.0,1.0,5,typeb,renault,mail
2026-01-01 03:00:00,0.0,0.0,0.0,1,1,5,45.0,80.0,1.0,5,typeb,renault,mail
2026-01-01 04:00:00,0.0,0.0,0.0,1,1,5,45.0,80.0,1.0,5,typeb,renault,mail
2026-01-01 05:00:00,0.0,0.0,0.0,1,1,5,45.0,80.0,1.0,5,typeb,renault,mail
2026-01-01 06:00:00,0.0,0.0,0.0,1,1,5,45.0,80.0,1.0,5,typeb,renault,mail
2026-01-01 07:00:00,5.399965569331094,1.219795605896256,0.22588951544877253,0,0,5,0.0,0.0,1.13291752,5,typeb,renault,mail
2026-01-01 08:00:00,5.399965569331094,0.6117715600891971,0.113291752,0,0,5,0.0,0.0,1.13291752,5,typeb,renault,mail
2026-01-01 09:00:00,5.399965569331094,0.6445657713318533,0.11936479280398396,0,0,5,0.0,0.0,1.13291752,5,typeb,renault,mail
2026-01-01 10:00:00,5.399965569331094,1.2406774030823546,0.22975653958401815,0,0,5,0.0,0.0,1.13291752,5,typeb,renault,mail
2026-01-01 11:00:00,5.399965569331094,1.7685470644842178,0.3275108038704202,0,0,5,0.0,0.0,1.13291752,5,typeb,renault,mail
2026-01-01 12:00:00,5.399965569331094,1.544735986204109,0.286064043626015,0,0,5,0.0,0.0,1.13291752,5,typeb,renault,mail
2026-01-01 13:00:00,0.0,0.0,0.0,1,1,5,45.0,80.0,1.13291752,5,typeb,renault,mail
2026-01-01 14:00:00,5.399965569331094,1.4814191090148243,0.2743386212364926,0,0,5,0.0,0.0,1.13291752,5,typeb,renault,mail
2026-01-01 15:00:00,5.399965569331094,0.6117715600891971,0.113291752,0,0,5,0.0,0.0,1.13291752,5,typeb,renault,mail
2026-01-01 16:00:00,5.399965569331094,0.8290794192033458,0.1535342047201323,0,0,5,0.0,0.0,1.13291752,5,typeb,renault,mail
2026-01-01 17:00:00,5.399965569331094,0.6983434003038179,0.12932367648231566,0,0,5,0.0,0.0,1.13291752,5,typeb,renault,mail
2026-01-01 18:00:00,5.399965569331094,1.707943836034126,0.3162879122293539,0,0,5,0.0,0.0,1.13291752,5,typeb,renault,mail
2026-01-01 19:00:00,5.399965569331094,0.6117715600891971,0.113291752,0,0,5,0.0,0.0,1.13291752,5,typeb,renault,mail
2026-01-01 20:00:00,5.399965569331094,1.3614613464102188,0.25212407911313145,0,0,5,0.0,0.0,1.13291752,5,typeb,renault,mail
2026-01-01 21:00:00,0.0,0.0,0.0,1,1,5,45.0,80.0,1.13291752,5,typeb,renault,mail
2026-01-01 22:00:00,0.0,0.0,0.0,1,1,5,45.0,80.0,1.13291752,5,typeb,renault,mail
2026-01-01 23:00:00,0.0,0.0,0.0,1,1,5,45.0,80.0,1.13291752,5,typeb,renault,mail
2026-01-02 00:00:00,0.0,0.0,0.0,1,1,5,45.0,80.0,1.13291752,5,typeb,renault,mail
2026-01-02 01:00:00,0.0,0.0,0.0,1,1,5,45.0,80.0,1.13291752,5,typeb,renault,mail
2026-01-02 02:00:00,0.0,0.0,0.0,1,1,5,45.0,80.0,1.13291752,5,typeb,renault,mail
2026-01-02 03:00:00,0.0,0.0,0.0,1,1,5,45.0,80.0,1.13291752,5,typeb,renault,mail
2026-01-02 04:00:00,0.0,0.0,0.0,1,1,5,45.0,80.0,1.13291752,5,typeb,renault,mail
2026-01-02 05:00:00,11.507076094067394,1.4169216975409873,0.12313481600000001,0,0,5,0.0,0.0,1.23134816,5,typeb,renault,mail
2026-01-02 06:00:00,11.507076094067394,1.8529946773427999,0.16103088762036888,0,0,5,0.0,0.0,1.23134816,5,typeb,renault,mail
2026-01-02 07:00:00,11.507076094067394,1.4169216975409873,0.12313481600000001,0,0,5,0.0,0.0,1.23134816,5,typeb,renault,mail
2026-01-02 08:00:00,11.507076094067394,1.4169216975409873,0.12313481600000001,0,0,5,0.0,0.0,1.23134816,5,typeb,renault,mail
2026-01-02 09:00:00,11.507076094067394,1.4169216975409873,0.12313481600000001,0,0,5,0.0,0.0,1.23134816,5,typeb,renault,mail
2026-01-02 10:00:00,11.507076094067394,2.75750031655476,0.23963518569034417,0,0,5,0.0,0.0,1.23134816,5,typeb,renault,mail
2026-01-02 11:00:00,11.507076094067394,1.6060785984867951,0.1395731274702205,0,0,5,0.0,0.0,1.23134816,5,typeb,renault,mail
2026-01-02 12:00:00,0.0,0.0,0.0,1,1,5,45.0,80.0,1.23134816,5,typeb,renault,mail
2026-01-02 13:00:00,0.0,0.0,0.0,1,1,5,45.0,80.0,1.23134816,5,typeb,renault,mail
2026-01-02 14:00:00,11.507076094067394,3.122787350024273,0.27137974273362653,0,0,5,0.0,0.0,1.23134816,5,typeb,renault,mail
2026-01-02 15:00:00,11.507076094067394,3.001549866351634,0.26084383572462144,0,0,5,0.0,0.0,1.23134816,5,typeb,renault,mail
2026-01-02 16:00:00,11.507076094067394,3.698181158221709,0.3213832191592397,0,0,5,0.0,0.0,1.23134816,5,typeb,renault,mail
2026-01-02 17:00:00,11.507076094067394,1.4255839042222769,0.12388758817344166,0,0,5,0.0,0.0,1.23134816,5,typeb,renault,mail
2026-01-02 18:00:00,0.0,0.0,0.0,1,1,5,45.0,80.0,1.23134816,5,typeb,renault,mail
2026-01-02 19:00:00,0.0,0.0,0.0,1,1,5,45.0,80.0,1.23134816,5,typeb,renault,mail
2026-01-02 20:00:00,0.0,0.0,0.0,1,1,5,45.0,80.0,1.23134816,5,typeb,renault,mail
2026-01-02 21:00:00,0.0,0.0,0.0,1,1,5,45.0,80.0,1.23134816,5,typeb,renault,mail
2026-01-02 22:00:00,0.0,0.0,0.0,1,1,5,45.0,80.0,1.23134816,5,typeb,renault,mail
2026-01-02 23:00:00,0.0,0.0,0.0,1,1,5,45.0,80.0,1.23134816,5,typeb,renault,mail
2026-01-03 00:00:00,0.0,0.0,0.0,1,1,5,45.0,80.0,1.23134816,5,typeb,renault,mail
2026-01-03 01:00:00,0.0,0.0,0.0,1,1,5,45.0,80.0,1.23134816,5,typeb,renault,mail
2026-01-03 02:00:00,0.0,0.0,0.0,1,1,5,45.0,80.0,1.23134816,5,typeb,renault,mail
2026-01-03 03:00:00,0.0,0.0,0.0,1,1,5,45.0,80.0,1.23134816,5,typeb,renault,mail
2026-01-03 04:00:00,0.0,0.0,0.0,1,1,5,45.0,80.0,1.23134816,5,typeb,renault,mail
2026-01-03 05:00:00,0.0,0.0,0.0,1,1,5,45.0,80.0,1.23134816,5,typeb,renault,mail
2026-01-03 06:00:00,0.0,0.0,0.0,1,1,5,45.0,80.0,1.23134816,5,typeb,renault,mail
2026-01-03 07:00:00,0.0,0.0,0.0,1,1,5,45.0,80.0,1.23134816,5,typeb,renault,mail
2026-01-03 08:00:00,0.0,0.0,0.0,1,1,5,45.0,80.0,1.23134816,5,typeb,renault,mail
2026-01-03 09:00:00,9.444832244665513,1.1393948391093736,0.120636853,0,0,5,0.0,0.0,1.20636853,5,typeb,renault,mail
2026-01-03 10:00:00,9.444832244665513,2.538528102543256,0.26877429230964145,0,0,5,0.0,0.0,1.20636853,5,typeb,renault,mail
2026-01-03 11:00:00,9.444832244665513,3.132820047112024,0.33169673806344796,0,0,5,0.0,0.0,1.20636853,5,typeb,renault,mail
2026-01-03 12:00:00,9.444832244665513,1.1393948391093736,0.120636853,0,0,5,0.0,0.0,1.20636853,5,typeb,renault,mail
2026-01-03 13:00:00,9.444832244665513,1.9211183489168167,0.20340417904212896,0,0,5,0.0,0.0,1.20636853,5,typeb,renault,mail
2026-01-03 14:00:00,9.444832244665513,1.1393948391093736,0.120636853,0,0,5,0.0,0.0,1.20636853,5,typeb,renault,mail
2026-01-03 15:00:00,9.444832244665513,1.3326218099100966,0.14109533927008264,0,0,5,0.0,0.0,1.20636853,5,typeb,renault,mail
2026-01-03 16:00:00,9.444832244665513,3.081807903160471,0.3262956740074543,0,0,5,0.0,0.0,1.20636853,5,typeb,renault,mail
2026-01-03 17:00:00,9.444832244665513,1.1393948391093736,0.120636853,0,0,5,0.0,0.0,1.20636853,5,typeb,renault,mail
2026-01-03 18:00:00,9.444832244665513,2.812945684889176,0.2978290785924696,0,0,5,0.0,0.0,1.20636853,5,typeb,renault,mail
2026-01-03 19:00:00,0.0,0.0,0.0,1,1,5,45.0,80.0,1.20636853,5,typeb,renault,mail
2026-01-03 20:00:00,0.0,0.0,0.0,1,1,5,45.0,80.0,1.20636853,5,typeb,renault,mail
2026-01-03 21:00:00,0.0,0.0,0.0,1,1,5,45.0,80.0,1.20636853,5,typeb,renault,mail
2026-01-03 22:00:00,0.0,0.0,0.0,1,1,5,45.0,80.0,1.20636853,5,typeb,renault,mail
2026-01-03 23:00:00,0.0,0.0,0.0,1,1,5,45.0,80.0,1.20636853,5,typeb,renault,mail
2026-01-04 00:00:00,0.0,0.0,0.0,1,1,5,45.0,80.0,1.20636853,5,typeb,renault,mail
2026-01-04 01:00:00,0.0,0.0,0.0,1,1,5,45.0,80.0,1.20636853,5,typeb,renault,mail
2026-01-04 02:00:00,0.0,0.0,0.0,1,1,5,45.0,80.0,1.20636853,5,typeb,renault,mail
2026-01-04 03:00:00,0.0,0.0,0.0,1,1,5,45.0,80.0,1.20636853,5,typeb,renault,mail
2026-01-04 04:00:00,0.0,0.0,0.0,1,1,5,45.0,80.0,1.20636853,5,typeb,renault,mail
2026-01-04 05:00:00,0.0,0.0,0.0,1,1,5,45.0,80.0,1.20636853,5,typeb,renault,mail
2026-01-04 06:00:00,0.0,0.0,0.0,1,1,5,45.0,80.0,1.20636853,5,typeb,renault,mail
2026-01-04 07:00:00,0.0,0.0,0.0,1,1,5,45.0,80.0,1.20636853,5,typeb,renault,mail
2026-01-04 08:00:00,0.0,0.0,0.0,1,1,5,45.0,80.0,1.20636853,5,typeb,renault,mail
2026-01-04 09:00:00,3.4505970825432803,0.44960350739744626,0.13029730700000003,0,0,5,0.0,0.0,1.3029730700000002,5,typeb,renault,mail
2026-01-04 10:00:00,3.4505970825432803,0.44960350739744626,0.13029730700000003,0,0,5,0.0,0.0,1.3029730700000002,5,typeb,renault,mail
2026-01-04 11:00:00,3.4505970825432803,0.7194479234755452,0.20849954551786506,0,0,5,0.0,0.0,1.3029730700000002,5,typeb,renault,mail
2026-01-04 12:00:00,3.4505970825432803,1.516569510259022,0.43950930055885473,0,0,5,0.0,0.0,1.3029730700000002,5,typeb,renault,mail
2026-01-04 13:00:00,3.4505970825432803,0.49932020658084775,0.14470545086441133,0,0,5,0.0,0.0,1.3029730700000002,5,typeb,renault,mail
2026-01-04 14:00:00,3.4505970825432803,0.44960350739744626,0.13029730700000003,0,0,5,0.0,0.0,1.3029730700000002,5,typeb,renault,mail
2026-01-04 15:00:00,3.4505970825432803,0.44960350739744626,0.13029730700000003,0,0,5,0.0,0.0,1.3029730700000002,5,typeb,renault,mail
2026-01-04 16:00:00,3.450597082543281,0.8932004198486481,0.2588538732520778,0,0,5,0.0,0.0,1.3029730700000002,5,typeb,renault,mail
2026-01-04 17:00:00,3.450597082543281,1.0685970034666443,0.30968466555331037,0,0,5,0.0,0.0,1.3029730700000002,5,typeb,renault,mail
2026-01-04 18:00:00,3.450597082543281,0.44960350739744626,0.13029730700000003,0,0,5,0.0,0.0,1.3029730700000002,5,typeb,renault,mail
2026-01-04 19:00:00,0.0,0.0,0.0,1,1,5,45.0,80.0,1.3029730700000002,5,typeb,renault,mail
2026-01-04 20:00:00,0.0,0.0,0.0,1,1,5,45.0,80.0,1.3029730700000002,5,typeb,renault,mail
2026-01-04 21:00:00,0.0,0.0,0.0,1,1,5,45.0,80.0,1.3029730700000002,5,typeb,renault,mail
2026-01-04 22:00:00,0.0,0.0,0.0,1,1,5,45.0,80.0,1.3029730700000002,5,typeb,renault,mail
2026-01-04 23:00:00,0.0,0.0,0.0,1,1,5,45.0,80.0,1.3029730700000002,5,typeb,renault,mail
2026-01-05 00:00:00,0.0,0.0,0.0,1,1,5,45.0,80.0,1.3029730700000002,5,typeb,renault,mail
2026-01-05 01:00:00,0.0,0.0,0.0,1,1,5,45.0,80.0,1.3029730700000002,5,typeb,renault,mail
2026-01-05 02:00:00,0.0,0.0,0.0,1,1,5,45.0,80.0,1.3029730700000002,5,typeb,renault,mail
2026-01-05 03:00:00,0.0,0.0,0.0,1,1,5,45.0,80.0,1.3029730700000002,5,typeb,renault,mail
2026-01-05 04:00:00,0.0,0.0,0.0,1,1,5,45.0,80.0,1.3029730700000002,5,typeb,renault,mail
2026-01-05 05:00:00,0.0,0.0,0.0,1,1,5,45.0,80.0,1.3029730700000002,5,typeb,renault,mail
2026-01-05 06:00:00,0.0,0.0,0.0,1,1,5,45.0,80.0,1.3029730700000002,5,typeb,renault,mail
2026-01-05 07:00:00,11.83056184554149,2.833522200482417,0.23950867570590226,0,0,5,0.0,0.0,1.21493373,5,typeb,renault,mail
2026-01-05 08:00:00,11.83056184554149,2.4532049708059582,0.20736166234830866,0,0,5,0.0,0.0,1.21493373,5,typeb,renault,mail
2026-01-05 09:00:00,11.83056184554149,1.801665816606586,0.1522891169607104,0,0,5,0.0,0.0,1.21493373,5,typeb,renault,mail
2026-01-05 10:00:00,11.83056184554149,2.325049280463797,0.19652906690479993,0,0,5,0.0,0.0,1.21493373,5,typeb,renault,mail
2026-01-05 11:00:00,11.83056184554149,1.437334863099941,0.12149337300000002,0,0,5,0.0,0.0,1.21493373,5,typeb,renault,mail
2026-01-05 12:00:00,0.0,0.0,0.0,1,1,5,45.0,80.0,1.21493373,5,typeb,renault,mail
2026-01-05 13:00:00,11.83056184554149,2.7276182488982075,0.23055694940863253,0,0,5,0.0,0.0,1.21493373,5,typeb,renault,mail
2026-01-05 14:00:00,11.83056184554149,2.197942096541895,0.18578509839498622,0,0,5,0.0,0.0,1.21493373,5,typeb,renault,mail
2026-01-05 15:00:00,11.83056184554149,6.468006883949734,0.5467201785,0,0,5,0.0,0.0,1.21493373,5,typeb,renault,mail
2026-01-05 16:00:00,11.83056184554149,2.0975071760421895,0.17729565200934763,0,0,5,0.0,0.0,1.21493373,5,typeb,renault,mail
2026-01-05 17:00:00,11.83056184554149,3.692043298961793,0.31207675063658874,0,0,5,0.0,0.0,1.21493373,5,typeb,renault,mail
2026-01-05 18:00:00,11.83056184554149,1.437334863099941,0.12149337300000002,0,0,5,0.0,0.0,1.21493373,5,typeb,renault,mail
2026-01-05 19:00:00,11.83056184554149,1.437334863099941,0.12149337300000002,0,0,5,0.0,0.0,1.21493373,5,typeb,renault,mail
2026-01-05 20:00:00,11.83056184554149,3.619470363869269,0.3059423898141673,0,0,5,0.0,0.0,1.21493373,5,typeb,renault,mail
2026-01-05 21:00:00,0.0,0.0,0.0,1,1,5,45.0,80.0,1.21493373,5,typeb,renault,mail
2026-01-05 22:00:00,0.0,0.0,0.0,1,1,5,45.0,80.0,1.21493373,5,typeb,renault,mail
2026-01-05 23:00:00,0.0,0.0,0.0,1,1,5,45.0,80.0,1.21493373,5,typeb,renault,mail
2026-01-06 00:00:00,0.0,0.0,0.0,1,1,5,45.0,80.0,1.21493373,5,typeb,renault,mail
2026-01-06 01:00:00,0.0,0.0,0.0,1,1,5,45.0,80.0,1.21493373,5,typeb,renault,mail
2026-01-06 02:00:00,0.0,0.0,0.0,1,1,5,45.0,80.0,1.21493373,5,typeb,renault,mail
2026-01-06 03:00:00,0.0,0.0,0.0,1,1,5,45.0,80.0,1.21493373,5,typeb,renault,mail
2026-01-06 04:00:00,0.0,0.0,0.0,1,1,5,45.0,80.0,1.21493373,5,typeb,renault,mail
2026-01-06 05:00:00,0.0,0.0,0.0,1,1,5,45.0,80.0,1.21493373,5,typeb,renault,mail
2026-01-06 06:00:00,0.0,0.0,0.0,1,1,5,45.0,80.0,1.21493373,5,typeb,renault,mail
2026-01-06 07:00:00,8.05759475700722,1.9460280069111047,0.24151475292533886,0,0,5,0.0,0.0,1.31556704,5,typeb,renault,mail
2026-01-06 08:00:00,8.05759475700722,2.791883585972944,0.34649094055580365,0,0,5,0.0,0.0,1.31556704,5,typeb,renault,mail
2026-01-06 09:00:00,8.05759475700722,1.4585867533895018,0.18102011796027023,0,0,5,0.0,0.0,1.31556704,5,typeb,renault,mail
2026-01-06 10:00:00,8.05759475700722,2.4020782155329607,0.2981135547235127,0,0,5,0.0,0.0,1.31556704,5,typeb,renault,mail
2026-01-06 11:00:00,8.05759475700722,1.0600306083995508,0.131556704,0,0,5,0.0,0.0,1.31556704,5,typeb,renault,mail
2026-01-06 12:00:00,0.0,0.0,0.0,1,1,5,45.0,80.0,1.31556704,5,typeb,renault,mail
2026-01-06 13:00:00,0.0,0.0,0.0,1,1,5,45.0,80.0,1.31556704,5,typeb,renault,mail
2026-01-06 14:00:00,8.057594757007218,1.0600306083995505,0.131556704,0,0,5,0.0,0.0,1.31556704,5,typeb,renault,mail
2026-01-06 15:00:00,8.057594757007218,4.682408543779372,0.5811174035163975,0,0,5,0.0,0.0,1.31556704,5,typeb,renault,mail
2026-01-06 16:00:00,8.057594757007218,1.7385239553665321,0.21576214835756538,0,0,5,0.0,0.0,1.31556704,5,typeb,renault,mail
2026-01-06 17:00:00,8.057594757007218,1.4947965944288222,0.18551399511980735,0,0,5,0.0,0.0,1.31556704,5,typeb,renault,mail
2026-01-06 18:00:00,0.0,0.0,0.0,1,1,5,45.0,80.0,1.31556704,5,typeb,renault,mail
2026-01-06 19:00:00,0.0,0.0,0.0,1,1,5,45.0,80.0,1.31556704,5,typeb,renault,mail
2026-01-06 20:00:00,0.0,0.0,0.0,1,1,5,45.0,80.0,1.31556704,5,typeb,renault,mail
2026-01-06 21:00:00,0.0,0.0,0.0,1,1,5,45.0,80.0,1.31556704,5,typeb,renault,mail
2026-01-06 22:00:00,0.0,0.0,0.0,1,1,5,45.0,80.0,1.31556704,5,typeb,renault,mail
2026-01-06 23:00:00,0.0,0.0,0.0,1,1,5,45.0,80.0,1.31556704,5,typeb,renault,mail
2026-01-07 00:00:00,0.0,0.0,0.0,1,1,5,45.0,80.0,1.31556704,5,typeb,renault,mail
2026-01-07 01:00:00,0.0,0.0,0.0,1,1,5,45.0,80.0,1.31556704,5,typeb,renault,mail
2026-01-07 02:00:00,0.0,0.0,0.0,1,1,5,45.0,80.0,1.31556704,5,typeb,renault,mail
2026-01-07 03:00:00,0.0,0.0,0.0,1,1,5,45.0,80.0,1.31556704,5,typeb,renault,mail
2026-01-07 04:00:00,0.0,0.0,0.0,1,1,5,45.0,80.0,1.31556704,5,typeb,renault,mail
2026-01-07 05:00:00,0.0,0.0,0.0,1,1,5,45.0,80.0,1.31556704,5,typeb,renault,mail
2026-01-07 06:00:00,12.66380864407696,3.623523665317578,0.28613221876282463,0,0,5,0.0,0.0,1.25926432,5,typeb,renault,mail
2026-01-07 07:00:00,12.66380864407696,3.534324559188871,0.27908859479189335,0,0,5,0.0,0.0,1.25926432,5,typeb,renault,mail
2026-01-07 08:00:00,12.66380864407696,3.07470824551128,0.24279490727691655,0,0,5,0.0,0.0,1.25926432,5,typeb,renault,mail
2026-01-07 09:00:00,12.66380864407696,1.5947082380793698,0.125926432,0,0,5,0.0,0.0,1.25926432,5,typeb,renault,mail
2026-01-07 10:00:00,12.66380864407696,1.5947082380793698,0.125926432,0,0,5,0.0,0.0,1.25926432,5,typeb,renault,mail
2026-01-07 11:00:00,12.66380864407696,1.5947082380793698,0.125926432,0,0,5,0.0,0.0,1.25926432,5,typeb,renault,mail
2026-01-07 12:00:00,0.0,0.0,0.0,1,1,5,45.0,80.0,1.25926432,5,typeb,renault,mail
2026-01-07 13:00:00,0.0,0.0,0.0,1,1,5,45.0,80.0,1.25926432,5,typeb,renault,mail
2026-01-07 14:00:00,12.663808644076962,6.691310673871554,0.5283805892788164,0,0,5,0.0,0.0,1.25926432,5,typeb,renault,mail
2026-01-07 15:00:00,12.663808644076962,2.401823898697754,0.18966046994251765,0,0,5,0.0,0.0,1.25926432,5,typeb,renault,mail
2026-01-07 16:00:00,12.663808644076962,1.59470823807937,0.125926432,0,0,5,0.0,0.0,1.25926432,5,typeb,renault,mail
2026-01-07 17:00:00,12.663808644076962,2.7420370856437586,0.21652546739374864,0,0,5,0.0,0.0,1.25926432,5,typeb,renault,mail
2026-01-07 18:00:00,12.663808644076962,1.59470823807937,0.125926432,0,0,5,0.0,0.0,1.25926432,5,typeb,renault,mail
2026-01-07 19:00:00,0.0,0.0,0.0,1,1,5,45.0,80.0,1.25926432,5,typeb,renault,mail
2026-01-07 20:00:00,0.0,0.0,0.0,1,1,5,45.0,80.0,1.25926432,5,typeb,renault,mail
2026-01-07 21:00:00,0.0,0.0,0.0,1,1,5,45.0,80.0,1.25926432,5,typeb,renault,mail
2026-01-07 22:00:00,0.0,0.0,0.0,1,1,5,45.0,80.0,1.25926432,5,typeb,renault,mail
2026-01-07 23:00:00,0.0,0.0,0.0,1,1,5,45.0,80.0,1.25926432,5,typeb,renault,mail
2026-01-08 00:00:00,0.0,0.0,0.0,1,1,5,45.0,80.0,1.25926432,5,typeb,renault,mail
2026-01-08 01:00:00,0.0,0.0,0.0,1,1,5,45.0,80.0,1.25926432,5,typeb,renault,mail
2026-01-08 02:00:00,0.0,0.0,0.0,1,1,5,45.0,80.0,1.25926432,5,typeb,renault,mail
2026-01-08 03:00:00,0.0,0.0,0.0,1,1,5,45.0,80.0,1.25926432,5,typeb,renault,mail
2026-01-08 04:00:00,0.0,0.0,0.0,1,1,5,45.0,80.0,1.25926432,5,typeb,renault,mail
2026-01-08 05:00:00,9.947297192039994,1.3212610902872837,0.13282614008402008,0,0,5,0.0,0.0,1.16541536,5,typeb,renault,mail
2026-01-08 06:00:00,9.947297192039994,5.216729822139725,0.524436912,0,0,5,0.0,0.0,1.16541536,5,typeb,renault,mail
2026-01-08 07:00:00,9.947297192039994,2.5811230083304495,0.25947983241074873,0,0,5,0.0,0.0,1.16541536,5,typeb,renault,mail
2026-01-08 08:00:00,9.947297192039994,1.159273293808828,0.116541536,0,0,5,0.0,0.0,1.16541536,5,typeb,renault,mail
2026-01-08 09:00:00,9.947297192039994,1.159273293808828,0.116541536,0,0,5,0.0,0.0,1.16541536,5,typeb,renault,mail
2026-01-08 10:00:00,9.947297192039994,1.159273293808828,0.116541536,0,0,5,0.0,0.0,1.16541536,5,typeb,renault,mail
2026-01-08 11:00:00,9.947297192039994,1.3105657963859705,0.13175094410919067,0,0,5,0.0,0.0,1.16541536,5,typeb,renault,mail
2026-01-08 12:00:00,0.0,0.0,0.0,1,1,5,45.0,80.0,1.16541536,5,typeb,renault,mail
2026-01-08 13:00:00,9.947297192039994,1.4847579538159814,0.14926245040754502,0,0,5,0.0,0.0,1.16541536,5,typeb,renault,mail
2026-01-08 14:00:00,9.947297192039994,1.3646879547167563,0.137191834964859,0,0,5,0.0,0.0,1.16541536,5,typeb,renault,mail
2026-01-08 15:00:00,9.947297192039994,1.6284712465286215,0.1637099219104214,0,0,5,0.0,0.0,1.16541536,5,typeb,renault,mail
2026-01-08 16:00:00,9.947297192039994,4.590712453156446,0.4615034983402342,0,0,5,0.0,0.0,1.16541536,5,typeb,renault,mail
2026-01-08 17:00:00,9.947297192039994,4.10440889262048,0.41261548874853177,0,0,5,0.0,0.0,1.16541536,5,typeb,renault,mail
2026-01-08 18:00:00,0.0,0.0,0.0,1,1,5,45.0,80.0,1.16541536,5,typeb,renault,mail
2026-01-08 19:00:00,0.0,0.0,0.0,1,1,5,45.0,80.0,1.16541536,5,typeb,renault,mail
2026-01-08 20:00:00,0.0,0.0,0.0,1,1,5,45.0,80.0,1.16541536,5,typeb,renault,mail
2026-01-08 21:00:00,0.0,0.0,0.0,1,1,5,45.0,80.0,1.16541536,5,typeb,renault,mail
2026-01-08 22:00:00,0.0,0.0,0.0,1,1,5,45.0,80.0,1.16541536,5,typeb,renault,mail
2026-01-08 23:00:00,0.0,0.0,0.0,1,1,5,45.0,80.0,1.16541536,5,typeb,renault,mail
2026-01-09 00:00:00,0.0,0.0,0.0,1,1,5,45.0,80.0,1.16541536,5,typeb,renault,mail
2026-01-09 01:00:00,0.0,0.0,0.0,1,1,5,45.0,80.0,1.16541536,5,typeb,renault,mail
2026-01-09 02:00:00,0.0,0.0,0.0,1,1,5,45.0,80.0,1.16541536,5,typeb,renault,mail
2026-01-09 03:00:00,0.0,0.0,0.0,1,1,5,45.0,80.0,1.16541536,5,typeb,renault,mail
2026-01-09 04:00:00,0.0,0.0,0.0,1,1,5,45.0,80.0,1.16541536,5,typeb,renault,mail
2026-01-09 05:00:00,0.0,0.0,0.0,1,1,5,45.0,80.0,1.16541536,5,typeb,renault,mail
2026-01-09 06:00:00,0.0,0.0,0.0,1,1,5,45.0,80.0,1.16541536,5,typeb,renault,mail
2026-01-09 07:00:00,0.0,0.0,0.0,1,1,5,45.0,80.0,1.16541536,5,typeb,renault,mail
2026-01-09 08:00:00,10.21479327373049,5.0709489087840955,0.49643186826160435,0,0,5,0.0,0.0,1.13480256,5,typeb,renault,mail
2026-01-09 09:00:00,10.21479327373049,3.5144747019971687,0.34405734974934704,0,0,5,0.0,0.0,1.13480256,5,typeb,renault,mail
2026-01-09 10:00:00,10.21479327373049,2.1344473774466373,0.20895649282847673,0,0,5,0.0,0.0,1.13480256,5,typeb,renault,mail
2026-01-09 11:00:00,10.21479327373049,1.3263239990973366,0.12984344994120053,0,0,5,0.0,0.0,1.13480256,5,typeb,renault,mail
2026-01-09 12:00:00,10.21479327373049,1.341158781139978,0.1312957340594501,0,0,5,0.0,0.0,1.13480256,5,typeb,renault,mail
2026-01-09 13:00:00,0.0,0.0,0.0,1,1,5,45.0,80.0,1.13480256,5,typeb,renault,mail
2026-01-09 14:00:00,10.21479327373049,1.7168052331442134,0.16807048240118014,0,0,5,0.0,0.0,1.13480256,5,typeb,renault,mail
2026-01-09 15:00:00,10.21479327373049,1.159177355690014,0.113480256,0,0,5,0.0,0.0,1.13480256,5,typeb,renault,mail
2026-01-09 16:00:00,10.21479327373049,1.4887937096079928,0.1457487850915928,0,0,5,0.0,0.0,1.13480256,5,typeb,renault,mail
2026-01-09 17:00:00,10.21479327373049,4.208331529009619,0.4119840134045823,0,0,5,0.0,0.0,1.13480256,5,typeb,renault,mail
2026-01-09 18:00:00,10.21479327373049,1.8099593219649004,0.17719000996521342,0,0,5,0.0,0.0,1.13480256,5,typeb,renault,mail
2026-01-09 19:00:00,10.21479327373049,3.8014524427566947,0.37215167658193704,0,0,5,0.0,0.0,1.13480256,5,typeb,renault,mail
2026-01-09 20:00:00,10.21479327373049,1.6591582330086971,0.16242700058116447,0,0,5,0.0,0.0,1.13480256,5,typeb,renault,mail
2026-01-09 21:00:00,0.0,0.0,0.0,1,1,5,45.0,80.0,1.13480256,5,typeb,renault,mail
2026-01-09 22:00:00,0.0,0.0,0.0,1,1,5,45.0,80.0,1.13480256,5,typeb,renault,mail
2026-01-09 23:00:00,0.0,0.0,0.0,1,1,5,45.0,80.0,1.13480256,5,typeb,renault,mail
2026-01-10 00:00:00,0.0,0.0,0.0,1,1,5,45.0,80.0,1.13480256,5,typeb,renault,mail
2026-01-10 01:00:00,0.0,0.0,0.0,1,1,5,45.0,80.0,1.13480256,5,typeb,renault,mail
2026-01-10 02:00:00,0.0,0.0,0.0,1,1,5,45.0,80.0,1.13480256,5,typeb,renault,mail
2026-01-10 03:00:00,0.0,0.0,0.0,1,1,5,45.0,80.0,1.13480256,5,typeb,renault,mail
2026-01-10 04:00:00,0.0,0.0,0.0,1,1,5,45.0,80.0,1.13480256,5,typeb,renault,mail
2026-01-10 05:00:00,0.0,0.0,0.0,1,1,5,45.0,80.0,1.13480256,5,typeb,renault,mail
2026-01-10 06:00:00,0.0,0.0,0.0,1,1,5,45.0,80.0,1.13480256,5,typeb,renault,mail
2026-01-10 07:00:00,0.0,0.0,0.0,1,1,5,45.0,80.0,1.13480256,5,typeb,renault,mail
2026-01-10 08:00:00,0.0,0.0,0.0,1,1,5,45.0,80.0,1.13480256,5,typeb,renault,mail
2026-01-10 09:00:00,5.596178460371723,2.8622795743328817,0.5114703890523814,0,0,5,0.0,0.0,1.18959,5,typeb,renault,mail
2026-01-10 10:00:00,5.596178460371723,0.6657157934673598,0.118959,0,0,5,0.0,0.0,1.18959,5,typeb,renault,mail
2026-01-10 11:00:00,5.596178460371723,2.995721070603119,0.5353154999999999,0,0,5,0.0,0.0,1.18959,5,typeb,renault,mail
2026-01-10 12:00:00,5.596178460371723,1.1686149214358337,0.2088237410066814,0,0,5,0.0,0.0,1.18959,5,typeb,renault,mail
2026-01-10 13:00:00,5.596178460371723,0.6657157934673598,0.118959,0,0,5,0.0,0.0,1.18959,5,typeb,renault,mail
2026-01-10 14:00:00,5.596178460371723,0.6657157934673598,0.118959,0,0,5,0.0,0.0,1.18959,5,typeb,renault,mail
2026-01-10 15:00:00,5.596178460371723,2.1815220709574628,0.38982353518664525,0,0,5,0.0,0.0,1.18959,5,typeb,renault,mail
2026-01-10 16:00:00,5.596178460371721,0.6657157934673595,0.118959,0,0,5,0.0,0.0,1.18959,5,typeb,renault,mail
2026-01-10 17:00:00,5.596178460371721,1.7278195706101895,0.3087499054659205,0,0,5,0.0,0.0,1.18959,5,typeb,renault,mail
2026-01-10 18:00:00,5.596178460371721,1.94516821946914,0.3475886684535671,0,0,5,0.0,0.0,1.18959,5,typeb,renault,mail
2026-01-10 19:00:00,5.596178460371721,1.1055229888870146,0.19754963082674482,0,0,5,0.0,0.0,1.18959,5,typeb,renault,mail
2026-01-10 20:00:00,0.0,0.0,0.0,1,1,5,45.0,80.0,1.18959,5,typeb,renault,mail
2026-01-10 21:00:00,0.0,0.0,0.0,1,1,5,45.0,80.0,1.18959,5,typeb,renault,mail
2026-01-10 22:00:00,0.0,0.0,0.0,1,1,5,45.0,80.0,1.18959,5,typeb,renault,mail
2026-01-10 23:00:00,0.0,0.0,0.0,1,1,5,45.0,80.0,1.18959,5,typeb,renault,mail
2026-01-11 00:00:00,0.0,0.0,0.0,1,1,5,45.0,80.0,1.18959,5,typeb,renault,mail
2026-01-11 01:00:00,0.0,0.0,0.0,1,1,5,45.0,80.0,1.18959,5,typeb,renault,mail
2026-01-11 02:00:00,0.0,0.0,0.0,1,1,5,45.0,80.0,1.18959,5,typeb,renault,mail
2026-01-11 03:00:00,0.0,0.0,0.0,1,1,5,45.0,80.0,1.18959,5,typeb,renault,mail
2026-01-11 04:00:00,0.0,0.0,0.0,1,1,5,45.0,80.0,1.18959,5,typeb,renault,mail
2026-01-11 05:00:00,0.0,0.0,0.0,1,1,5,45.0,80.0,1.18959,5,typeb,renault,mail
2026-01-11 06:00:00,0.0,0.0,0.0,1,1,5,45.0,80.0,1.18959,5,typeb,renault,mail
2026-01-11 07:00:00,0.0,0.0,0.0,1,1,5,45.0,80.0,1.18959,5,typeb,renault,mail
2026-01-11 08:00:00,0.0,0.0,0.0,1,1,5,45.0,80.0,1.18959,5,typeb,renault,mail
2026-01-11 09:00:00,0.0,0.0,0.0,1,1,5,45.0,80.0,1.18959,5,typeb,renault,mail
2026-01-11 10:00:00,5.51226485262364,1.22670863533614,0.2225416717326764,0,0,5,0.0,0.0,1.12204732,5,typeb,renault,mail
2026-01-11 11:00:00,5.51226485262364,0.9257949228591554,0.16795182154908797,0,0,5,0.0,0.0,1.12204732,5,typeb,renault,mail
2026-01-11 12:00:00,5.51226485262364,0.6185022005016552,0.11220473200000002,0,0,5,0.0,0.0,1.12204732,5,typeb,renault,mail
2026-01-11 13:00:00,5.51226485262364,1.6096814601978175,0.2920181637193407,0,0,5,0.0,0.0,1.12204732,5,typeb,renault,mail
2026-01-11 14:00:00,5.51226485262364,0.6185022005016552,0.11220473200000002,0,0,5,0.0,0.0,1.12204732,5,typeb,renault,mail
2026-01-11 15:00:00,5.51226485262364,0.6185022005016552,0.11220473200000002,0,0,5,0.0,0.0,1.12204732,5,typeb,renault,mail
2026-01-11 16:00:00,5.512264852623642,0.6185022005016553,0.11220473200000002,0,0,5,0.0,0.0,1.12204732,5,typeb,renault,mail
2026-01-11 17:00:00,5.512264852623642,0.9637600261060245,0.17483920890472254,0,0,5,0.0,0.0,1.12204732,5,typeb,renault,mail
2026-01-11 18:00:00,5.512264852623642,2.5041978306079984,0.45429562939380336,0,0,5,0.0,0.0,1.12204732,5,typeb,renault,mail
2026-01-11 19:00:00,5.512264852623642,0.8476682459006112,0.1537785771482209,0,0,5,0.0,0.0,1.12204732,5,typeb,renault,mail
2026-01-11 20:00:00,0.0,0.0,0.0,1,1,5,45.0,80.0,1.12204732,5,typeb,renault,mail
2026-01-11 21:00:00,0.0,0.0,0.0,1,1,5,45.0,80.0,1.12204732,5,typeb,renault,mail
2026-01-11 22:00:00,0.0,0.0,0.0,1,1,5,45.0,80.0,1.12204732,5,typeb,renault,mail
2026-01-11 23:00:00,0.0,0.0,0.0,1,1,5,45.0,80.0,1.12204732,5,typeb,renault,mail
2026-01-12 00:00:00,0.0,0.0,0.0,1,1,5,45.0,80.0,1.12204732,5,typeb,renault,mail
2026-01-12 01:00:00,0.0,0.0,0.0,1,1,5,45.0,80.0,1.12204732,5,typeb,renault,mail
2026-01-12 02:00:00,0.0,0.0,0.0,1,1,5,45.0,80.0,1.12204732,5,typeb,renault,mail
2026-01-12 03:00:00,0.0,0.0,0.0,1,1,5,45.0,80.0,1.12204732,5,typeb,renault,mail
2026-01-12 04:00:00,0.0,0.0,0.0,1,1,5,45.0,80.0,1.12204732,5,typeb,renault,mail
2026-01-12 05:00:00,0.0,0.0,0.0,1,1,5,45.0,80.0,1.12204732,5,typeb,renault,mail
2026-01-12 06:00:00,8.66908200322473,0.9707419132890474,0.11197747500000002,0,0,5,0.0,0.0,1.1197747500000002,5,typeb,renault,mail
2026-01-12 07:00:00,8.66908200322473,1.923440223874122,0.22187357590557336,0,0,5,0.0,0.0,1.1197747500000002,5,typeb,renault,mail
2026-01-12 08:00:00,8.66908200322473,0.9707419132890474,0.11197747500000002,0,0,5,0.0,0.0,1.1197747500000002,5,typeb,renault,mail
2026-01-12 09:00:00,8.66908200322473,2.5423544961761664,0.29326686438430966,0,0,5,0.0,0.0,1.1197747500000002,5,typeb,renault,mail
2026-01-12 10:00:00,8.66908200322473,2.10432735233205,0.24273935251152093,0,0,5,0.0,0.0,1.1197747500000002,5,typeb,renault,mail
2026-01-12 11:00:00,8.66908200322473,4.368338609800713,0.5038986375000001,0,0,5,0.0,0.0,1.1197747500000002,5,typeb,renault,mail
2026-01-12 12:00:00,0.0,0.0,0.0,1,1,5,45.0,80.0,1.1197747500000002,5,typeb,renault,mail
2026-01-12 13:00:00,0.0,0.0,0.0,1,1,5,45.0,80.0,1.1197747500000002,5,typeb,renault,mail
2026-01-12 14:00:00,8.66908200322473,0.9707419132890474,0.11197747500000002,0,0,5,0.0,0.0,1.1197747500000002,5,typeb,renault,mail
2026-01-12 15:00:00,8.66908200322473,2.2521424403404393,0.2597901876464758,0,0,5,0.0,0.0,1.1197747500000002,5,typeb,renault,mail
2026-01-12 16:00:00,8.66908200322473,1.9247944541411184,0.2220297897084296,0,0,5,0.0,0.0,1.1197747500000002,5,typeb,renault,mail
2026-01-12 17:00:00,8.66908200322473,1.7862306793212273,0.20604611637734932,0,0,5,0.0,0.0,1.1197747500000002,5,typeb,renault,mail
2026-01-12 18:00:00,8.66908200322473,0.9707419132890474,0.11197747500000002,0,0,5,0.0,0.0,1.1197747500000002,5,typeb,renault,mail
2026-01-12 19:00:00,0.0,0.0,0.0,1,1,5,45.0,80.0,1.1197747500000002,5,typeb,renault,mail
2026-01-12 20:00:00,0.0,0.0,0.0,1,1,5,45.0,80.0,1.1197747500000002,5,typeb,renault,mail
2026-01-12 21:00:00,0.0,0.0,0.0,1,1,5,45.0,80.0,1.1197747500000002,5,typeb,renault,mail
2026-01-12 22:00:00,0.0,0.0,0.0,1,1,5,45.0,80.0,1.1197747500000002,5,typeb,renault,mail
2026-01-12 23:00:00,0.0,0.0,0.0,1,1,5,45.0,80.0,1.1197747500000002,5,typeb,renault,mail
2026-01-13 00:00:00,0.0,0.0,0.0,1,1,5,45.0,80.0,1.1197747500000002,5,typeb,renault,mail
2026-01-13 01:00:00,0.0,0.0,0.0,1,1,5,45.0,80.0,1.1197747500000002,5,typeb,renault,mail
2026-01-13 02:00:00,0.0,0.0,0.0,1,1,5,45.0,80.0,1.1197747500000002,5,typeb,renault,mail
2026-01-13 03:00:00,0.0,0.0,0.0,1,1,5,45.0,80.0,1.1197747500000002,5,typeb,renault,mail
2026-01-13 04:00:00,0.0,0.0,0.0,1,1,5,45.0,80.0,1.1197747500000002,5,typeb,renault,mail
2026-01-13 05:00:00,0.0,0.0,0.0,1,1,5,45.0,80.0,1.1197747500000002,5,typeb,renault,mail
2026-01-13 06:00:00,12.468779023091153,1.401689065657029,0.11241590400000001,0,0,5,0.0,0.0,1.12415904,5,typeb,renault,mail
2026-01-13 07:00:00,12.468779023091153,1.8484975039140996,0.14825008130233394,0,0,5,0.0,0.0,1.12415904,5,typeb,renault,mail
2026-01-13 08:00:00,12.468779023091153,6.30760079545663,0.5058715680000001,0,0,5,0.0,0.0,1.12415904,5,typeb,renault,mail
2026-01-13 09:00:00,12.468779023091153,4.3779569542697905,0.3511135249219009,0,0,5,0.0,0.0,1.12415904,5,typeb,renault,mail
2026-01-13 10:00:00,12.468779023091153,2.497027629759754,0.2002624014055798,0,0,5,0.0,0.0,1.12415904,5,typeb,renault,mail
2026-01-13 11:00:00,12.468779023091153,6.30760079545663,0.5058715680000001,0,0,5,0.0,0.0,1.12415904,5,typeb,renault,mail
2026-01-13 12:00:00,0.0,0.0,0.0,1,1,5,45.0,80.0,1.12415904,5,typeb,renault,mail
2026-01-13 13:00:00,12.468779023091152,1.4016890656570289,0.11241590400000001,0,0,5,0.0,0.0,1.12415904,5,typeb,renault,mail
2026-01-13 14:00:00,12.468779023091152,1.4016890656570289,0.11241590400000001,0,0,5,0.0,0.0,1.12415904,5,typeb,renault,mail
2026-01-13 15:00:00,12.468779023091152,1.7435880891501374,0.13983631323653709,0,0,5,0.0,0.0,1.12415904,5,typeb,renault,mail
2026-01-13 16:00:00,12.468779023091152,2.8553226244132626,0.2289977726869199,0,0,5,0.0,0.0,1.12415904,5,typeb,renault,mail
2026-01-13 17:00:00,12.468779023091152,1.4228438178543554,0.1141125217809511,0,0,5,0.0,0.0,1.12415904,5,typeb,renault,mail
2026-01-13 18:00:00,12.468779023091152,1.623707952651798,0.1302218885782501,0,0,5,0.0,0.0,1.12415904,5,typeb,renault,mail
2026-01-13 19:00:00,0.0,0.0,0.0,1,1,5,45.0,80.0,1.12415904,5,typeb,renault,mail
2026-01-13 20:00:00,0.0,0.0,0.0,1,1,5,45.0,80.0,1.12415904,5,typeb,renault,mail
2026-01-13 21:00:00,0.0,0.0,0.0,1,1,5,45.0,80.0,1.12415904,5,typeb,renault,mail
2026-01-13 22:00:00,0.0,0.0,0.0,1,1,5,45.0,80.0,1.12415904,5,typeb,renault,mail
2026-01-13 23:00:00,0.0,0.0,0.0,1,1,5,45.0,80.0,1.12415904,5,typeb,renault,mail
2026-01-14 00:00:00,0.0,0.0,0.0,1,1,5,45.0,80.0,1.12415904,5,typeb,renault,mail
2026-01-14 01:00:00,0.0,0.0,0.0,1,1,5,45.0,80.0,1.12415904,5,typeb,renault,mail
2026-01-14 02:00:00,0.0,0.0,0.0,1,1,5,45.0,80.0,1.12415904,5,typeb,renault,mail
2026-01-14 03:00:00,0.0,0.0,0.0,1,1,5,45.0,80.0,1.12415904,5,typeb,renault,mail
2026-01-14 04:00:00,0.0,0.0,0.0,1,1,5,45.0,80.0,1.12415904,5,typeb,renault,mail
2026-01-14 05:00:00,0.0,0.0,0.0,1,1,5,45.0,80.0,1.12415904,5,typeb,renault,mail
2026-01-14 06:00:00,11.70042070919766,3.5780806102085223,0.3058078593187513,0,0,5,0.0,0.0,1.10192,5,typeb,renault,mail
2026-01-14 07:00:00,11.70042070919766,3.0614362720731325,0.2616518113461124,0,0,5,0.0,0.0,1.10192,5,typeb,renault,mail
2026-01-14 08:00:00,11.70042070919766,5.801817414545588,0.495864,0,0,5,0.0,0.0,1.10192,5,typeb,renault,mail
2026-01-14 09:00:00,11.70042070919766,4.3870925871013755,0.37495169585250016,0,0,5,0.0,0.0,1.10192,5,typeb,renault,mail
2026-01-14 10:00:00,11.70042070919766,4.754388588186748,0.4063433876740295,0,0,5,0.0,0.0,1.10192,5,typeb,renault,mail
2026-01-14 11:00:00,11.70042070919766,3.748666570067603,0.3203873316384931,0,0,5,0.0,0.0,1.10192,5,typeb,renault,mail
2026-01-14 12:00:00,11.70042070919766,1.2892927587879086,0.11019200000000001,0,0,5,0.0,0.0,1.10192,5,typeb,renault,mail
2026-01-14 13:00:00,11.700420709197662,2.9480348092151942,0.2519597271316709,0,0,5,0.0,0.0,1.10192,5,typeb,renault,mail
2026-01-14 14:00:00,11.700420709197662,1.2892927587879088,0.11019200000000001,0,0,5,0.0,0.0,1.10192,5,typeb,renault,mail
2026-01-14 15:00:00,11.700420709197662,1.2892927587879088,0.11019200000000001,0,0,5,0.0,0.0,1.10192,5,typeb,renault,mail
2026-01-14 16:00:00,11.700420709197662,1.5446678678922892,0.1320181475763543,0,0,5,0.0,0.0,1.10192,5,typeb,renault,mail
2026-01-14 17:00:00,11.700420709197662,1.7447883262070014,0.14912184523719127,0,0,5,0.0,0.0,1.10192,5,typeb,renault,mail
2026-01-14 18:00:00,11.700420709197662,4.564869310084232,0.3901457412121774,0,0,5,0.0,0.0,1.10192,5,typeb,renault,mail
2026-01-14 19:00:00,11.700420709197662,1.2892927587879088,0.11019200000000001,0,0,5,0.0,0.0,1.10192,5,typeb,renault,mail
2026-01-14 20:00:00,0.0,0.0,0.0,1,1,5,45.0,80.0,1.10192,5,typeb,renault,mail
2026-01-14 21:00:00,0.0,0.0,0.0,1,1,5,45.0,80.0,1.10192,5,typeb,renault,mail
2026-01-14 22:00:00,0.0,0.0,0.0,1,1,5,45.0,80.0,1.10192,5,typeb,renault,mail
2026-01-14 23:00:00,0.0,0.0,0.0,1,1,5,45.0,80.0,1.10192,5,typeb,renault,mail
2026-01-01 00:00:00,0.0,0.0,0.0,1,1,6,45.0,80.0,1.0,6,typeb,renault,mail
2026-01-01 01:00:00,0.0,0.0,0.0,1,1,6,45.0,80.0,1.0,6,typeb,renault,mail
2026-01-01 02:00:00,0.0,0.0,0.0,1,1,6,45.0,80.0,1.0,6,typeb,renault,mail
2026-01-01 03:00:00,0.0,0.0,0.0,1,1,6,45.0,80.0,1.0,6,typeb,renault,mail
2026-01-01 04:00:00,0.0,0.0,0.0,1,1,6,45.0,80.0,1.0,6,typeb,renault,mail
2026-01-01 05:00:00,0.0,0.0,0.0,1,1,6,45.0,80.0,1.0,6,typeb,renault,mail
2026-01-01 06:00:00,8.895634993442766,1.0078020735596394,0.113291752,0,0,6,0.0,0.0,1.13291752,6,typeb,renault,mail
2026-01-01 07:00:00,8.895634993442766,2.2576614023229955,0.25379429394159997,0,0,6,0.0,0.0,1.13291752,6,typeb,renault,mail
2026-01-01 08:00:00,8.895634993442766,3.3448950383171203,0.37601531996116533,0,0,6,0.0,0.0,1.13291752,6,typeb,renault,mail
2026-01-01 09:00:00,8.895634993442766,1.266361830678704,0.14235766548562037,0,0,6,0.0,0.0,1.13291752,6,typeb,renault,mail
2026-01-01 10:00:00,8.895634993442766,1.0078020735596394,0.113291752,0,0,6,0.0,0.0,1.13291752,6,typeb,renault,mail
2026-01-01 11:00:00,8.895634993442766,2.289326767017922,0.25735394591903243,0,0,6,0.0,0.0,1.13291752,6,typeb,renault,mail
2026-01-01 12:00:00,0.0,0.0,0.0,1,1,6,45.0,80.0,1.13291752,6,typeb,renault,mail
2026-01-01 13:00:00,8.895634993442764,1.729426653174414,0.1944129513462755,0,0,6,0.0,0.0,1.13291752,6,typeb,renault,mail
2026-01-01 14:00:00,8.895634993442764,1.6424804936008441,0.1846389262612017,0,0,6,0.0,0.0,1.13291752,6,typeb,renault,mail
2026-01-01 15:00:00,8.895634993442764,2.8936105251852364,0.32528431385934814,0,0,6,0.0,0.0,1.13291752,6,typeb,renault,mail
2026-01-01 16:00:00,8.895634993442764,4.535109331018376,0.509812884,0,0,6,0.0,0.0,1.13291752,6,typeb,renault,mail
2026-01-01 17:00:00,8.895634993442764,1.0078020735596391,0.113291752,0,0,6,0.0,0.0,1.13291752,6,typeb,renault,mail
2026-01-01 18:00:00,8.895634993442764,1.0078020735596391,0.113291752,0,0,6,0.0,0.0,1.13291752,6,typeb,renault,mail
2026-01-01 19:00:00,0.0,0.0,0.0,1,1,6,45.0,80.0,1.13291752,6,typeb,renault,mail
2026-01-01 20:00:00,0.0,0.0,0.0,1,1,6,45.0,80.0,1.13291752,6,typeb,renault,mail
2026-01-01 21:00:00,0.0,0.0,0.0,1,1,6,45.0,80.0,1.13291752,6,typeb,renault,mail
2026-01-01 22:00:00,0.0,0.0,0.0,1,1,6,45.0,80.0,1.13291752,6,typeb,renault,mail
2026-01-01 23:00:00,0.0,0.0,0.0,1,1,6,45.0,80.0,1.13291752,6,typeb,renault,mail
2026-01-02 00:00:00,0.0,0.0,0.0,1,1,6,45.0,80.0,1.13291752,6,typeb,renault,mail
2026-01-02 01:00:00,0.0,0.0,0.0,1,1,6,45.0,80.0,1.13291752,6,typeb,renault,mail
2026-01-02 02:00:00,0.0,0.0,0.0,1,1,6,45.0,80.0,1.13291752,6,typeb,renault,mail
2026-01-02 03:00:00,0.0,0.0,0.0,1,1,6,45.0,80.0,1.13291752,6,typeb,renault,mail
2026-01-02 04:00:00,0.0,0.0,0.0,1,1,6,45.0,80.0,1.13291752,6,typeb,renault,mail
2026-01-02 05:00:00,0.0,0.0,0.0,1,1,6,45.0,80.0,1.13291752,6,typeb,renault,mail
2026-01-02 06:00:00,0.0,0.0,0.0,1,1,6,45.0,80.0,1.13291752,6,typeb,renault,mail
2026-01-02 07:00:00,9.47507527685267,1.1667116508014026,0.12313481600000001,0,0,6,0.0,0.0,1.23134816,6,typeb,renault,mail
2026-01-02 08:00:00,9.47507527685267,1.1667116508014026,0.12313481600000001,0,0,6,0.0,0.0,1.23134816,6,typeb,renault,mail
2026-01-02 09:00:00,9.47507527685267,1.1667116508014026,0.12313481600000001,0,0,6,0.0,0.0,1.23134816,6,typeb,renault,mail
2026-01-02 10:00:00,9.47507527685267,1.8536590586254702,0.19563528567988317,0,0,6,0.0,0.0,1.23134816,6,typeb,renault,mail
2026-01-02 11:00:00,9.47507527685267,1.6691956689895076,0.17616700872733998,0,0,6,0.0,0.0,1.23134816,6,typeb,renault,mail
2026-01-02 12:00:00,0.0,0.0,0.0,1,1,6,45.0,80.0,1.23134816,6,typeb,renault,mail
2026-01-02 13:00:00,0.0,0.0,0.0,1,1,6,45.0,80.0,1.23134816,6,typeb,renault,mail
2026-01-02 14:00:00,9.47507527685267,1.4006688767808726,0.14782667534079286,0,0,6,0.0,0.0,1.23134816,6,typeb,renault,mail
2026-01-02 15:00:00,9.47507527685267,1.1667116508014026,0.12313481600000001,0,0,6,0.0,0.0,1.23134816,6,typeb,renault,mail
2026-01-02 16:00:00,9.47507527685267,3.981898354959529,0.42024978573913707,0,0,6,0.0,0.0,1.23134816,6,typeb,renault,mail
2026-01-02 17:00:00,9.47507527685267,1.1667116508014026,0.12313481600000001,0,0,6,0.0,0.0,1.23134816,6,typeb,renault,mail
2026-01-02 18:00:00,9.47507527685267,1.1667116508014026,0.12313481600000001,0,0,6,0.0,0.0,1.23134816,6,typeb,renault,mail
2026-01-02 19:00:00,0.0,0.0,0.0,1,1,6,45.0,80.0,1.23134816,6,typeb,renault,mail
2026-01-02 20:00:00,0.0,0.0,0.0,1,1,6,45.0,80.0,1.23134816,6,typeb,renault,mail
2026-01-02 21:00:00,0.0,0.0,0.0,1,1,6,45.0,80.0,1.23134816,6,typeb,renault,mail
2026-01-02 22:00:00,0.0,0.0,0.0,1,1,6,45.0,80.0,1.23134816,6,typeb,renault,mail
2026-01-02 23:00:00,0.0,0.0,0.0,1,1,6,45.0,80.0,1.23134816,6,typeb,renault,mail
2026-01-03 00:00:00,0.0,0.0,0.0,1,1,6,45.0,80.0,1.23134816,6,typeb,renault,mail
2026-01-03 01:00:00,0.0,0.0,0.0,1,1,6,45.0,80.0,1.23134816,6,typeb,renault,mail
2026-01-03 02:00:00,0.0,0.0,0.0,1,1,6,45.0,80.0,1.23134816,6,typeb,renault,mail
2026-01-03 03:00:00,0.0,0.0,0.0,1,1,6,45.0,80.0,1.23134816,6,typeb,renault,mail
2026-01-03 04:00:00,0.0,0.0,0.0,1,1,6,45.0,80.0,1.23134816,6,typeb,renault,mail
2026-01-03 05:00:00,0.0,0.0,0.0,1,1,6,45.0,80.0,1.23134816,6,typeb,renault,mail
2026-01-03 06:00:00,0.0,0.0,0.0,1,1,6,45.0,80.0,1.23134816,6,typeb,renault,mail
2026-01-03 07:00:00,0.0,0.0,0.0,1,1,6,45.0,80.0,1.23134816,6,typeb,renault,mail
2026-01-03 08:00:00,0.0,0.0,0.0,1,1,6,45.0,80.0,1.23134816,6,typeb,renault,mail
2026-01-03 09:00:00,4.544622177659903,0.9121873936371679,0.20071798226070964,0,0,6,0.0,0.0,1.20636853,6,typeb,renault,mail
2026-01-03 10:00:00,4.544622177659903,1.6146347478096001,0.3552847045782364,0,0,6,0.0,0.0,1.20636853,6,typeb,renault,mail
2026-01-03 11:00:00,4.544622177659903,1.6368700292401457,0.3601773624409402,0,0,6,0.0,0.0,1.20636853,6,typeb,renault,mail
2026-01-03 12:00:00,4.544622177659903,1.84093488051466,0.4050798523063552,0,0,6,0.0,0.0,1.20636853,6,typeb,renault,mail
2026-01-03 13:00:00,4.544622177659903,0.5482489175868976,0.120636853,0,0,6,0.0,0.0,1.20636853,6,typeb,renault,mail
2026-01-03 14:00:00,4.544622177659903,0.5482489175868976,0.120636853,0,0,6,0.0,0.0,1.20636853,6,typeb,renault,mail
2026-01-03 15:00:00,4.544622177659903,0.6442978260893811,0.14177148306333798,0,0,6,0.0,0.0,1.20636853,6,typeb,renault,mail
2026-01-03 16:00:00,4.544622177659904,1.2471210314816563,0.27441687839577855,0,0,6,0.0,0.0,1.20636853,6,typeb,renault,mail
2026-01-03 17:00:00,4.544622177659904,0.8406508330882471,0.18497705644721188,0,0,6,0.0,0.0,1.20636853,6,typeb,renault,mail
2026-01-03 18:00:00,4.544622177659904,1.4428108069294991,0.3174765141141886,0,0,6,0.0,0.0,1.20636853,6,typeb,renault,mail
2026-01-03 19:00:00,4.544622177659904,2.4671201291410396,0.5428658385,0,0,6,0.0,0.0,1.20636853,6,typeb,renault,mail
2026-01-03 20:00:00,0.0,0.0,0.0,1,1,6,45.0,80.0,1.20636853,6,typeb,renault,mail
2026-01-03 21:00:00,0.0,0.0,0.0,1,1,6,45.0,80.0,1.20636853,6,typeb,renault,mail
2026-01-03 22:00:00,0.0,0.0,0.0,1,1,6,45.0,80.0,1.20636853,6,typeb,renault,mail
2026-01-03 23:00:00,0.0,0.0,0.0,1,1,6,45.0,80.0,1.20636853,6,typeb,renault,mail
2026-01-04 00:00:00,0.0,0.0,0.0,1,1,6,45.0,80.0,1.20636853,6,typeb,renault,mail
2026-01-04 01:00:00,0.0,0.0,0.0,1,1,6,45.0,80.0,1.20636853,6,typeb,renault,mail
2026-01-04 02:00:00,0.0,0.0,0.0,1,1,6,45.0,80.0,1.20636853,6,typeb,renault,mail
2026-01-04 03:00:00,0.0,0.0,0.0,1,1,6,45.0,80.0,1.20636853,6,typeb,renault,mail
2026-01-04 04:00:00,0.0,0.0,0.0,1,1,6,45.0,80.0,1.20636853,6,typeb,renault,mail
2026-01-04 05:00:00,0.0,0.0,0.0,1,1,6,45.0,80.0,1.20636853,6,typeb,renault,mail
2026-01-04 06:00:00,0.0,0.0,0.0,1,1,6,45.0,80.0,1.20636853,6,typeb,renault,mail
2026-01-04 07:00:00,0.0,0.0,0.0,1,1,6,45.0,80.0,1.20636853,6,typeb,renault,mail
2026-01-04 08:00:00,0.0,0.0,0.0,1,1,6,45.0,80.0,1.20636853,6,typeb,renault,mail
2026-01-04 09:00:00,7.973909679399188,1.1597478325462396,0.14544281026188188,0,0,6,0.0,0.0,1.3029730700000002,6,typeb,renault,mail
2026-01-04 10:00:00,7.973909679399188,2.9478032694229026,0.36968104580349487,0,0,6,0.0,0.0,1.3029730700000002,6,typeb,renault,mail
2026-01-04 11:00:00,7.973909679399188,1.3369327578342667,0.1676633936910859,0,0,6,0.0,0.0,1.3029730700000002,6,typeb,renault,mail
2026-01-04 12:00:00,7.973909679399188,1.038978957486948,0.13029730700000003,0,0,6,0.0,0.0,1.3029730700000002,6,typeb,renault,mail
2026-01-04 13:00:00,7.973909679399188,1.038978957486948,0.13029730700000003,0,0,6,0.0,0.0,1.3029730700000002,6,typeb,renault,mail
2026-01-04 14:00:00,7.973909679399188,4.25443157352313,0.5335439884044045,0,0,6,0.0,0.0,1.3029730700000002,6,typeb,renault,mail
2026-01-04 15:00:00,0.0,0.0,0.0,1,1,6,45.0,80.0,1.3029730700000002,6,typeb,renault,mail
2026-01-04 16:00:00,7.973909679399187,4.6593506991753975,0.5843244890537144,0,0,6,0.0,0.0,1.3029730700000002,6,typeb,renault,mail
2026-01-04 17:00:00,7.973909679399187,3.542654237882309,0.44428070799884445,0,0,6,0.0,0.0,1.3029730700000002,6,typeb,renault,mail
2026-01-04 18:00:00,7.973909679399187,1.7756918642844854,0.2226877323268451,0,0,6,0.0,0.0,1.3029730700000002,6,typeb,renault,mail
2026-01-04 19:00:00,0.0,0.0,0.0,1,1,6,45.0,80.0,1.3029730700000002,6,typeb,renault,mail
2026-01-04 20:00:00,0.0,0.0,0.0,1,1,6,45.0,80.0,1.3029730700000002,6,typeb,renault,mail
2026-01-04 21:00:00,0.0,0.0,0.0,1,1,6,45.0,80.0,1.3029730700000002,6,typeb,renault,mail
2026-01-04 22:00:00,0.0,0.0,0.0,1,1,6,45.0,80.0,1.3029730700000002,6,typeb,renault,mail
2026-01-04 23:00:00,0.0,0.0,0.0,1,1,6,45.0,80.0,1.3029730700000002,6,typeb,renault,mail
2026-01-05 00:00:00,0.0,0.0,0.0,1,1,6,45.0,80.0,1.3029730700000002,6,typeb,renault,mail
2026-01-05 01:00:00,0.0,0.0,0.0,1,1,6,45.0,80.0,1.3029730700000002,6,typeb,renault,mail
2026-01-05 02:00:00,0.0,0.0,0.0,1,1,6,45.0,80.0,1.3029730700000002,6,typeb,renault,mail
2026-01-05 03:00:00,0.0,0.0,0.0,1,1,6,45.0,80.0,1.3029730700000002,6,typeb,renault,mail
2026-01-05 04:00:00,0.0,0.0,0.0,1,1,6,45.0,80.0,1.3029730700000002,6,typeb,renault,mail
2026-01-05 05:00:00,6.311641220262097,0.7935894227049222,0.12573424169885997,0,0,6,0.0,0.0,1.21493373,6,typeb,renault,mail
2026-01-05 06:00:00,6.311641220262097,3.4507016145696516,0.5467201785,0,0,6,0.0,0.0,1.21493373,6,typeb,renault,mail
2026-01-05 07:00:00,6.311641220262097,2.233983785858669,0.3539465739413339,0,0,6,0.0,0.0,1.21493373,6,typeb,renault,mail
2026-01-05 08:00:00,6.311641220262097,1.5156982630097595,0.24014328605117052,0,0,6,0.0,0.0,1.21493373,6,typeb,renault,mail
2026-01-05 09:00:00,6.311641220262097,1.1172990186230565,0.17702194716585293,0,0,6,0.0,0.0,1.21493373,6,typeb,renault,mail
2026-01-05 10:00:00,6.311641220262097,2.5090369020385594,0.3975252734556368,0,0,6,0.0,0.0,1.21493373,6,typeb,renault,mail
2026-01-05 11:00:00,6.311641220262097,1.8199269849583968,0.2883444925728561,0,0,6,0.0,0.0,1.21493373,6,typeb,renault,mail
2026-01-05 12:00:00,0.0,0.0,0.0,1,1,6,45.0,80.0,1.21493373,6,typeb,renault,mail
2026-01-05 13:00:00,0.0,0.0,0.0,1,1,6,45.0,80.0,1.21493373,6,typeb,renault,mail
2026-01-05 14:00:00,6.311641220262098,0.7668225810154783,0.12149337300000002,0,0,6,0.0,0.0,1.21493373,6,typeb,renault,mail
2026-01-05 15:00:00,6.311641220262098,1.1048169122738922,0.17504431473815832,0,0,6,0.0,0.0,1.21493373,6,typeb,renault,mail
2026-01-05 16:00:00,6.311641220262098,0.7668225810154783,0.12149337300000002,0,0,6,0.0,0.0,1.21493373,6,typeb,renault,mail
2026-01-05 17:00:00,6.311641220262098,1.2764829407335285,0.20224263328461514,0,0,6,0.0,0.0,1.21493373,6,typeb,renault,mail
2026-01-05 18:00:00,6.311641220262098,1.461756646689261,0.2315969168204019,0,0,6,0.0,0.0,1.21493373,6,typeb,renault,mail
2026-01-05 19:00:00,0.0,0.0,0.0,1,1,6,45.0,80.0,1.21493373,6,typeb,renault,mail
2026-01-05 20:00:00,0.0,0.0,0.0,1,1,6,45.0,80.0,1.21493373,6,typeb,renault,mail
2026-01-05 21:00:00,0.0,0.0,0.0,1,1,6,45.0,80.0,1.21493373,6,typeb,renault,mail
2026-01-05 22:00:00,0.0,0.0,0.0,1,1,6,45.0,80.0,1.21493373,6,typeb,renault,mail
2026-01-05 23:00:00,0.0,0.0,0.0,1,1,6,45.0,80.0,1.21493373,6,typeb,renault,mail
2026-01-06 00:00:00,0.0,0.0,0.0,1,1,6,45.0,80.0,1.21493373,6,typeb,renault,mail
2026-01-06 01:00:00,0.0,0.0,0.0,1,1,6,45.0,80.0,1.21493373,6,typeb,renault,mail
2026-01-06 02:00:00,0.0,0.0,0.0,1,1,6,45.0,80.0,1.21493373,6,typeb,renault,mail
2026-01-06 03:00:00,0.0,0.0,0.0,1,1,6,45.0,80.0,1.21493373,6,typeb,renault,mail
2026-01-06 04:00:00,0.0,0.0,0.0,1,1,6,45.0,80.0,1.21493373,6,typeb,renault,mail
2026-01-06 05:00:00,0.0,0.0,0.0,1,1,6,45.0,80.0,1.21493373,6,typeb,renault,mail
2026-01-06 06:00:00,9.507557458725698,1.8112121129981316,0.190502357820185,0,0,6,0.0,0.0,1.31556704,6,typeb,renault,mail
2026-01-06 07:00:00,9.507557458725698,2.3687619279808607,0.24914516039099985,0,0,6,0.0,0.0,1.31556704,6,typeb,renault,mail
2026-01-06 08:00:00,9.507557458725698,1.8986785226213905,0.19970202976568405,0,0,6,0.0,0.0,1.31556704,6,typeb,renault,mail
2026-01-06 09:00:00,9.507557458725698,2.8309736706153146,0.29776035358241754,0,0,6,0.0,0.0,1.31556704,6,typeb,renault,mail
2026-01-06 10:00:00,9.507557458725698,1.2507829223605689,0.131556704,0,0,6,0.0,0.0,1.31556704,6,typeb,renault,mail
2026-01-06 11:00:00,9.507557458725698,5.628523150622559,0.592005168,0,0,6,0.0,0.0,1.31556704,6,typeb,renault,mail
2026-01-06 12:00:00,0.0,0.0,0.0,1,1,6,45.0,80.0,1.31556704,6,typeb,renault,mail
2026-01-06 13:00:00,9.507557458725698,1.2507829223605689,0.131556704,0,0,6,0.0,0.0,1.31556704,6,typeb,renault,mail
2026-01-06 14:00:00,9.507557458725698,2.3895001416622295,0.25132639503211535,0,0,6,0.0,0.0,1.31556704,6,typeb,renault,mail
2026-01-06 15:00:00,9.507557458725698,1.2507829223605689,0.131556704,0,0,6,0.0,0.0,1.31556704,6,typeb,renault,mail
2026-01-06 16:00:00,9.507557458725698,4.011519921948105,0.4219296006743009,0,0,6,0.0,0.0,1.31556704,6,typeb,renault,mail
2026-01-06 17:00:00,9.507557458725698,1.6445723824362484,0.17297527672861113,0,0,6,0.0,0.0,1.31556704,6,typeb,renault,mail
2026-01-06 18:00:00,9.507557458725698,1.9409528069012294,0.20414841722780144,0,0,6,0.0,0.0,1.31556704,6,typeb,renault,mail
2026-01-06 19:00:00,9.507557458725698,4.353430044572739,0.45789153139193667,0,0,6,0.0,0.0,1.31556704,6,typeb,renault,mail
2026-01-06 20:00:00,0.0,0.0,0.0,1,1,6,45.0,80.0,1.31556704,6,typeb,renault,mail
2026-01-06 21:00:00,0.0,0.0,0.0,1,1,6,45.0,80.0,1.31556704,6,typeb,renault,mail
2026-01-06 22:00:00,0.0,0.0,0.0,1,1,6,45.0,80.0,1.31556704,6,typeb,renault,mail
2026-01-06 23:00:00,0.0,0.0,0.0,1,1,6,45.0,80.0,1.31556704,6,typeb,renault,mail
2026-01-07 00:00:00,0.0,0.0,0.0,1,1,6,45.0,80.0,1.31556704,6,typeb,renault,mail
2026-01-07 01:00:00,0.0,0.0,0.0,1,1,6,45.0,80.0,1.31556704,6,typeb,renault,mail
2026-01-07 02:00:00,0.0,0.0,0.0,1,1,6,45.0,80.0,1.31556704,6,typeb,renault,mail
2026-01-07 03:00:00,0.0,0.0,0.0,1,1,6,45.0,80.0,1.31556704,6,typeb,renault,mail
2026-01-07 04:00:00,0.0,0.0,0.0,1,1,6,45.0,80.0,1.31556704,6,typeb,renault,mail
2026-01-07 05:00:00,0.0,0.0,0.0,1,1,6,45.0,80.0,1.31556704,6,typeb,renault,mail
2026-01-07 06:00:00,10.695230941820876,5.743811655933569,0.5370441916755542,0,0,6,0.0,0.0,1.25926432,6,typeb,renault,mail
2026-01-07 07:00:00,10.695230941820876,1.395406503839334,0.1304699740875127,0,0,6,0.0,0.0,1.25926432,6,typeb,renault,mail
2026-01-07 08:00:00,10.695230941820876,1.3468122719195026,0.125926432,0,0,6,0.0,0.0,1.25926432,6,typeb,renault,mail
2026-01-07 09:00:00,10.695230941820876,5.0077173034385325,0.4682196514202584,0,0,6,0.0,0.0,1.25926432,6,typeb,renault,mail
2026-01-07 10:00:00,10.695230941820876,2.4095618867739437,0.22529311427507268,0,0,6,0.0,0.0,1.25926432,6,typeb,renault,mail
2026-01-07 11:00:00,10.695230941820876,4.206457881891272,0.3933022021472234,0,0,6,0.0,0.0,1.25926432,6,typeb,renault,mail
2026-01-07 12:00:00,0.0,0.0,0.0,1,1,6,45.0,80.0,1.25926432,6,typeb,renault,mail
2026-01-07 13:00:00,10.695230941820876,1.3468122719195026,0.125926432,0,0,6,0.0,0.0,1.25926432,6,typeb,renault,mail
2026-01-07 14:00:00,10.695230941820876,2.9626670241534243,0.2770082329469575,0,0,6,0.0,0.0,1.25926432,6,typeb,renault,mail
2026-01-07 15:00:00,10.695230941820876,1.8023279298467956,0.1685169716905568,0,0,6,0.0,0.0,1.25926432,6,typeb,renault,mail
2026-01-07 16:00:00,10.695230941820876,1.3468122719195026,0.125926432,0,0,6,0.0,0.0,1.25926432,6,typeb,renault,mail
2026-01-07 17:00:00,10.695230941820876,1.4737051910826233,0.13779087137988655,0,0,6,0.0,0.0,1.25926432,6,typeb,renault,mail
2026-01-07 18:00:00,10.695230941820876,2.6790020005330812,0.2504856617969371,0,0,6,0.0,0.0,1.25926432,6,typeb,renault,mail
2026-01-07 19:00:00,0.0,0.0,0.0,1,1,6,45.0,80.0,1.25926432,6,typeb,renault,mail
2026-01-07 20:00:00,0.0,0.0,0.0,1,1,6,45.0,80.0,1.25926432,6,typeb,renault,mail
2026-01-07 21:00:00,0.0,0.0,0.0,1,1,6,45.0,80.0,1.25926432,6,typeb,renault,mail
2026-01-07 22:00:00,0.0,0.0,0.0,1,1,6,45.0,80.0,1.25926432,6,typeb,renault,mail
2026-01-07 23:00:00,0.0,0.0,0.0,1,1,6,45.0,80.0,1.25926432,6,typeb,renault,mail
2026-01-08 00:00:00,0.0,0.0,0.0,1,1,6,45.0,80.0,1.25926432,6,typeb,renault,mail
2026-01-08 01:00:00,0.0,0.0,0.0,1,1,6,45.0,80.0,1.25926432,6,typeb,renault,mail
2026-01-08 02:00:00,0.0,0.0,0.0,1,1,6,45.0,80.0,1.25926432,6,typeb,renault,mail
2026-01-08 03:00:00,0.0,0.0,0.0,1,1,6,45.0,80.0,1.25926432,6,typeb,renault,mail
2026-01-08 04:00:00,0.0,0.0,0.0,1,1,6,45.0,80.0,1.25926432,6,typeb,renault,mail
2026-01-08 05:00:00,0.0,0.0,0.0,1,1,6,45.0,80.0,1.25926432,6,typeb,renault,mail
2026-01-08 06:00:00,13.012282639732259,2.6398057607554657,0.20287030599035483,0,0,6,0.0,0.0,1.16541536,6,typeb,renault,mail
2026-01-08 07:00:00,13.012282639732259,2.211722513192436,0.16997190842128407,0,0,6,0.0,0.0,1.16541536,6,typeb,renault,mail
2026-01-08 08:00:00,13.012282639732259,1.5164714057005322,0.116541536,0,0,6,0.0,0.0,1.16541536,6,typeb,renault,mail
2026-01-08 09:00:00,13.012282639732259,1.5164714057005322,0.116541536,0,0,6,0.0,0.0,1.16541536,6,typeb,renault,mail
2026-01-08 10:00:00,13.012282639732259,1.8319850894437864,0.14078890999876723,0,0,6,0.0,0.0,1.16541536,6,typeb,renault,mail
2026-01-08 11:00:00,13.012282639732259,2.779906337685803,0.21363710078026726,0,0,6,0.0,0.0,1.16541536,6,typeb,renault,mail
2026-01-08 12:00:00,0.0,0.0,0.0,1,1,6,45.0,80.0,1.16541536,6,typeb,renault,mail
2026-01-08 13:00:00,13.012282639732259,2.850959688313236,0.2190975839710086,0,0,6,0.0,0.0,1.16541536,6,typeb,renault,mail
2026-01-08 14:00:00,13.012282639732259,1.5164714057005322,0.116541536,0,0,6,0.0,0.0,1.16541536,6,typeb,renault,mail
2026-01-08 15:00:00,13.012282639732259,2.605298294549233,0.20021839109105297,0,0,6,0.0,0.0,1.16541536,6,typeb,renault,mail
2026-01-08 16:00:00,13.012282639732259,1.5164714057005322,0.116541536,0,0,6,0.0,0.0,1.16541536,6,typeb,renault,mail
2026-01-08 17:00:00,0.0,0.0,0.0,1,1,6,45.0,80.0,1.16541536,6,typeb,renault,mail
2026-01-08 18:00:00,0.0,0.0,0.0,1,1,6,45.0,80.0,1.16541536,6,typeb,renault,mail
2026-01-08 19:00:00,0.0,0.0,0.0,1,1,6,45.0,80.0,1.16541536,6,typeb,renault,mail
2026-01-08 20:00:00,0.0,0.0,0.0,1,1,6,45.0,80.0,1.16541536,6,typeb,renault,mail
2026-01-08 21:00:00,0.0,0.0,0.0,1,1,6,45.0,80.0,1.16541536,6,typeb,renault,mail
2026-01-08 22:00:00,0.0,0.0,0.0,1,1,6,45.0,80.0,1.16541536,6,typeb,renault,mail
2026-01-08 23:00:00,0.0,0.0,0.0,1,1,6,45.0,80.0,1.16541536,6,typeb,renault,mail
2026-01-09 00:00:00,0.0,0.0,0.0,1,1,6,45.0,80.0,1.16541536,6,typeb,renault,mail
2026-01-09 01:00:00,0.0,0.0,0.0,1,1,6,45.0,80.0,1.16541536,6,typeb,renault,mail
2026-01-09 02:00:00,0.0,0.0,0.0,1,1,6,45.0,80.0,1.16541536,6,typeb,renault,mail
2026-01-09 03:00:00,0.0,0.0,0.0,1,1,6,45.0,80.0,1.16541536,6,typeb,renault,mail
2026-01-09 04:00:00,0.0,0.0,0.0,1,1,6,45.0,80.0,1.16541536,6,typeb,renault,mail
2026-01-09 05:00:00,0.0,0.0,0.0,1,1,6,45.0,80.0,1.16541536,6,typeb,renault,mail
2026-01-09 06:00:00,0.0,0.0,0.0,1,1,6,45.0,80.0,1.16541536,6,typeb,renault,mail
2026-01-09 07:00:00,12.956873084565462,1.9011832035966902,0.14673163742426598,0,0,6,0.0,0.0,1.13480256,6,typeb,renault,mail
2026-01-09 08:00:00,12.956873084565462,3.3987596011863914,0.2623132586854675,0,0,6,0.0,0.0,1.13480256,6,typeb,renault,mail
2026-01-09 09:00:00,12.956873084565462,3.329616372817321,0.25697684550014155,0,0,6,0.0,0.0,1.13480256,6,typeb,renault,mail
2026-01-09 10:00:00,12.956873084565462,4.478967689066753,0.3456827631044875,0,0,6,0.0,0.0,1.13480256,6,typeb,renault,mail
2026-01-09 11:00:00,12.956873084565462,1.4703492745959985,0.113480256,0,0,6,0.0,0.0,1.13480256,6,typeb,renault,mail
2026-01-09 12:00:00,0.0,0.0,0.0,1,1,6,45.0,80.0,1.13480256,6,typeb,renault,mail
2026-01-09 13:00:00,12.956873084565462,2.1855323452042823,0.16867745257208244,0,0,6,0.0,0.0,1.13480256,6,typeb,renault,mail
2026-01-09 14:00:00,12.956873084565462,3.3459954728581964,0.25824096994853074,0,0,6,0.0,0.0,1.13480256,6,typeb,renault,mail
2026-01-09 15:00:00,12.956873084565462,2.6765220046874125,0.2065716000472174,0,0,6,0.0,0.0,1.13480256,6,typeb,renault,mail
2026-01-09 16:00:00,12.956873084565462,4.761239450843324,0.3674682479150797,0,0,6,0.0,0.0,1.13480256,6,typeb,renault,mail
2026-01-09 17:00:00,12.956873084565462,1.6547631679131598,0.12771315711075024,0,0,6,0.0,0.0,1.13480256,6,typeb,renault,mail
2026-01-09 18:00:00,12.956873084565462,2.8523878440450043,0.22014476991696688,0,0,6,0.0,0.0,1.13480256,6,typeb,renault,mail
2026-01-09 19:00:00,12.956873084565462,2.455597779158526,0.18952086380190705,0,0,6,0.0,0.0,1.13480256,6,typeb,renault,mail
2026-01-09 20:00:00,0.0,0.0,0.0,1,1,6,45.0,80.0,1.13480256,6,typeb,renault,mail
2026-01-09 21:00:00,0.0,0.0,0.0,1,1,6,45.0,80.0,1.13480256,6,typeb,renault,mail
2026-01-09 22:00:00,0.0,0.0,0.0,1,1,6,45.0,80.0,1.13480256,6,typeb,renault,mail
2026-01-09 23:00:00,0.0,0.0,0.0,1,1,6,45.0,80.0,1.13480256,6,typeb,renault,mail
2026-01-10 00:00:00,0.0,0.0,0.0,1,1,6,45.0,80.0,1.13480256,6,typeb,renault,mail
2026-01-10 01:00:00,0.0,0.0,0.0,1,1,6,45.0,80.0,1.13480256,6,typeb,renault,mail
2026-01-10 02:00:00,0.0,0.0,0.0,1,1,6,45.0,80.0,1.13480256,6,typeb,renault,mail
2026-01-10 03:00:00,0.0,0.0,0.0,1,1,6,45.0,80.0,1.13480256,6,typeb,renault,mail
2026-01-10 04:00:00,0.0,0.0,0.0,1,1,6,45.0,80.0,1.13480256,6,typeb,renault,mail
2026-01-10 05:00:00,0.0,0.0,0.0,1,1,6,45.0,80.0,1.13480256,6,typeb,renault,mail
2026-01-10 06:00:00,0.0,0.0,0.0,1,1,6,45.0,80.0,1.13480256,6,typeb,renault,mail
2026-01-10 07:00:00,4.194017833767313,0.49891616748712575,0.118959,0,0,6,0.0,0.0,1.18959,6,typeb,renault,mail
2026-01-10 08:00:00,4.194017833767313,0.49891616748712575,0.118959,0,0,6,0.0,0.0,1.18959,6,typeb,renault,mail
2026-01-10 09:00:00,4.194017833767313,1.0055101921807106,0.23974866870737704,0,0,6,0.0,0.0,1.18959,6,typeb,renault,mail
2026-01-10 10:00:00,4.194017833767313,0.49891616748712575,0.118959,0,0,6,0.0,0.0,1.18959,6,typeb,renault,mail
2026-01-10 11:00:00,4.194017833767313,2.1066355815559525,0.5022953323170897,0,0,6,0.0,0.0,1.18959,6,typeb,renault,mail
2026-01-10 12:00:00,4.194017833767313,0.49891616748712575,0.118959,0,0,6,0.0,0.0,1.18959,6,typeb,renault,mail
2026-01-10 13:00:00,4.194017833767313,0.49891616748712575,0.118959,0,0,6,0.0,0.0,1.18959,6,typeb,renault,mail
2026-01-10 14:00:00,4.194017833767313,1.0195782408179621,0.24310298173007938,0,0,6,0.0,0.0,1.18959,6,typeb,renault,mail
2026-01-10 15:00:00,4.194017833767313,0.49891616748712575,0.118959,0,0,6,0.0,0.0,1.18959,6,typeb,renault,mail
2026-01-10 16:00:00,4.194017833767313,0.7213622726251803,0.17199790301731036,0,0,6,0.0,0.0,1.18959,6,typeb,renault,mail
2026-01-10 17:00:00,4.194017833767313,1.2067284540186207,0.28772611415785676,0,0,6,0.0,0.0,1.18959,6,typeb,renault,mail
2026-01-10 18:00:00,4.194017833767313,1.128982914483561,0.26918886834332856,0,0,6,0.0,0.0,1.18959,6,typeb,renault,mail
2026-01-10 19:00:00,0.0,0.0,0.0,1,1,6,45.0,80.0,1.18959,6,typeb,renault,mail
2026-01-10 20:00:00,0.0,0.0,0.0,1,1,6,45.0,80.0,1.18959,6,typeb,renault,mail
2026-01-10 21:00:00,0.0,0.0,0.0,1,1,6,45.0,80.0,1.18959,6,typeb,renault,mail
2026-01-10 22:00:00,0.0,0.0,0.0,1,1,6,45.0,80.0,1.18959,6,typeb,renault,mail
2026-01-10 23:00:00,0.0,0.0,0.0,1,1,6,45.0,80.0,1.18959,6,typeb,renault,mail
2026-01-11 00:00:00,0.0,0.0,0.0,1,1,6,45.0,80.0,1.18959,6,typeb,renault,mail
2026-01-11 01:00:00,0.0,0.0,0.0,1,1,6,45.0,80.0,1.18959,6,typeb,renault,mail
2026-01-11 02:00:00,0.0,0.0,0.0,1,1,6,45.0,80.0,1.18959,6,typeb,renault,mail
2026-01-11 03:00:00,0.0,0.0,0.0,1,1,6,45.0,80.0,1.18959,6,typeb,renault,mail
2026-01-11 04:00:00,0.0,0.0,0.0,1,1,6,45.0,80.0,1.18959,6,typeb,renault,mail
2026-01-11 05:00:00,0.0,0.0,0.0,1,1,6,45.0,80.0,1.18959,6,typeb,renault,mail
2026-01-11 06:00:00,0.0,0.0,0.0,1,1,6,45.0,80.0,1.18959,6,typeb,renault,mail
2026-01-11 07:00:00,0.0,0.0,0.0,1,1,6,45.0,80.0,1.18959,6,typeb,renault,mail
2026-01-11 08:00:00,5.188747954635517,2.1233790488404716,0.40922763398894535,0,0,6,0.0,0.0,1.12204732,6,typeb,renault,mail
2026-01-11 09:00:00,5.188747954635517,0.7733430486396344,0.14904232300371156,0,0,6,0.0,0.0,1.12204732,6,typeb,renault,mail
2026-01-11 10:00:00,5.188747954635517,1.412107954972007,0.2721481111277452,0,0,6,0.0,0.0,1.12204732,6,typeb,renault,mail
2026-01-11 11:00:00,5.188747954635517,0.5822020736654263,0.11220473200000002,0,0,6,0.0,0.0,1.12204732,6,typeb,renault,mail
2026-01-11 12:00:00,5.188747954635517,0.5822020736654263,0.11220473200000002,0,0,6,0.0,0.0,1.12204732,6,typeb,renault,mail
2026-01-11 13:00:00,5.188747954635517,1.2613005207350858,0.2430837904948277,0,0,6,0.0,0.0,1.12204732,6,typeb,renault,mail
2026-01-11 14:00:00,5.188747954635517,0.5822020736654263,0.11220473200000002,0,0,6,0.0,0.0,1.12204732,6,typeb,renault,mail
2026-01-11 15:00:00,5.188747954635517,1.0957162148151476,0.2111716013949489,0,0,6,0.0,0.0,1.12204732,6,typeb,renault,mail
2026-01-11 16:00:00,5.1887479546355175,1.6140619566816192,0.3110696396882509,0,0,6,0.0,0.0,1.12204732,6,typeb,renault,mail
2026-01-11 17:00:00,5.1887479546355175,0.5822020736654264,0.11220473200000002,0,0,6,0.0,0.0,1.12204732,6,typeb,renault,mail
2026-01-11 18:00:00,5.1887479546355175,0.629648244917125,0.1213487820996606,0,0,6,0.0,0.0,1.12204732,6,typeb,renault,mail
2026-01-11 19:00:00,0.0,0.0,0.0,1,1,6,45.0,80.0,1.12204732,6,typeb,renault,mail
2026-01-11 20:00:00,0.0,0.0,0.0,1,1,6,45.0,80.0,1.12204732,6,typeb,renault,mail
2026-01-11 21:00:00,0.0,0.0,0.0,1,1,6,45.0,80.0,1.12204732,6,typeb,renault,mail
2026-01-11 22:00:00,0.0,0.0,0.0,1,1,6,45.0,80.0,1.12204732,6,typeb,renault,mail
2026-01-11 23:00:00,0.0,0.0,0.0,1,1,6,45.0,80.0,1.12204732,6,typeb,renault,mail
2026-01-12 00:00:00,0.0,0.0,0.0,1,1,6,45.0,80.0,1.12204732,6,typeb,renault,mail
2026-01-12 01:00:00,0.0,0.0,0.0,1,1,6,45.0,80.0,1.12204732,6,typeb,renault,mail
2026-01-12 02:00:00,0.0,0.0,0.0,1,1,6,45.0,80.0,1.12204732,6,typeb,renault,mail
2026-01-12 03:00:00,0.0,0.0,0.0,1,1,6,45.0,80.0,1.12204732,6,typeb,renault,mail
2026-01-12 04:00:00,0.0,0.0,0.0,1,1,6,45.0,80.0,1.12204732,6,typeb,renault,mail
2026-01-12 05:00:00,0.0,0.0,0.0,1,1,6,45.0,80.0,1.12204732,6,typeb,renault,mail
2026-01-12 06:00:00,11.02998073240568,3.628826541864726,0.32899663470883195,0,0,6,0.0,0.0,1.1197747500000002,6,typeb,renault,mail
2026-01-12 07:00:00,11.02998073240568,5.031375464468554,0.4561545107405815,0,0,6,0.0,0.0,1.1197747500000002,6,typeb,renault,mail
2026-01-12 08:00:00,11.02998073240568,1.2351093917134388,0.11197747500000002,0,0,6,0.0,0.0,1.1197747500000002,6,typeb,renault,mail
2026-01-12 09:00:00,11.02998073240568,1.2351093917134388,0.11197747500000002,0,0,6,0.0,0.0,1.1197747500000002,6,typeb,renault,mail
2026-01-12 10:00:00,11.02998073240568,3.0659989978496065,0.2779695696876255,0,0,6,0.0,0.0,1.1197747500000002,6,typeb,renault,mail
2026-01-12 11:00:00,11.02998073240568,1.5308483281764866,0.13878975542349864,0,0,6,0.0,0.0,1.1197747500000002,6,typeb,renault,mail
2026-01-12 12:00:00,0.0,0.0,0.0,1,1,6,45.0,80.0,1.1197747500000002,6,typeb,renault,mail
2026-01-12 13:00:00,0.0,0.0,0.0,1,1,6,45.0,80.0,1.1197747500000002,6,typeb,renault,mail
2026-01-12 14:00:00,11.02998073240568,2.19259792152909,0.19878529026685582,0,0,6,0.0,0.0,1.1197747500000002,6,typeb,renault,mail
2026-01-12 15:00:00,11.02998073240568,2.6533668052937722,0.24055951407950135,0,0,6,0.0,0.0,1.1197747500000002,6,typeb,renault,mail
2026-01-12 16:00:00,11.02998073240568,2.832853790725869,0.2568321613113111,0,0,6,0.0,0.0,1.1197747500000002,6,typeb,renault,mail
2026-01-12 17:00:00,11.02998073240568,3.675149296886687,0.33319634784938773,0,0,6,0.0,0.0,1.1197747500000002,6,typeb,renault,mail
2026-01-12 18:00:00,11.02998073240568,1.885778182676508,0.1709684022508,0,0,6,0.0,0.0,1.1197747500000002,6,typeb,renault,mail
2026-01-12 19:00:00,0.0,0.0,0.0,1,1,6,45.0,80.0,1.1197747500000002,6,typeb,renault,mail
2026-01-12 20:00:00,0.0,0.0,0.0,1,1,6,45.0,80.0,1.1197747500000002,6,typeb,renault,mail
2026-01-12 21:00:00,0.0,0.0,0.0,1,1,6,45.0,80.0,1.1197747500000002,6,typeb,renault,mail
2026-01-12 22:00:00,0.0,0.0,0.0,1,1,6,45.0,80.0,1.1197747500000002,6,typeb,renault,mail
2026-01-12 23:00:00,0.0,0.0,0.0,1,1,6,45.0,80.0,1.1197747500000002,6,typeb,renault,mail
2026-01-13 00:00:00,0.0,0.0,0.0,1,1,6,45.0,80.0,1.1197747500000002,6,typeb,renault,mail
2026-01-13 01:00:00,0.0,0.0,0.0,1,1,6,45.0,80.0,1.1197747500000002,6,typeb,renault,mail
2026-01-13 02:00:00,0.0,0.0,0.0,1,1,6,45.0,80.0,1.1197747500000002,6,typeb,renault,mail
2026-01-13 03:00:00,8.60508851302614,1.0735964536837008,0.12476297623882902,0,0,6,0.0,0.0,1.12415904,6,typeb,renault,mail
2026-01-13 04:00:00,8.60508851302614,0.9673488041918494,0.11241590400000001,0,0,6,0.0,0.0,1.12415904,6,typeb,renault,mail
2026-01-13 05:00:00,8.60508851302614,1.2397647311981255,0.1440734432099571,0,0,6,0.0,0.0,1.12415904,6,typeb,renault,mail
2026-01-13 06:00:00,8.60508851302614,0.9673488041918494,0.11241590400000001,0,0,6,0.0,0.0,1.12415904,6,typeb,renault,mail
2026-01-13 07:00:00,8.60508851302614,1.2905782551662524,0.14997849856077733,0,0,6,0.0,0.0,1.12415904,6,typeb,renault,mail
2026-01-13 08:00:00,8.60508851302614,1.7125039732066663,0.19901061687097424,0,0,6,0.0,0.0,1.12415904,6,typeb,renault,mail
2026-01-13 09:00:00,8.60508851302614,3.5594273272979153,0.41364215160712814,0,0,6,0.0,0.0,1.12415904,6,typeb,renault,mail
2026-01-13 10:00:00,8.60508851302614,1.441258867359571,0.16748913915037994,0,0,6,0.0,0.0,1.12415904,6,typeb,renault,mail
2026-01-13 11:00:00,8.60508851302614,2.1671973491398657,0.25185067484886686,0,0,6,0.0,0.0,1.12415904,6,typeb,renault,mail
2026-01-13 12:00:00,0.0,0.0,0.0,1,1,6,45.0,80.0,1.12415904,6,typeb,renault,mail
2026-01-13 13:00:00,0.0,0.0,0.0,1,1,6,45.0,80.0,1.12415904,6,typeb,renault,mail
2026-01-13 14:00:00,8.605088513026136,2.1226316162864665,0.2466716772376354,0,0,6,0.0,0.0,1.12415904,6,typeb,renault,mail
2026-01-13 15:00:00,8.605088513026136,1.4754937359376283,0.17146758382601973,0,0,6,0.0,0.0,1.12415904,6,typeb,renault,mail
2026-01-13 16:00:00,8.605088513026136,2.721321721358877,0.31624563968626457,0,0,6,0.0,0.0,1.12415904,6,typeb,renault,mail
2026-01-13 17:00:00,8.605088513026136,4.35306961886332,0.5058715680000001,0,0,6,0.0,0.0,1.12415904,6,typeb,renault,mail
2026-01-13 18:00:00,8.605088513026136,3.1972277357966443,0.37155082495162867,0,0,6,0.0,0.0,1.12415904,6,typeb,renault,mail
2026-01-13 19:00:00,0.0,0.0,0.0,1,1,6,45.0,80.0,1.12415904,6,typeb,renault,mail
2026-01-13 20:00:00,0.0,0.0,0.0,1,1,6,45.0,80.0,1.12415904,6,typeb,renault,mail
2026-01-13 21:00:00,0.0,0.0,0.0,1,1,6,45.0,80.0,1.12415904,6,typeb,renault,mail
2026-01-13 22:00:00,0.0,0.0,0.0,1,1,6,45.0,80.0,1.12415904,6,typeb,renault,mail
2026-01-13 23:00:00,0.0,0.0,0.0,1,1,6,45.0,80.0,1.12415904,6,typeb,renault,mail
2026-01-14 00:00:00,0.0,0.0,0.0,1,1,6,45.0,80.0,1.12415904,6,typeb,renault,mail
2026-01-14 01:00:00,0.0,0.0,0.0,1,1,6,45.0,80.0,1.12415904,6,typeb,renault,mail
2026-01-14 02:00:00,0.0,0.0,0.0,1,1,6,45.0,80.0,1.12415904,6,typeb,renault,mail
2026-01-14 03:00:00,0.0,0.0,0.0,1,1,6,45.0,80.0,1.12415904,6,typeb,renault,mail
2026-01-14 04:00:00,0.0,0.0,0.0,1,1,6,45.0,80.0,1.12415904,6,typeb,renault,mail
2026-01-14 05:00:00,0.0,0.0,0.0,1,1,6,45.0,80.0,1.12415904,6,typeb,renault,mail
2026-01-14 06:00:00,0.0,0.0,0.0,1,1,6,45.0,80.0,1.12415904,6,typeb,renault,mail
2026-01-14 07:00:00,0.0,0.0,0.0,1,1,6,45.0,80.0,1.12415904,6,typeb,renault,mail
2026-01-14 08:00:00,14.633958663065734,7.256453278502427,0.495864,0,0,6,0.0,0.0,1.10192,6,typeb,renault,mail
2026-01-14 09:00:00,14.633958663065734,1.900563397144034,0.1298734977255892,0,0,6,0.0,0.0,1.10192,6,typeb,renault,mail
2026-01-14 10:00:00,14.633958663065734,2.5235000220158303,0.17244137967840692,0,0,6,0.0,0.0,1.10192,6,typeb,renault,mail
2026-01-14 11:00:00,14.633958663065734,2.920131344616236,0.19954486764994622,0,0,6,0.0,0.0,1.10192,6,typeb,renault,mail
2026-01-14 12:00:00,14.633958663065734,2.267765587050835,0.15496596917240096,0,0,6,0.0,0.0,1.10192,6,typeb,renault,mail
2026-01-14 13:00:00,14.633958663065734,2.330043734427385,0.1592216971548595,0,0,6,0.0,0.0,1.10192,6,typeb,renault,mail
2026-01-14 14:00:00,14.633958663065734,3.072694368089628,0.20997014128820254,0,0,6,0.0,0.0,1.10192,6,typeb,renault,mail
2026-01-14 15:00:00,14.633958663065734,1.6125451730005393,0.11019200000000001,0,0,6,0.0,0.0,1.10192,6,typeb,renault,mail
2026-01-14 16:00:00,14.633958663065734,2.8447211864793025,0.1943917740904257,0,0,6,0.0,0.0,1.10192,6,typeb,renault,mail
2026-01-14 17:00:00,14.633958663065734,2.460818370473702,0.16815807855768358,0,0,6,0.0,0.0,1.10192,6,typeb,renault,mail
2026-01-14 18:00:00,14.633958663065734,3.9196375899283997,0.2678453370119919,0,0,6,0.0,0.0,1.10192,6,typeb,renault,mail
2026-01-14 19:00:00,0.0,0.0,0.0,1,1,6,45.0,80.0,1.10192,6,typeb,renault,mail
2026-01-14 20:00:00,0.0,0.0,0.0,1,1,6,45.0,80.0,1.10192,6,typeb,renault,mail
2026-01-14 21:00:00,0.0,0.0,0.0,1,1,6,45.0,80.0,1.10192,6,typeb,renault,mail
2026-01-14 22:00:00,0.0,0.0,0.0,1,1,6,45.0,80.0,1.10192,6,typeb,renault,mail
2026-01-14 23:00:00,0.0,0.0,0.0,1,1,6,45.0,80.0,1.10192,6,typeb,renault,mail
2026-01-01 00:00:00,0.0,0.0,0.0,1,1,7,45.0,80.0,1.0,7,typeb,renault,mail
2026-01-01 01:00:00,0.0,0.0,0.0,1,1,7,45.0,80.0,1.0,7,typeb,renault,mail
2026-01-01 02:00:00,0.0,0.0,0.0,1,1,7,45.0,80.0,1.0,7,typeb,renault,mail
2026-01-01 03:00:00,0.0,0.0,0.0,1,1,7,45.0,80.0,1.0,7,typeb,renault,mail
2026-01-01 04:00:00,0.0,0.0,0.0,1,1,7,45.0,80.0,1.0,7,typeb,renault,mail
2026-01-01 05:00:00,0.0,0.0,0.0,1,1,7,45.0,80.0,1.0,7,typeb,renault,mail
2026-01-01 06:00:00,0.0,0.0,0.0,1,1,7,45.0,80.0,1.0,7,typeb,renault,mail
2026-01-01 07:00:00,0.0,0.0,0.0,1,1,7,45.0,80.0,1.0,7,typeb,renault,mail
2026-01-01 08:00:00,11.317871787555244,2.6602243951167965,0.23504634484743772,0,0,7,0.0,0.0,1.13291752,7,typeb,renault,mail
2026-01-01 09:00:00,11.317871787555244,1.2822215237235053,0.113291752,0,0,7,0.0,0.0,1.13291752,7,typeb,renault,mail
2026-01-01 10:00:00,11.317871787555244,4.596673252494361,0.4061428984863312,0,0,7,0.0,0.0,1.13291752,7,typeb,renault,mail
2026-01-01 11:00:00,11.317871787555244,2.979527818021239,0.2632586650519781,0,0,7,0.0,0.0,1.13291752,7,typeb,renault,mail
2026-01-01 12:00:00,11.317871787555244,1.5361340295448187,0.13572640319480386,0,0,7,0.0,0.0,1.13291752,7,typeb,renault,mail
2026-01-01 13:00:00,11.317871787555246,5.769996856755775,0.509812884,0,0,7,0.0,0.0,1.13291752,7,typeb,renault,mail
2026-01-01 14:00:00,11.317871787555246,1.9641324374197358,0.17354255943943722,0,0,7,0.0,0.0,1.13291752,7,typeb,renault,mail
2026-01-01 15:00:00,11.317871787555246,3.0998660089225365,0.27389124626160244,0,0,7,0.0,0.0,1.13291752,7,typeb,renault,mail
2026-01-01 16:00:00,11.317871787555246,2.2580376536027438,0.19951079990900822,0,0,7,0.0,0.0,1.13291752,7,typeb,renault,mail
2026-01-01 17:00:00,11.317871787555246,1.2822215237235057,0.113291752,0,0,7,0.0,0.0,1.13291752,7,typeb,renault,mail
2026-01-01 18:00:00,11.317871787555246,1.2822215237235057,0.113291752,0,0,7,0.0,0.0,1.13291752,7,typeb,renault,mail
2026-01-01 19:00:00,0.0,0.0,0.0,1,1,7,45.0,80.0,1.13291752,7,typeb,renault,mail
2026-01-01 20:00:00,0.0,0.0,0.0,1,1,7,45.0,80.0,1.13291752,7,typeb,renault,mail
2026-01-01 21:00:00,0.0,0.0,0.0,1,1,7,45.0,80.0,1.13291752,7,typeb,renault,mail
2026-01-01 22:00:00,0.0,0.0,0.0,1,1,7,45.0,80.0,1.13291752,7,typeb,renault,mail
2026-01-01 23:00:00,0.0,0.0,0.0,1,1,7,45.0,80.0,1.13291752,7,typeb,renault,mail
2026-01-02 00:00:00,0.0,0.0,0.0,1,1,7,45.0,80.0,1.13291752,7,typeb,renault,mail
2026-01-02 01:00:00,0.0,0.0,0.0,1,1,7,45.0,80.0,1.13291752,7,typeb,renault,mail
2026-01-02 02:00:00,0.0,0.0,0.0,1,1,7,45.0,80.0,1.13291752,7,typeb,renault,mail
2026-01-02 03:00:00,0.0,0.0,0.0,1,1,7,45.0,80.0,1.13291752,7,typeb,renault,mail
2026-01-02 04:00:00,0.0,0.0,0.0,1,1,7,45.0,80.0,1.13291752,7,typeb,renault,mail
2026-01-02 05:00:00,0.0,0.0,0.0,1,1,7,45.0,80.0,1.13291752,7,typeb,renault,mail
2026-01-02 06:00:00,8.198667369566888,1.0801325777618087,0.13174489573405745,0,0,7,0.0,0.0,1.23134816,7,typeb,renault,mail
2026-01-02 07:00:00,8.198667369566888,2.267142363435117,0.2765257158560494,0,0,7,0.0,0.0,1.23134816,7,typeb,renault,mail
2026-01-02 08:00:00,8.198667369566888,4.0022681155340045,0.4881608114009184,0,0,7,0.0,0.0,1.23134816,7,typeb,renault,mail
2026-01-02 09:00:00,8.198667369566888,1.7650547534769636,0.21528556702138854,0,0,7,0.0,0.0,1.23134816,7,typeb,renault,mail
2026-01-02 10:00:00,8.198667369566888,1.7995687268131313,0.2194952723040156,0,0,7,0.0,0.0,1.23134816,7,typeb,renault,mail
2026-01-02 11:00:00,8.198667369566888,3.276943086054458,0.39969216195040846,0,0,7,0.0,0.0,1.23134816,7,typeb,renault,mail
2026-01-02 12:00:00,0.0,0.0,0.0,1,1,7,45.0,80.0,1.23134816,7,typeb,renault,mail
2026-01-02 13:00:00,0.0,0.0,0.0,1,1,7,45.0,80.0,1.23134816,7,typeb,renault,mail
2026-01-02 14:00:00,8.198667369566888,1.2764828744458783,0.15569394596786906,0,0,7,0.0,0.0,1.23134816,7,typeb,renault,mail
2026-01-02 15:00:00,8.198667369566888,3.1997602302176467,0.3902780886190143,0,0,7,0.0,0.0,1.23134816,7,typeb,renault,mail
2026-01-02 16:00:00,8.198667369566888,1.0095413979968226,0.12313481600000001,0,0,7,0.0,0.0,1.23134816,7,typeb,renault,mail
2026-01-02 17:00:00,8.198667369566888,1.023145155804948,0.1247940805115256,0,0,7,0.0,0.0,1.23134816,7,typeb,renault,mail
2026-01-02 18:00:00,8.198667369566888,1.0095413979968226,0.12313481600000001,0,0,7,0.0,0.0,1.23134816,7,typeb,renault,mail
2026-01-02 19:00:00,0.0,0.0,0.0,1,1,7,45.0,80.0,1.23134816,7,typeb,renault,mail
2026-01-02 20:00:00,0.0,0.0,0.0,1,1,7,45.0,80.0,1.23134816,7,typeb,renault,mail
2026-01-02 21:00:00,0.0,0.0,0.0,1,1,7,45.0,80.0,1.23134816,7,typeb,renault,mail
2026-01-02 22:00:00,0.0,0.0,0.0,1,1,7,45.0,80.0,1.23134816,7,typeb,renault,mail
2026-01-02 23:00:00,0.0,0.0,0.0,1,1,7,45.0,80.0,1.23134816,7,typeb,renault,mail
2026-01-03 00:00:00,0.0,0.0,0.0,1,1,7,45.0,80.0,1.23134816,7,typeb,renault,mail
2026-01-03 01:00:00,0.0,0.0,0.0,1,1,7,45.0,80.0,1.23134816,7,typeb,renault,mail
2026-01-03 02:00:00,0.0,0.0,0.0,1,1,7,45.0,80.0,1.23134816,7,typeb,renault,mail
2026-01-03 03:00:00,0.0,0.0,0.0,1,1,7,45.0,80.0,1.23134816,7,typeb,renault,mail
2026-01-03 04:00:00,0.0,0.0,0.0,1,1,7,45.0,80.0,1.23134816,7,typeb,renault,mail
2026-01-03 05:00:00,0.0,0.0,0.0,1,1,7,45.0,80.0,1.23134816,7,typeb,renault,mail
2026-01-03 06:00:00,0.0,0.0,0.0,1,1,7,45.0,80.0,1.23134816,7,typeb,renault,mail
2026-01-03 07:00:00,0.0,0.0,0.0,1,1,7,45.0,80.0,1.23134816,7,typeb,renault,mail
2026-01-03 08:00:00,0.0,0.0,0.0,1,1,7,45.0,80.0,1.23134816,7,typeb,renault,mail
2026-01-03 09:00:00,0.0,0.0,0.0,1,1,7,45.0,80.0,1.23134816,7,typeb,renault,mail
2026-01-03 10:00:00,9.004971532743982,1.0863314270648203,0.120636853,0,0,7,0.0,0.0,1.20636853,7,typeb,renault,mail
2026-01-03 11:00:00,9.004971532743982,1.8335969246557966,0.20362051317857588,0,0,7,0.0,0.0,1.20636853,7,typeb,renault,mail
2026-01-03 12:00:00,9.004971532743982,1.2525533483420577,0.13909575880251357,0,0,7,0.0,0.0,1.20636853,7,typeb,renault,mail
2026-01-03 13:00:00,9.004971532743982,3.328725214943147,0.36965416301863896,0,0,7,0.0,0.0,1.20636853,7,typeb,renault,mail
2026-01-03 14:00:00,9.004971532743982,4.888491421791692,0.5428658385,0,0,7,0.0,0.0,1.20636853,7,typeb,renault,mail
2026-01-03 15:00:00,9.004971532743982,1.9452565204751218,0.21602028539476859,0,0,7,0.0,0.0,1.20636853,7,typeb,renault,mail
2026-01-03 16:00:00,9.00497153274398,2.2032219027216677,0.2446672812579459,0,0,7,0.0,0.0,1.20636853,7,typeb,renault,mail
2026-01-03 17:00:00,9.00497153274398,1.0863314270648203,0.120636853,0,0,7,0.0,0.0,1.20636853,7,typeb,renault,mail
2026-01-03 18:00:00,9.00497153274398,2.111569988213643,0.23448935741057353,0,0,7,0.0,0.0,1.20636853,7,typeb,renault,mail
2026-01-03 19:00:00,0.0,0.0,0.0,1,1,7,45.0,80.0,1.20636853,7,typeb,renault,mail
2026-01-03 20:00:00,0.0,0.0,0.0,1,1,7,45.0,80.0,1.20636853,7,typeb,renault,mail
2026-01-03 21:00:00,0.0,0.0,0.0,1,1,7,45.0,80.0,1.20636853,7,typeb,renault,mail
2026-01-03 22:00:00,0.0,0.0,0.0,1,1,7,45.0,80.0,1.20636853,7,typeb,renault,mail
2026-01-03 23:00:00,0.0,0.0,0.0,1,1,7,45.0,80.0,1.20636853,7,typeb,renault,mail
2026-01-04 00:00:00,0.0,0.0,0.0,1,1,7,45.0,80.0,1.20636853,7,typeb,renault,mail
2026-01-04 01:00:00,0.0,0.0,0.0,1,1,7,45.0,80.0,1.20636853,7,typeb,renault,mail
2026-01-04 02:00:00,0.0,0.0,0.0,1,1,7,45.0,80.0,1.20636853,7,typeb,renault,mail
2026-01-04 03:00:00,0.0,0.0,0.0,1,1,7,45.0,80.0,1.20636853,7,typeb,renault,mail
2026-01-04 04:00:00,0.0,0.0,0.0,1,1,7,45.0,80.0,1.20636853,7,typeb,renault,mail
2026-01-04 05:00:00,0.0,0.0,0.0,1,1,7,45.0,80.0,1.20636853,7,typeb,renault,mail
2026-01-04 06:00:00,0.0,0.0,0.0,1,1,7,45.0,80.0,1.20636853,7,typeb,renault,mail
2026-01-04 07:00:00,0.0,0.0,0.0,1,1,7,45.0,80.0,1.20636853,7,typeb,renault,mail
2026-01-04 08:00:00,0.0,0.0,0.0,1,1,7,45.0,80.0,1.20636853,7,typeb,renault,mail
2026-01-04 09:00:00,0.0,0.0,0.0,1,1,7,45.0,80.0,1.20636853,7,typeb,renault,mail
2026-01-04 10:00:00,10.230301540443618,1.3329807405177552,0.13029730700000003,0,0,7,0.0,0.0,1.3029730700000002,7,typeb,renault,mail
2026-01-04 11:00:00,10.230301540443618,4.1192112877437825,0.40264808143330255,0,0,7,0.0,0.0,1.3029730700000002,7,typeb,renault,mail
2026-01-04 12:00:00,10.230301540443618,5.998413332329898,0.5863378815000001,0,0,7,0.0,0.0,1.3029730700000002,7,typeb,renault,mail
2026-01-04 13:00:00,10.230301540443618,3.1559561132171523,0.30849101570864357,0,0,7,0.0,0.0,1.3029730700000002,7,typeb,renault,mail
2026-01-04 14:00:00,10.230301540443618,2.6844409365449824,0.2624009591440231,0,0,7,0.0,0.0,1.3029730700000002,7,typeb,renault,mail
2026-01-04 15:00:00,10.230301540443618,4.19211826222871,0.4097746528443898,0,0,7,0.0,0.0,1.3029730700000002,7,typeb,renault,mail
2026-01-04 16:00:00,10.230301540443618,3.120976966494181,0.3050718450630191,0,0,7,0.0,0.0,1.3029730700000002,7,typeb,renault,mail
2026-01-04 17:00:00,10.230301540443618,1.3329807405177552,0.13029730700000003,0,0,7,0.0,0.0,1.3029730700000002,7,typeb,renault,mail
2026-01-04 18:00:00,0.0,0.0,0.0,1,1,7,45.0,80.0,1.3029730700000002,7,typeb,renault,mail
2026-01-04 19:00:00,0.0,0.0,0.0,1,1,7,45.0,80.0,1.3029730700000002,7,typeb,renault,mail
2026-01-04 20:00:00,0.0,0.0,0.0,1,1,7,45.0,80.0,1.3029730700000002,7,typeb,renault,mail
2026-01-04 21:00:00,0.0,0.0,0.0,1,1,7,45.0,80.0,1.3029730700000002,7,typeb,renault,mail
2026-01-04 22:00:00,0.0,0.0,0.0,1,1,7,45.0,80.0,1.3029730700000002,7,typeb,renault,mail
2026-01-04 23:00:00,0.0,0.0,0.0,1,1,7,45.0,80.0,1.3029730700000002,7,typeb,renault,mail
2026-01-05 00:00:00,0.0,0.0,0.0,1,1,7,45.0,80.0,1.3029730700000002,7,typeb,renault,mail
2026-01-05 01:00:00,0.0,0.0,0.0,1,1,7,45.0,80.0,1.3029730700000002,7,typeb,renault,mail
2026-01-05 02:00:00,0.0,0.0,0.0,1,1,7,45.0,80.0,1.3029730700000002,7,typeb,renault,mail
2026-01-05 03:00:00,0.0,0.0,0.0,1,1,7,45.0,80.0,1.3029730700000002,7,typeb,renault,mail
2026-01-05 04:00:00,0.0,0.0,0.0,1,1,7,45.0,80.0,1.3029730700000002,7,typeb,renault,mail
2026-01-05 05:00:00,0.0,0.0,0.0,1,1,7,45.0,80.0,1.3029730700000002,7,typeb,renault,mail
2026-01-05 06:00:00,9.077036601706144,1.102799793585737,0.12149337300000002,0,0,7,0.0,0.0,1.21493373,7,typeb,renault,mail
2026-01-05 07:00:00,9.077036601706144,1.4712700224412458,0.16208704305155075,0,0,7,0.0,0.0,1.21493373,7,typeb,renault,mail
2026-01-05 08:00:00,9.077036601706144,2.07087010080627,0.2281438526332508,0,0,7,0.0,0.0,1.21493373,7,typeb,renault,mail
2026-01-05 09:00:00,9.077036601706144,4.632834734925269,0.5103906636285315,0,0,7,0.0,0.0,1.21493373,7,typeb,renault,mail
2026-01-05 10:00:00,9.077036601706144,1.102799793585737,0.12149337300000002,0,0,7,0.0,0.0,1.21493373,7,typeb,renault,mail
2026-01-05 11:00:00,9.077036601706144,1.1803814482997559,0.13004039755418503,0,0,7,0.0,0.0,1.21493373,7,typeb,renault,mail
2026-01-05 12:00:00,0.0,0.0,0.0,1,1,7,45.0,80.0,1.21493373,7,typeb,renault,mail
2026-01-05 13:00:00,0.0,0.0,0.0,1,1,7,45.0,80.0,1.21493373,7,typeb,renault,mail
2026-01-05 14:00:00,9.077036601706146,1.909384390915439,0.21035327659211442,0,0,7,0.0,0.0,1.21493373,7,typeb,renault,mail
2026-01-05 15:00:00,9.077036601706146,4.325121297136302,0.4764904546405971,0,0,7,0.0,0.0,1.21493373,7,typeb,renault,mail
2026-01-05 16:00:00,9.077036601706146,2.5523689052366363,0.2811896676451526,0,0,7,0.0,0.0,1.21493373,7,typeb,renault,mail
2026-01-05 17:00:00,9.077036601706146,1.5908404921478925,0.17525989614814086,0,0,7,0.0,0.0,1.21493373,7,typeb,renault,mail
2026-01-05 18:00:00,9.077036601706146,1.2971095306461713,0.1429001101970177,0,0,7,0.0,0.0,1.21493373,7,typeb,renault,mail
2026-01-05 19:00:00,9.077036601706146,1.1027997935857374,0.12149337300000002,0,0,7,0.0,0.0,1.21493373,7,typeb,renault,mail
2026-01-05 20:00:00,0.0,0.0,0.0,1,1,7,45.0,80.0,1.21493373,7,typeb,renault,mail
2026-01-05 21:00:00,0.0,0.0,0.0,1,1,7,45.0,80.0,1.21493373,7,typeb,renault,mail
2026-01-05 22:00:00,0.0,0.0,0.0,1,1,7,45.0,80.0,1.21493373,7,typeb,renault,mail
2026-01-05 23:00:00,0.0,0.0,0.0,1,1,7,45.0,80.0,1.21493373,7,typeb,renault,mail
2026-01-06 00:00:00,0.0,0.0,0.0,1,1,7,45.0,80.0,1.21493373,7,typeb,renault,mail
2026-01-06 01:00:00,0.0,0.0,0.0,1,1,7,45.0,80.0,1.21493373,7,typeb,renault,mail
2026-01-06 02:00:00,0.0,0.0,0.0,1,1,7,45.0,80.0,1.21493373,7,typeb,renault,mail
2026-01-06 03:00:00,0.0,0.0,0.0,1,1,7,45.0,80.0,1.21493373,7,typeb,renault,mail
2026-01-06 04:00:00,0.0,0.0,0.0,1,1,7,45.0,80.0,1.21493373,7,typeb,renault,mail
2026-01-06 05:00:00,0.0,0.0,0.0,1,1,7,45.0,80.0,1.21493373,7,typeb,renault,mail
2026-01-06 06:00:00,8.005106378112123,1.0531254102738086,0.131556704,0,0,7,0.0,0.0,1.31556704,7,typeb,renault,mail
2026-01-06 07:00:00,8.005106378112123,2.809743081002803,0.350993846713307,0,0,7,0.0,0.0,1.31556704,7,typeb,renault,mail
2026-01-06 08:00:00,8.005106378112123,2.1754051672791537,0.27175218723229366,0,0,7,0.0,0.0,1.31556704,7,typeb,renault,mail
2026-01-06 09:00:00,8.005106378112123,1.3115763557850637,0.16384246427645577,0,0,7,0.0,0.0,1.31556704,7,typeb,renault,mail
2026-01-06 10:00:00,8.005106378112123,1.5218109760462741,0.19010502848622596,0,0,7,0.0,0.0,1.31556704,7,typeb,renault,mail
2026-01-06 11:00:00,8.005106378112123,1.0531254102738086,0.131556704,0,0,7,0.0,0.0,1.31556704,7,typeb,renault,mail
2026-01-06 12:00:00,8.005106378112123,1.2330496144156329,0.15403288303414503,0,0,7,0.0,0.0,1.31556704,7,typeb,renault,mail
2026-01-06 13:00:00,0.0,0.0,0.0,1,1,7,45.0,80.0,1.31556704,7,typeb,renault,mail
2026-01-06 14:00:00,8.005106378112124,1.7448484496363958,0.21796692851043542,0,0,7,0.0,0.0,1.31556704,7,typeb,renault,mail
2026-01-06 15:00:00,8.005106378112124,2.664440238303391,0.3328425772814972,0,0,7,0.0,0.0,1.31556704,7,typeb,renault,mail
2026-01-06 16:00:00,8.005106378112124,2.397374458378683,0.2994806496180586,0,0,7,0.0,0.0,1.31556704,7,typeb,renault,mail
2026-01-06 17:00:00,8.005106378112124,2.842461111626377,0.35508099172777335,0,0,7,0.0,0.0,1.31556704,7,typeb,renault,mail
2026-01-06 18:00:00,8.005106378112124,3.168698241234963,0.39583461999942215,0,0,7,0.0,0.0,1.31556704,7,typeb,renault,mail
2026-01-06 19:00:00,8.005106378112124,1.9912354000074282,0.24874565133224735,0,0,7,0.0,0.0,1.31556704,7,typeb,renault,mail
2026-01-06 20:00:00,0.0,0.0,0.0,1,1,7,45.0,80.0,1.31556704,7,typeb,renault,mail
2026-01-06 21:00:00,0.0,0.0,0.0,1,1,7,45.0,80.0,1.31556704,7,typeb,renault,mail
2026-01-06 22:00:00,0.0,0.0,0.0,1,1,7,45.0,80.0,1.31556704,7,typeb,renault,mail
2026-01-06 23:00:00,0.0,0.0,0.0,1,1,7,45.0,80.0,1.31556704,7,typeb,renault,mail
2026-01-07 00:00:00,0.0,0.0,0.0,1,1,7,45.0,80.0,1.31556704,7,typeb,renault,mail
2026-01-07 01:00:00,0.0,0.0,0.0,1,1,7,45.0,80.0,1.31556704,7,typeb,renault,mail
2026-01-07 02:00:00,0.0,0.0,0.0,1,1,7,45.0,80.0,1.31556704,7,typeb,renault,mail
2026-01-07 03:00:00,0.0,0.0,0.0,1,1,7,45.0,80.0,1.31556704,7,typeb,renault,mail
2026-01-07 04:00:00,0.0,0.0,0.0,1,1,7,45.0,80.0,1.31556704,7,typeb,renault,mail
2026-01-07 05:00:00,10.537717454522058,2.4363905244835604,0.23120666643401322,0,0,7,0.0,0.0,1.25926432,7,typeb,renault,mail
2026-01-07 06:00:00,10.537717454522058,1.326977160472085,0.125926432,0,0,7,0.0,0.0,1.25926432,7,typeb,renault,mail
2026-01-07 07:00:00,10.537717454522058,2.069138950939789,0.19635551625573883,0,0,7,0.0,0.0,1.25926432,7,typeb,renault,mail
2026-01-07 08:00:00,10.537717454522058,1.6477362303579,0.15636557323434458,0,0,7,0.0,0.0,1.25926432,7,typeb,renault,mail
2026-01-07 09:00:00,10.537717454522058,2.2634346889606083,0.21479363996320655,0,0,7,0.0,0.0,1.25926432,7,typeb,renault,mail
2026-01-07 10:00:00,10.537717454522058,1.326977160472085,0.125926432,0,0,7,0.0,0.0,1.25926432,7,typeb,renault,mail
2026-01-07 11:00:00,10.537717454522058,1.326977160472085,0.125926432,0,0,7,0.0,0.0,1.25926432,7,typeb,renault,mail
2026-01-07 12:00:00,0.0,0.0,0.0,1,1,7,45.0,80.0,1.25926432,7,typeb,renault,mail
2026-01-07 13:00:00,0.0,0.0,0.0,1,1,7,45.0,80.0,1.25926432,7,typeb,renault,mail
2026-01-07 14:00:00,10.537717454522058,2.67556701558463,0.25390384845026015,0,0,7,0.0,0.0,1.25926432,7,typeb,renault,mail
2026-01-07 15:00:00,10.537717454522058,1.8972086615519843,0.18003981125322674,0,0,7,0.0,0.0,1.25926432,7,typeb,renault,mail
2026-01-07 16:00:00,10.537717454522058,1.326977160472085,0.125926432,0,0,7,0.0,0.0,1.25926432,7,typeb,renault,mail
2026-01-07 17:00:00,10.537717454522058,4.168432964709934,0.3955726638809367,0,0,7,0.0,0.0,1.25926432,7,typeb,renault,mail
2026-01-07 18:00:00,10.537717454522058,5.9713972221243825,0.566668944,0,0,7,0.0,0.0,1.25926432,7,typeb,renault,mail
2026-01-07 19:00:00,10.537717454522058,1.326977160472085,0.125926432,0,0,7,0.0,0.0,1.25926432,7,typeb,renault,mail
2026-01-07 20:00:00,0.0,0.0,0.0,1,1,7,45.0,80.0,1.25926432,7,typeb,renault,mail
2026-01-07 21:00:00,0.0,0.0,0.0,1,1,7,45.0,80.0,1.25926432,7,typeb,renault,mail
2026-01-07 22:00:00,0.0,0.0,0.0,1,1,7,45.0,80.0,1.25926432,7,typeb,renault,mail
2026-01-07 23:00:00,0.0,0.0,0.0,1,1,7,45.0,80.0,1.25926432,7,typeb,renault,mail
2026-01-08 00:00:00,0.0,0.0,0.0,1,1,7,45.0,80.0,1.25926432,7,typeb,renault,mail
2026-01-08 01:00:00,0.0,0.0,0.0,1,1,7,45.0,80.0,1.25926432,7,typeb,renault,mail
2026-01-08 02:00:00,0.0,0.0,0.0,1,1,7,45.0,80.0,1.25926432,7,typeb,renault,mail
2026-01-08 03:00:00,0.0,0.0,0.0,1,1,7,45.0,80.0,1.25926432,7,typeb,renault,mail
2026-01-08 04:00:00,0.0,0.0,0.0,1,1,7,45.0,80.0,1.25926432,7,typeb,renault,mail
2026-01-08 05:00:00,0.0,0.0,0.0,1,1,7,45.0,80.0,1.25926432,7,typeb,renault,mail
2026-01-08 06:00:00,10.939632845321574,1.5432583530105042,0.14107039741013716,0,0,7,0.0,0.0,1.16541536,7,typeb,renault,mail
2026-01-08 07:00:00,10.939632845321574,4.070066256086147,0.37204779297750784,0,0,7,0.0,0.0,1.16541536,7,typeb,renault,mail
2026-01-08 08:00:00,10.939632845321574,3.126428817147702,0.28578919067514647,0,0,7,0.0,0.0,1.16541536,7,typeb,renault,mail
2026-01-08 09:00:00,10.939632845321574,4.666121817436724,0.4265336765330502,0,0,7,0.0,0.0,1.16541536,7,typeb,renault,mail
2026-01-08 10:00:00,10.939632845321574,2.358782885913208,0.21561810339201296,0,0,7,0.0,0.0,1.16541536,7,typeb,renault,mail
2026-01-08 11:00:00,10.939632845321574,5.608650996079256,0.5126909719349351,0,0,7,0.0,0.0,1.16541536,7,typeb,renault,mail
2026-01-08 12:00:00,0.0,0.0,0.0,1,1,7,45.0,80.0,1.16541536,7,typeb,renault,mail
2026-01-08 13:00:00,0.0,0.0,0.0,1,1,7,45.0,80.0,1.16541536,7,typeb,renault,mail
2026-01-08 14:00:00,10.939632845321574,3.46340288724992,0.31659224182565443,0,0,7,0.0,0.0,1.16541536,7,typeb,renault,mail
2026-01-08 15:00:00,10.939632845321574,2.9308561198814624,0.26791174450931116,0,0,7,0.0,0.0,1.16541536,7,typeb,renault,mail
2026-01-08 16:00:00,10.939632845321574,4.510201712331168,0.4122809033997876,0,0,7,0.0,0.0,1.16541536,7,typeb,renault,mail
2026-01-08 17:00:00,0.0,0.0,0.0,1,1,7,45.0,80.0,1.16541536,7,typeb,renault,mail
2026-01-08 18:00:00,0.0,0.0,0.0,1,1,7,45.0,80.0,1.16541536,7,typeb,renault,mail
2026-01-08 19:00:00,0.0,0.0,0.0,1,1,7,45.0,80.0,1.16541536,7,typeb,renault,mail
2026-01-08 20:00:00,0.0,0.0,0.0,1,1,7,45.0,80.0,1.16541536,7,typeb,renault,mail
2026-01-08 21:00:00,0.0,0.0,0.0,1,1,7,45.0,80.0,1.16541536,7,typeb,renault,mail
2026-01-08 22:00:00,0.0,0.0,0.0,1,1,7,45.0,80.0,1.16541536,7,typeb,renault,mail
2026-01-08 23:00:00,0.0,0.0,0.0,1,1,7,45.0,80.0,1.16541536,7,typeb,renault,mail
2026-01-09 00:00:00,0.0,0.0,0.0,1,1,7,45.0,80.0,1.16541536,7,typeb,renault,mail
2026-01-09 01:00:00,0.0,0.0,0.0,1,1,7,45.0,80.0,1.16541536,7,typeb,renault,mail
2026-01-09 02:00:00,0.0,0.0,0.0,1,1,7,45.0,80.0,1.16541536,7,typeb,renault,mail
2026-01-09 03:00:00,0.0,0.0,0.0,1,1,7,45.0,80.0,1.16541536,7,typeb,renault,mail
2026-01-09 04:00:00,0.0,0.0,0.0,1,1,7,45.0,80.0,1.16541536,7,typeb,renault,mail
2026-01-09 05:00:00,0.0,0.0,0.0,1,1,7,45.0,80.0,1.16541536,7,typeb,renault,mail
2026-01-09 06:00:00,0.0,0.0,0.0,1,1,7,45.0,80.0,1.16541536,7,typeb,renault,mail
2026-01-09 07:00:00,0.0,0.0,0.0,1,1,7,45.0,80.0,1.16541536,7,typeb,renault,mail
2026-01-09 08:00:00,10.04569456422318,2.133130279730763,0.21234273708935075,0,0,7,0.0,0.0,1.13480256,7,typeb,renault,mail
2026-01-09 09:00:00,10.04569456422318,1.139987990845855,0.113480256,0,0,7,0.0,0.0,1.13480256,7,typeb,renault,mail
2026-01-09 10:00:00,10.04569456422318,1.139987990845855,0.113480256,0,0,7,0.0,0.0,1.13480256,7,typeb,renault,mail
2026-01-09 11:00:00,10.04569456422318,2.629182470344432,0.26172231830619497,0,0,7,0.0,0.0,1.13480256,7,typeb,renault,mail
2026-01-09 12:00:00,0.0,0.0,0.0,1,1,7,45.0,80.0,1.13480256,7,typeb,renault,mail
2026-01-09 13:00:00,10.045694564223178,1.1399879908458546,0.113480256,0,0,7,0.0,0.0,1.13480256,7,typeb,renault,mail
2026-01-09 14:00:00,10.045694564223178,1.3420388616893488,0.13359343678125526,0,0,7,0.0,0.0,1.13480256,7,typeb,renault,mail
2026-01-09 15:00:00,10.045694564223178,1.8706806259296094,0.18621715143439335,0,0,7,0.0,0.0,1.13480256,7,typeb,renault,mail
2026-01-09 16:00:00,10.045694564223178,5.1299459588063465,0.5106611520000001,0,0,7,0.0,0.0,1.13480256,7,typeb,renault,mail
2026-01-09 17:00:00,10.045694564223178,1.9649277668462803,0.19559899559799387,0,0,7,0.0,0.0,1.13480256,7,typeb,renault,mail
2026-01-09 18:00:00,10.045694564223178,1.1399879908458546,0.113480256,0,0,7,0.0,0.0,1.13480256,7,typeb,renault,mail
2026-01-09 19:00:00,10.045694564223178,2.1576550586927334,0.21478405946931975,0,0,7,0.0,0.0,1.13480256,7,typeb,renault,mail
2026-01-09 20:00:00,0.0,0.0,0.0,1,1,7,45.0,80.0,1.13480256,7,typeb,renault,mail
2026-01-09 21:00:00,0.0,0.0,0.0,1,1,7,45.0,80.0,1.13480256,7,typeb,renault,mail
2026-01-09 22:00:00,0.0,0.0,0.0,1,1,7,45.0,80.0,1.13480256,7,typeb,renault,mail
2026-01-09 23:00:00,0.0,0.0,0.0,1,1,7,45.0,80.0,1.13480256,7,typeb,renault,mail
2026-01-10 00:00:00,0.0,0.0,0.0,1,1,7,45.0,80.0,1.13480256,7,typeb,renault,mail
2026-01-10 01:00:00,0.0,0.0,0.0,1,1,7,45.0,80.0,1.13480256,7,typeb,renault,mail
2026-01-10 02:00:00,0.0,0.0,0.0,1,1,7,45.0,80.0,1.13480256,7,typeb,renault,mail
2026-01-10 03:00:00,0.0,0.0,0.0,1,1,7,45.0,80.0,1.13480256,7,typeb,renault,mail
2026-01-10 04:00:00,0.0,0.0,0.0,1,1,7,45.0,80.0,1.13480256,7,typeb,renault,mail
2026-01-10 05:00:00,0.0,0.0,0.0,1,1,7,45.0,80.0,1.13480256,7,typeb,renault,mail
2026-01-10 06:00:00,0.0,0.0,0.0,1,1,7,45.0,80.0,1.13480256,7,typeb,renault,mail
2026-01-10 07:00:00,0.0,0.0,0.0,1,1,7,45.0,80.0,1.13480256,7,typeb,renault,mail
2026-01-10 08:00:00,0.0,0.0,0.0,1,1,7,45.0,80.0,1.13480256,7,typeb,renault,mail
2026-01-10 09:00:00,0.0,0.0,0.0,1,1,7,45.0,80.0,1.13480256,7,typeb,renault,mail
2026-01-10 10:00:00,13.198763657489513,4.82565811850383,0.36561440478294766,0,0,7,0.0,0.0,1.18959,7,typeb,renault,mail
2026-01-10 11:00:00,13.198763657489513,1.8405225947873851,0.1394465907981463,0,0,7,0.0,0.0,1.18959,7,typeb,renault,mail
2026-01-10 12:00:00,13.198763657489513,1.5701117259312949,0.118959,0,0,7,0.0,0.0,1.18959,7,typeb,renault,mail
2026-01-10 13:00:00,13.198763657489513,4.556353993762562,0.34521066608970624,0,0,7,0.0,0.0,1.18959,7,typeb,renault,mail
2026-01-10 14:00:00,13.198763657489513,3.2638115279875994,0.24728161005713442,0,0,7,0.0,0.0,1.18959,7,typeb,renault,mail
2026-01-10 15:00:00,13.198763657489513,3.2867704851726587,0.2490210879189137,0,0,7,0.0,0.0,1.18959,7,typeb,renault,mail
2026-01-10 16:00:00,13.198763657489513,1.5701117259312949,0.118959,0,0,7,0.0,0.0,1.18959,7,typeb,renault,mail
2026-01-10 17:00:00,13.198763657489513,3.831329753132331,0.29027944226869157,0,0,7,0.0,0.0,1.18959,7,typeb,renault,mail
2026-01-10 18:00:00,13.198763657489513,1.8366521276162338,0.13915334612223645,0,0,7,0.0,0.0,1.18959,7,typeb,renault,mail
2026-01-10 19:00:00,0.0,0.0,0.0,1,1,7,45.0,80.0,1.18959,7,typeb,renault,mail
2026-01-10 20:00:00,0.0,0.0,0.0,1,1,7,45.0,80.0,1.18959,7,typeb,renault,mail
2026-01-10 21:00:00,0.0,0.0,0.0,1,1,7,45.0,80.0,1.18959,7,typeb,renault,mail
2026-01-10 22:00:00,0.0,0.0,0.0,1,1,7,45.0,80.0,1.18959,7,typeb,renault,mail
2026-01-10 23:00:00,0.0,0.0,0.0,1,1,7,45.0,80.0,1.18959,7,typeb,renault,mail
2026-01-11 00:00:00,0.0,0.0,0.0,1,1,7,45.0,80.0,1.18959,7,typeb,renault,mail
2026-01-11 01:00:00,0.0,0.0,0.0,1,1,7,45.0,80.0,1.18959,7,typeb,renault,mail
2026-01-11 02:00:00,0.0,0.0,0.0,1,1,7,45.0,80.0,1.18959,7,typeb,renault,mail
2026-01-11 03:00:00,0.0,0.0,0.0,1,1,7,45.0,80.0,1.18959,7,typeb,renault,mail
2026-01-11 04:00:00,0.0,0.0,0.0,1,1,7,45.0,80.0,1.18959,7,typeb,renault,mail
2026-01-11 05:00:00,0.0,0.0,0.0,1,1,7,45.0,80.0,1.18959,7,typeb,renault,mail
2026-01-11 06:00:00,0.0,0.0,0.0,1,1,7,45.0,80.0,1.18959,7,typeb,renault,mail
2026-01-11 07:00:00,0.0,0.0,0.0,1,1,7,45.0,80.0,1.18959,7,typeb,renault,mail
2026-01-11 08:00:00,0.0,0.0,0.0,1,1,7,45.0,80.0,1.18959,7,typeb,renault,mail
2026-01-11 09:00:00,0.0,0.0,0.0,1,1,7,45.0,80.0,1.18959,7,typeb,renault,mail
2026-01-11 10:00:00,9.41844469980649,1.0567940633986077,0.11220473200000002,0,0,7,0.0,0.0,1.12204732,7,typeb,renault,mail
2026-01-11 11:00:00,9.41844469980649,2.9970986218435995,0.3182158750589869,0,0,7,0.0,0.0,1.12204732,7,typeb,renault,mail
2026-01-11 12:00:00,9.41844469980649,2.601297261166143,0.27619180704215307,0,0,7,0.0,0.0,1.12204732,7,typeb,renault,mail
2026-01-11 13:00:00,9.41844469980649,1.5390804678954717,0.16341131863598388,0,0,7,0.0,0.0,1.12204732,7,typeb,renault,mail
2026-01-11 14:00:00,9.41844469980649,3.4562574061967517,0.3669668948916549,0,0,7,0.0,0.0,1.12204732,7,typeb,renault,mail
2026-01-11 15:00:00,0.0,0.0,0.0,1,1,7,45.0,80.0,1.12204732,7,typeb,renault,mail
2026-01-11 16:00:00,9.418444699806487,2.0622997199890096,0.21896393573679757,0,0,7,0.0,0.0,1.12204732,7,typeb,renault,mail
2026-01-11 17:00:00,9.418444699806487,3.577126200937729,0.3798000959766983,0,0,7,0.0,0.0,1.12204732,7,typeb,renault,mail
2026-01-11 18:00:00,9.418444699806487,1.7434272497528631,0.18510776516941102,0,0,7,0.0,0.0,1.12204732,7,typeb,renault,mail
2026-01-11 19:00:00,0.0,0.0,0.0,1,1,7,45.0,80.0,1.12204732,7,typeb,renault,mail
2026-01-11 20:00:00,0.0,0.0,0.0,1,1,7,45.0,80.0,1.12204732,7,typeb,renault,mail
2026-01-11 21:00:00,0.0,0.0,0.0,1,1,7,45.0,80.0,1.12204732,7,typeb,renault,mail
2026-01-11 22:00:00,0.0,0.0,0.0,1,1,7,45.0,80.0,1.12204732,7,typeb,renault,mail
2026-01-11 23:00:00,0.0,0.0,0.0,1,1,7,45.0,80.0,1.12204732,7,typeb,renault,mail
2026-01-12 00:00:00,0.0,0.0,0.0,1,1,7,45.0,80.0,1.12204732,7,typeb,renault,mail
2026-01-12 01:00:00,0.0,0.0,0.0,1,1,7,45.0,80.0,1.12204732,7,typeb,renault,mail
2026-01-12 02:00:00,0.0,0.0,0.0,1,1,7,45.0,80.0,1.12204732,7,typeb,renault,mail
2026-01-12 03:00:00,0.0,0.0,0.0,1,1,7,45.0,80.0,1.12204732,7,typeb,renault,mail
2026-01-12 04:00:00,0.0,0.0,0.0,1,1,7,45.0,80.0,1.12204732,7,typeb,renault,mail
2026-01-12 05:00:00,0.0,0.0,0.0,1,1,7,45.0,80.0,1.12204732,7,typeb,renault,mail
2026-01-12 06:00:00,0.0,0.0,0.0,1,1,7,45.0,80.0,1.12204732,7,typeb,renault,mail
2026-01-12 07:00:00,9.623518319941336,2.1086498885231317,0.21911423851645825,0,0,7,0.0,0.0,1.1197747500000002,7,typeb,renault,mail
2026-01-12 08:00:00,9.623518319941336,1.0776172820832732,0.11197747500000002,0,0,7,0.0,0.0,1.1197747500000002,7,typeb,renault,mail
2026-01-12 09:00:00,9.623518319941336,2.2884004409790224,0.23779249593541293,0,0,7,0.0,0.0,1.1197747500000002,7,typeb,renault,mail
2026-01-12 10:00:00,9.623518319941336,1.0776172820832732,0.11197747500000002,0,0,7,0.0,0.0,1.1197747500000002,7,typeb,renault,mail
2026-01-12 11:00:00,9.623518319941336,4.179847089017161,0.43433668956143695,0,0,7,0.0,0.0,1.1197747500000002,7,typeb,renault,mail
2026-01-12 12:00:00,0.0,0.0,0.0,1,1,7,45.0,80.0,1.1197747500000002,7,typeb,renault,mail
2026-01-12 13:00:00,9.623518319941336,1.0776172820832732,0.11197747500000002,0,0,7,0.0,0.0,1.1197747500000002,7,typeb,renault,mail
2026-01-12 14:00:00,9.623518319941336,1.2390585908051783,0.12875318044936515,0,0,7,0.0,0.0,1.1197747500000002,7,typeb,renault,mail
2026-01-12 15:00:00,9.623518319941336,1.0776172820832732,0.11197747500000002,0,0,7,0.0,0.0,1.1197747500000002,7,typeb,renault,mail
2026-01-12 16:00:00,9.623518319941336,2.6014888191161716,0.2703261668578639,0,0,7,0.0,0.0,1.1197747500000002,7,typeb,renault,mail
2026-01-12 17:00:00,9.623518319941336,1.0776172820832732,0.11197747500000002,0,0,7,0.0,0.0,1.1197747500000002,7,typeb,renault,mail
2026-01-12 18:00:00,9.623518319941336,1.0776172820832732,0.11197747500000002,0,0,7,0.0,0.0,1.1197747500000002,7,typeb,renault,mail
2026-01-12 19:00:00,9.623518319941336,1.6595229070821909,0.1724445106155632,0,0,7,0.0,0.0,1.1197747500000002,7,typeb,renault,mail
2026-01-12 20:00:00,9.623518319941336,2.2452725932398687,0.2333109906994551,0,0,7,0.0,0.0,1.1197747500000002,7,typeb,renault,mail
2026-01-12 21:00:00,0.0,0.0,0.0,1,1,7,45.0,80.0,1.1197747500000002,7,typeb,renault,mail
2026-01-12 22:00:00,0.0,0.0,0.0,1,1,7,45.0,80.0,1.1197747500000002,7,typeb,renault,mail
2026-01-12 23:00:00,0.0,0.0,0.0,1,1,7,45.0,80.0,1.1197747500000002,7,typeb,renault,mail
2026-01-13 00:00:00,0.0,0.0,0.0,1,1,7,45.0,80.0,1.1197747500000002,7,typeb,renault,mail
2026-01-13 01:00:00,0.0,0.0,0.0,1,1,7,45.0,80.0,1.1197747500000002,7,typeb,renault,mail
2026-01-13 02:00:00,0.0,0.0,0.0,1,1,7,45.0,80.0,1.1197747500000002,7,typeb,renault,mail
2026-01-13 03:00:00,0.0,0.0,0.0,1,1,7,45.0,80.0,1.1197747500000002,7,typeb,renault,mail
2026-01-13 04:00:00,0.0,0.0,0.0,1,1,7,45.0,80.0,1.1197747500000002,7,typeb,renault,mail
2026-01-13 05:00:00,0.0,0.0,0.0,1,1,7,45.0,80.0,1.1197747500000002,7,typeb,renault,mail
2026-01-13 06:00:00,0.0,0.0,0.0,1,1,7,45.0,80.0,1.1197747500000002,7,typeb,renault,mail
2026-01-13 07:00:00,11.15206916770819,1.3501937794177172,0.12107114465603601,0,0,7,0.0,0.0,1.12415904,7,typeb,renault,mail
2026-01-13 08:00:00,11.15206916770819,1.295403014750672,0.11615808647435824,0,0,7,0.0,0.0,1.12415904,7,typeb,renault,mail
2026-01-13 09:00:00,11.15206916770819,2.0606935350446114,0.18478127278940606,0,0,7,0.0,0.0,1.12415904,7,typeb,renault,mail
2026-01-13 10:00:00,11.15206916770819,1.2737533023495538,0.11421676849331423,0,0,7,0.0,0.0,1.12415904,7,typeb,renault,mail
2026-01-13 11:00:00,11.15206916770819,1.2536699369584439,0.11241590400000001,0,0,7,0.0,0.0,1.12415904,7,typeb,renault,mail
2026-01-13 12:00:00,11.15206916770819,1.619440760098165,0.14521437553377092,0,0,7,0.0,0.0,1.12415904,7,typeb,renault,mail
2026-01-13 13:00:00,0.0,0.0,0.0,1,1,7,45.0,80.0,1.12415904,7,typeb,renault,mail
2026-01-13 14:00:00,11.15206916770819,3.246564692090476,0.2911176969284941,0,0,7,0.0,0.0,1.12415904,7,typeb,renault,mail
2026-01-13 15:00:00,11.15206916770819,1.5726892476327146,0.14102219274128755,0,0,7,0.0,0.0,1.12415904,7,typeb,renault,mail
2026-01-13 16:00:00,11.15206916770819,2.1571580921009095,0.1934311973554785,0,0,7,0.0,0.0,1.12415904,7,typeb,renault,mail
2026-01-13 17:00:00,11.15206916770819,1.2536699369584439,0.11241590400000001,0,0,7,0.0,0.0,1.12415904,7,typeb,renault,mail
2026-01-13 18:00:00,11.15206916770819,1.2536699369584439,0.11241590400000001,0,0,7,0.0,0.0,1.12415904,7,typeb,renault,mail
2026-01-13 19:00:00,0.0,0.0,0.0,1,1,7,45.0,80.0,1.12415904,7,typeb,renault,mail
2026-01-13 20:00:00,0.0,0.0,0.0,1,1,7,45.0,80.0,1.12415904,7,typeb,renault,mail
2026-01-13 21:00:00,0.0,0.0,0.0,1,1,7,45.0,80.0,1.12415904,7,typeb,renault,mail
2026-01-13 22:00:00,0.0,0.0,0.0,1,1,7,45.0,80.0,1.12415904,7,typeb,renault,mail
2026-01-13 23:00:00,0.0,0.0,0.0,1,1,7,45.0,80.0,1.12415904,7,typeb,renault,mail
2026-01-14 00:00:00,0.0,0.0,0.0,1,1,7,45.0,80.0,1.12415904,7,typeb,renault,mail
2026-01-14 01:00:00,0.0,0.0,0.0,1,1,7,45.0,80.0,1.12415904,7,typeb,renault,mail
2026-01-14 02:00:00,0.0,0.0,0.0,1,1,7,45.0,80.0,1.12415904,7,typeb,renault,mail
2026-01-14 03:00:00,0.0,0.0,0.0,1,1,7,45.0,80.0,1.12415904,7,typeb,renault,mail
2026-01-14 04:00:00,0.0,0.0,0.0,1,1,7,45.0,80.0,1.12415904,7,typeb,renault,mail
2026-01-14 05:00:00,8.52967454162976,1.562930759036568,0.18323451280685554,0,0,7,0.0,0.0,1.10192,7,typeb,renault,mail
2026-01-14 06:00:00,8.52967454162976,0.9399018970912666,0.11019200000000001,0,0,7,0.0,0.0,1.10192,7,typeb,renault,mail
2026-01-14 07:00:00,8.52967454162976,1.6104501783146428,0.1888055834316669,0,0,7,0.0,0.0,1.10192,7,typeb,renault,mail
2026-01-14 08:00:00,8.52967454162976,1.3146789807698736,0.1541300285671484,0,0,7,0.0,0.0,1.10192,7,typeb,renault,mail
2026-01-14 09:00:00,8.52967454162976,2.5658902538072685,0.3008192447770704,0,0,7,0.0,0.0,1.10192,7,typeb,renault,mail
2026-01-14 10:00:00,8.52967454162976,1.814170038975181,0.21268924507271394,0,0,7,0.0,0.0,1.10192,7,typeb,renault,mail
2026-01-14 11:00:00,8.52967454162976,0.9399018970912666,0.11019200000000001,0,0,7,0.0,0.0,1.10192,7,typeb,renault,mail
2026-01-14 12:00:00,0.0,0.0,0.0,1,1,7,45.0,80.0,1.10192,7,typeb,renault,mail
2026-01-14 13:00:00,0.0,0.0,0.0,1,1,7,45.0,80.0,1.10192,7,typeb,renault,mail
2026-01-14 14:00:00,8.529674541629761,1.3054079862205823,0.15304311786451333,0,0,7,0.0,0.0,1.10192,7,typeb,renault,mail
2026-01-14 15:00:00,8.529674541629761,0.9399018970912667,0.11019200000000001,0,0,7,0.0,0.0,1.10192,7,typeb,renault,mail
2026-01-14 16:00:00,8.529674541629761,0.977283871953776,0.11457457927428105,0,0,7,0.0,0.0,1.10192,7,typeb,renault,mail
2026-01-14 17:00:00,8.529674541629761,3.3412105680804216,0.39171606745056625,0,0,7,0.0,0.0,1.10192,7,typeb,renault,mail
2026-01-14 18:00:00,8.529674541629761,0.9399018970912667,0.11019200000000001,0,0,7,0.0,0.0,1.10192,7,typeb,renault,mail
2026-01-14 19:00:00,8.529674541629761,1.127068398501099,0.1321349827593481,0,0,7,0.0,0.0,1.10192,7,typeb,renault,mail
2026-01-14 20:00:00,0.0,0.0,0.0,1,1,7,45.0,80.0,1.10192,7,typeb,renault,mail
2026-01-14 21:00:00,0.0,0.0,0.0,1,1,7,45.0,80.0,1.10192,7,typeb,renault,mail
2026-01-14 22:00:00,0.0,0.0,0.0,1,1,7,45.0,80.0,1.10192,7,typeb,renault,mail
2026-01-14 23:00:00,0.0,0.0,0.0,1,1,7,45.0,80.0,1.10192,7,typeb,renault,mail
2026-01-01 00:00:00,0.0,0.0,0.0,1,1,8,45.0,80.0,1.0,8,typeb,renault,mail
2026-01-01 01:00:00,0.0,0.0,0.0,1,1,8,45.0,80.0,1.0,8,typeb,renault,mail
2026-01-01 02:00:00,0.0,0.0,0.0,1,1,8,45.0,80.0,1.0,8,typeb,renault,mail
2026-01-01 03:00:00,0.0,0.0,0.0,1,1,8,45.0,80.0,1.0,8,typeb,renault,mail
2026-01-01 04:00:00,0.0,0.0,0.0,1,1,8,45.0,80.0,1.0,8,typeb,renault,mail
2026-01-01 05:00:00,0.0,0.0,0.0,1,1,8,45.0,80.0,1.0,8,typeb,renault,mail
2026-01-01 06:00:00,10.483483787306882,2.548025919452347,0.2430514484638616,0,0,8,0.0,0.0,1.13291752,8,typeb,renault,mail
2026-01-01 07:00:00,10.483483787306882,1.187692245327592,0.113291752,0,0,8,0.0,0.0,1.13291752,8,typeb,renault,mail
2026-01-01 08:00:00,10.483483787306882,1.187692245327592,0.113291752,0,0,8,0.0,0.0,1.13291752,8,typeb,renault,mail
2026-01-01 09:00:00,10.483483787306882,1.187692245327592,0.113291752,0,0,8,0.0,0.0,1.13291752,8,typeb,renault,mail
2026-01-01 10:00:00,10.483483787306882,1.4893579144567592,0.14206707852784906,0,0,8,0.0,0.0,1.13291752,8,typeb,renault,mail
2026-01-01 11:00:00,10.483483787306882,2.761397731933024,0.2634045883942177,0,0,8,0.0,0.0,1.13291752,8,typeb,renault,mail
2026-01-01 12:00:00,10.483483787306882,2.033014697119175,0.1939254868291678,0,0,8,0.0,0.0,1.13291752,8,typeb,renault,mail
2026-01-01 13:00:00,10.483483787306882,1.3035638160458387,0.12434452539757426,0,0,8,0.0,0.0,1.13291752,8,typeb,renault,mail
2026-01-01 14:00:00,10.483483787306882,2.257629705336849,0.2153510942679499,0,0,8,0.0,0.0,1.13291752,8,typeb,renault,mail
2026-01-01 15:00:00,10.483483787306882,1.4123369914228785,0.13472019607956068,0,0,8,0.0,0.0,1.13291752,8,typeb,renault,mail
2026-01-01 16:00:00,10.483483787306882,1.71094000963328,0.16320338203840595,0,0,8,0.0,0.0,1.13291752,8,typeb,renault,mail
2026-01-01 17:00:00,10.483483787306882,2.4157492467960586,0.23043382293593875,0,0,8,0.0,0.0,1.13291752,8,typeb,renault,mail
2026-01-01 18:00:00,10.483483787306882,1.187692245327592,0.113291752,0,0,8,0.0,0.0,1.13291752,8,typeb,renault,mail
2026-01-01 19:00:00,10.483483787306882,1.7976918783069318,0.17147848127389945,0,0,8,0.0,0.0,1.13291752,8,typeb,renault,mail
2026-01-01 20:00:00,10.483483787306882,3.6335676034060067,0.346599248601446,0,0,8,0.0,0.0,1.13291752,8,typeb,renault,mail
2026-01-01 21:00:00,0.0,0.0,0.0,1,1,8,45.0,80.0,1.13291752,8,typeb,renault,mail
2026-01-01 22:00:00,0.0,0.0,0.0,1,1,8,45.0,80.0,1.13291752,8,typeb,renault,mail
2026-01-01 23:00:00,0.0,0.0,0.0,1,1,8,45.0,80.0,1.13291752,8,typeb,renault,mail
2026-01-02 00:00:00,0.0,0.0,0.0,1,1,8,45.0,80.0,1.13291752,8,typeb,renault,mail
2026-01-02 01:00:00,0.0,0.0,0.0,1,1,8,45.0,80.0,1.13291752,8,typeb,renault,mail
2026-01-02 02:00:00,0.0,0.0,0.0,1,1,8,45.0,80.0,1.13291752,8,typeb,renault,mail
2026-01-02 03:00:00,0.0,0.0,0.0,1,1,8,45.0,80.0,1.13291752,8,typeb,renault,mail
2026-01-02 04:00:00,0.0,0.0,0.0,1,1,8,45.0,80.0,1.13291752,8,typeb,renault,mail
2026-01-02 05:00:00,0.0,0.0,0.0,1,1,8,45.0,80.0,1.13291752,8,typeb,renault,mail
2026-01-02 06:00:00,0.0,0.0,0.0,1,1,8,45.0,80.0,1.13291752,8,typeb,renault,mail
2026-01-02 07:00:00,0.0,0.0,0.0,1,1,8,45.0,80.0,1.13291752,8,typeb,renault,mail
2026-01-02 08:00:00,10.785886124938585,2.2356309524186475,0.20727373963735196,0,0,8,0.0,0.0,1.23134816,8,typeb,renault,mail
2026-01-02 09:00:00,10.785886124938585,2.23341724348251,0.2070684983701538,0,0,8,0.0,0.0,1.23134816,8,typeb,renault,mail
2026-01-02 10:00:00,10.785886124938585,1.328118103391266,0.12313481600000001,0,0,8,0.0,0.0,1.23134816,8,typeb,renault,mail
2026-01-02 11:00:00,10.785886124938585,2.9521539520848323,0.2737052772380945,0,0,8,0.0,0.0,1.23134816,8,typeb,renault,mail
2026-01-02 12:00:00,0.0,0.0,0.0,1,1,8,45.0,80.0,1.23134816,8,typeb,renault,mail
2026-01-02 13:00:00,0.0,0.0,0.0,1,1,8,45.0,80.0,1.23134816,8,typeb,renault,mail
2026-01-02 14:00:00,10.785886124938585,5.348632141254729,0.495891768121665,0,0,8,0.0,0.0,1.23134816,8,typeb,renault,mail
2026-01-02 15:00:00,10.785886124938585,1.4038530994299883,0.13015649184206288,0,0,8,0.0,0.0,1.23134816,8,typeb,renault,mail
2026-01-02 16:00:00,10.785886124938585,2.0700458234311743,0.19192172061272905,0,0,8,0.0,0.0,1.23134816,8,typeb,renault,mail
2026-01-02 17:00:00,10.785886124938585,1.9045051439477874,0.1765738226685229,0,0,8,0.0,0.0,1.23134816,8,typeb,renault,mail
2026-01-02 18:00:00,10.785886124938585,1.9500313051404694,0.1807947240080446,0,0,8,0.0,0.0,1.23134816,8,typeb,renault,mail
2026-01-02 19:00:00,10.785886124938585,3.3168818384818732,0.30752056901590547,0,0,8,0.0,0.0,1.23134816,8,typeb,renault,mail
2026-01-02 20:00:00,10.785886124938585,2.464462317165685,0.22848955464748313,0,0,8,0.0,0.0,1.23134816,8,typeb,renault,mail
2026-01-02 21:00:00,0.0,0.0,0.0,1,1,8,45.0,80.0,1.23134816,8,typeb,renault,mail
2026-01-02 22:00:00,0.0,0.0,0.0,1,1,8,45.0,80.0,1.23134816,8,typeb,renault,mail
2026-01-02 23:00:00,0.0,0.0,0.0,1,1,8,45.0,80.0,1.23134816,8,typeb,renault,mail
2026-01-03 00:00:00,0.0,0.0,0.0,1,1,8,45.0,80.0,1.23134816,8,typeb,renault,mail
2026-01-03 01:00:00,0.0,0.0,0.0,1,1,8,45.0,80.0,1.23134816,8,typeb,renault,mail
2026-01-03 02:00:00,0.0,0.0,0.0,1,1,8,45.0,80.0,1.23134816,8,typeb,renault,mail
2026-01-03 03:00:00,0.0,0.0,0.0,1,1,8,45.0,80.0,1.23134816,8,typeb,renault,mail
2026-01-03 04:00:00,0.0,0.0,0.0,1,1,8,45.0,80.0,1.23134816,8,typeb,renault,mail
2026-01-03 05:00:00,0.0,0.0,0.0,1,1,8,45.0,80.0,1.23134816,8,typeb,renault,mail
2026-01-03 06:00:00,0.0,0.0,0.0,1,1,8,45.0,80.0,1.23134816,8,typeb,renault,mail
2026-01-03 07:00:00,0.0,0.0,0.0,1,1,8,45.0,80.0,1.23134816,8,typeb,renault,mail
2026-01-03 08:00:00,0.0,0.0,0.0,1,1,8,45.0,80.0,1.23134816,8,typeb,renault,mail
2026-01-03 09:00:00,0.0,0.0,0.0,1,1,8,45.0,80.0,1.23134816,8,typeb,renault,mail
2026-01-03 10:00:00,0.0,0.0,0.0,1,1,8,45.0,80.0,1.23134816,8,typeb,renault,mail
2026-01-03 11:00:00,7.148840163189778,0.8926608482277464,0.12486792652382445,0,0,8,0.0,0.0,1.20636853,8,typeb,renault,mail
2026-01-03 12:00:00,7.148840163189778,0.8624135798872212,0.120636853,0,0,8,0.0,0.0,1.20636853,8,typeb,renault,mail
2026-01-03 13:00:00,7.148840163189778,0.9330778361702398,0.13052156921548866,0,0,8,0.0,0.0,1.20636853,8,typeb,renault,mail
2026-01-03 14:00:00,7.148840163189778,1.860523956303937,0.26025535804870764,0,0,8,0.0,0.0,1.20636853,8,typeb,renault,mail
2026-01-03 15:00:00,7.148840163189778,2.9015469803484777,0.4058766057309388,0,0,8,0.0,0.0,1.20636853,8,typeb,renault,mail
2026-01-03 16:00:00,7.148840163189779,1.2241254713590322,0.17123413636553222,0,0,8,0.0,0.0,1.20636853,8,typeb,renault,mail
2026-01-03 17:00:00,7.148840163189779,0.8624135798872213,0.120636853,0,0,8,0.0,0.0,1.20636853,8,typeb,renault,mail
2026-01-03 18:00:00,7.148840163189779,0.8624135798872213,0.120636853,0,0,8,0.0,0.0,1.20636853,8,typeb,renault,mail
2026-01-03 19:00:00,0.0,0.0,0.0,1,1,8,45.0,80.0,1.20636853,8,typeb,renault,mail
2026-01-03 20:00:00,0.0,0.0,0.0,1,1,8,45.0,80.0,1.20636853,8,typeb,renault,mail
2026-01-03 21:00:00,0.0,0.0,0.0,1,1,8,45.0,80.0,1.20636853,8,typeb,renault,mail
2026-01-03 22:00:00,0.0,0.0,0.0,1,1,8,45.0,80.0,1.20636853,8,typeb,renault,mail
2026-01-03 23:00:00,0.0,0.0,0.0,1,1,8,45.0,80.0,1.20636853,8,typeb,renault,mail
2026-01-04 00:00:00,0.0,0.0,0.0,1,1,8,45.0,80.0,1.20636853,8,typeb,renault,mail
2026-01-04 01:00:00,0.0,0.0,0.0,1,1,8,45.0,80.0,1.20636853,8,typeb,renault,mail
2026-01-04 02:00:00,0.0,0.0,0.0,1,1,8,45.0,80.0,1.20636853,8,typeb,renault,mail
2026-01-04 03:00:00,0.0,0.0,0.0,1,1,8,45.0,80.0,1.20636853,8,typeb,renault,mail
2026-01-04 04:00:00,0.0,0.0,0.0,1,1,8,45.0,80.0,1.20636853,8,typeb,renault,mail
2026-01-04 05:00:00,0.0,0.0,0.0,1,1,8,45.0,80.0,1.20636853,8,typeb,renault,mail
2026-01-04 06:00:00,0.0,0.0,0.0,1,1,8,45.0,80.0,1.20636853,8,typeb,renault,mail
2026-01-04 07:00:00,0.0,0.0,0.0,1,1,8,45.0,80.0,1.20636853,8,typeb,renault,mail
2026-01-04 08:00:00,0.0,0.0,0.0,1,1,8,45.0,80.0,1.20636853,8,typeb,renault,mail
2026-01-04 09:00:00,0.0,0.0,0.0,1,1,8,45.0,80.0,1.20636853,8,typeb,renault,mail
2026-01-04 10:00:00,9.729075930697904,1.2676723933684557,0.13029730700000003,0,0,8,0.0,0.0,1.3029730700000002,8,typeb,renault,mail
2026-01-04 11:00:00,9.729075930697904,1.4703659727909633,0.15113110261084048,0,0,8,0.0,0.0,1.3029730700000002,8,typeb,renault,mail
2026-01-04 12:00:00,9.729075930697904,3.807551786814166,0.39135800911988927,0,0,8,0.0,0.0,1.3029730700000002,8,typeb,renault,mail
2026-01-04 13:00:00,9.729075930697904,1.2676723933684557,0.13029730700000003,0,0,8,0.0,0.0,1.3029730700000002,8,typeb,renault,mail
2026-01-04 14:00:00,9.729075930697904,1.2676723933684557,0.13029730700000003,0,0,8,0.0,0.0,1.3029730700000002,8,typeb,renault,mail
2026-01-04 15:00:00,9.729075930697904,1.2676723933684557,0.13029730700000003,0,0,8,0.0,0.0,1.3029730700000002,8,typeb,renault,mail
2026-01-04 16:00:00,9.729075930697908,2.323687421315303,0.23883947847332868,0,0,8,0.0,0.0,1.3029730700000002,8,typeb,renault,mail
2026-01-04 17:00:00,9.729075930697908,4.994046366729542,0.5133114801758256,0,0,8,0.0,0.0,1.3029730700000002,8,typeb,renault,mail
2026-01-04 18:00:00,9.729075930697908,1.8832173131019418,0.19356589736954088,0,0,8,0.0,0.0,1.3029730700000002,8,typeb,renault,mail
2026-01-04 19:00:00,0.0,0.0,0.0,1,1,8,45.0,80.0,1.3029730700000002,8,typeb,renault,mail
2026-01-04 20:00:00,0.0,0.0,0.0,1,1,8,45.0,80.0,1.3029730700000002,8,typeb,renault,mail
2026-01-04 21:00:00,0.0,0.0,0.0,1,1,8,45.0,80.0,1.3029730700000002,8,typeb,renault,mail
2026-01-04 22:00:00,0.0,0.0,0.0,1,1,8,45.0,80.0,1.3029730700000002,8,typeb,renault,mail
2026-01-04 23:00:00,0.0,0.0,0.0,1,1,8,45.0,80.0,1.3029730700000002,8,typeb,renault,mail
2026-01-05 00:00:00,0.0,0.0,0.0,1,1,8,45.0,80.0,1.3029730700000002,8,typeb,renault,mail
2026-01-05 01:00:00,0.0,0.0,0.0,1,1,8,45.0,80.0,1.3029730700000002,8,typeb,renault,mail
2026-01-05 02:00:00,0.0,0.0,0.0,1,1,8,45.0,80.0,1.3029730700000002,8,typeb,renault,mail
2026-01-05 03:00:00,0.0,0.0,0.0,1,1,8,45.0,80.0,1.3029730700000002,8,typeb,renault,mail
2026-01-05 04:00:00,0.0,0.0,0.0,1,1,8,45.0,80.0,1.3029730700000002,8,typeb,renault,mail
2026-01-05 05:00:00,0.0,0.0,0.0,1,1,8,45.0,80.0,1.3029730700000002,8,typeb,renault,mail
2026-01-05 06:00:00,10.512281547660777,1.8875669339695416,0.17955825530467914,0,0,8,0.0,0.0,1.21493373,8,typeb,renault,mail
2026-01-05 07:00:00,10.512281547660777,4.800611924829433,0.45666698547449763,0,0,8,0.0,0.0,1.21493373,8,typeb,renault,mail
2026-01-05 08:00:00,10.512281547660777,4.58436446924532,0.4360960509343898,0,0,8,0.0,0.0,1.21493373,8,typeb,renault,mail
2026-01-05 09:00:00,10.512281547660777,1.7838326680666774,0.16969034362132557,0,0,8,0.0,0.0,1.21493373,8,typeb,renault,mail
2026-01-05 10:00:00,10.512281547660777,2.4932220393044395,0.23717230441371107,0,0,8,0.0,0.0,1.21493373,8,typeb,renault,mail
2026-01-05 11:00:00,10.512281547660777,2.9901615892988627,0.28444458757521024,0,0,8,0.0,0.0,1.21493373,8,typeb,renault,mail
2026-01-05 12:00:00,0.0,0.0,0.0,1,1,8,45.0,80.0,1.21493373,8,typeb,renault,mail
2026-01-05 13:00:00,0.0,0.0,0.0,1,1,8,45.0,80.0,1.21493373,8,typeb,renault,mail
2026-01-05 14:00:00,10.512281547660779,2.0926085286383973,0.19906321183949363,0,0,8,0.0,0.0,1.21493373,8,typeb,renault,mail
2026-01-05 15:00:00,10.512281547660779,2.5609867668525093,0.24361854800420435,0,0,8,0.0,0.0,1.21493373,8,typeb,renault,mail
2026-01-05 16:00:00,10.512281547660779,2.7669316190268276,0.26320942856049484,0,0,8,0.0,0.0,1.21493373,8,typeb,renault,mail
2026-01-05 17:00:00,10.512281547660779,1.2771725431509684,0.12149337300000002,0,0,8,0.0,0.0,1.21493373,8,typeb,renault,mail
2026-01-05 18:00:00,10.512281547660779,4.162128128683715,0.395930047137092,0,0,8,0.0,0.0,1.21493373,8,typeb,renault,mail
2026-01-05 19:00:00,0.0,0.0,0.0,1,1,8,45.0,80.0,1.21493373,8,typeb,renault,mail
2026-01-05 20:00:00,0.0,0.0,0.0,1,1,8,45.0,80.0,1.21493373,8,typeb,renault,mail
2026-01-05 21:00:00,0.0,0.0,0.0,1,1,8,45.0,80.0,1.21493373,8,typeb,renault,mail
2026-01-05 22:00:00,0.0,0.0,0.0,1,1,8,45.0,80.0,1.21493373,8,typeb,renault,mail
2026-01-05 23:00:00,0.0,0.0,0.0,1,1,8,45.0,80.0,1.21493373,8,typeb,renault,mail
2026-01-06 00:00:00,0.0,0.0,0.0,1,1,8,45.0,80.0,1.21493373,8,typeb,renault,mail
2026-01-06 01:00:00,0.0,0.0,0.0,1,1,8,45.0,80.0,1.21493373,8,typeb,renault,mail
2026-01-06 02:00:00,0.0,0.0,0.0,1,1,8,45.0,80.0,1.21493373,8,typeb,renault,mail
2026-01-06 03:00:00,0.0,0.0,0.0,1,1,8,45.0,80.0,1.21493373,8,typeb,renault,mail
2026-01-06 04:00:00,0.0,0.0,0.0,1,1,8,45.0,80.0,1.21493373,8,typeb,renault,mail
2026-01-06 05:00:00,0.0,0.0,0.0,1,1,8,45.0,80.0,1.21493373,8,typeb,renault,mail
2026-01-06 06:00:00,7.8886885377721985,2.752553280289043,0.34892406603574394,0,0,8,0.0,0.0,1.31556704,8,typeb,renault,mail
2026-01-06 07:00:00,7.8886885377721985,3.81976684003472,0.4842080938732865,0,0,8,0.0,0.0,1.31556704,8,typeb,renault,mail
2026-01-06 08:00:00,7.8886885377721985,1.993990803328844,0.2527658170025757,0,0,8,0.0,0.0,1.31556704,8,typeb,renault,mail
2026-01-06 09:00:00,7.8886885377721985,2.3507171492194505,0.2979857980149517,0,0,8,0.0,0.0,1.31556704,8,typeb,renault,mail
2026-01-06 10:00:00,7.8886885377721985,2.9814113857683973,0.37793498519975305,0,0,8,0.0,0.0,1.31556704,8,typeb,renault,mail
2026-01-06 11:00:00,7.8886885377721985,1.7667389154110535,0.22395850805259307,0,0,8,0.0,0.0,1.31556704,8,typeb,renault,mail
2026-01-06 12:00:00,0.0,0.0,0.0,1,1,8,45.0,80.0,1.31556704,8,typeb,renault,mail
2026-01-06 13:00:00,7.888688537772198,2.4715597717722426,0.31330426596741046,0,0,8,0.0,0.0,1.31556704,8,typeb,renault,mail
2026-01-06 14:00:00,7.888688537772198,2.3700416219069886,0.3004354412725109,0,0,8,0.0,0.0,1.31556704,8,typeb,renault,mail
2026-01-06 15:00:00,7.888688537772198,1.049705005707407,0.13306457729713445,0,0,8,0.0,0.0,1.31556704,8,typeb,renault,mail
2026-01-06 16:00:00,7.888688537772198,1.4965777888611462,0.18971186169859697,0,0,8,0.0,0.0,1.31556704,8,typeb,renault,mail
2026-01-06 17:00:00,7.888688537772198,1.03780986291189,0.131556704,0,0,8,0.0,0.0,1.31556704,8,typeb,renault,mail
2026-01-06 18:00:00,7.888688537772198,1.3400268184130677,0.16986686849110885,0,0,8,0.0,0.0,1.31556704,8,typeb,renault,mail
2026-01-06 19:00:00,0.0,0.0,0.0,1,1,8,45.0,80.0,1.31556704,8,typeb,renault,mail
2026-01-06 20:00:00,0.0,0.0,0.0,1,1,8,45.0,80.0,1.31556704,8,typeb,renault,mail
2026-01-06 21:00:00,0.0,0.0,0.0,1,1,8,45.0,80.0,1.31556704,8,typeb,renault,mail
2026-01-06 22:00:00,0.0,0.0,0.0,1,1,8,45.0,80.0,1.31556704,8,typeb,renault,mail
2026-01-06 23:00:00,0.0,0.0,0.0,1,1,8,45.0,80.0,1.31556704,8,typeb,renault,mail
2026-01-07 00:00:00,0.0,0.0,0.0,1,1,8,45.0,80.0,1.31556704,8,typeb,renault,mail
2026-01-07 01:00:00,0.0,0.0,0.0,1,1,8,45.0,80.0,1.31556704,8,typeb,renault,mail
2026-01-07 02:00:00,0.0,0.0,0.0,1,1,8,45.0,80.0,1.31556704,8,typeb,renault,mail
2026-01-07 03:00:00,0.0,0.0,0.0,1,1,8,45.0,80.0,1.31556704,8,typeb,renault,mail
2026-01-07 04:00:00,0.0,0.0,0.0,1,1,8,45.0,80.0,1.31556704,8,typeb,renault,mail
2026-01-07 05:00:00,0.0,0.0,0.0,1,1,8,45.0,80.0,1.31556704,8,typeb,renault,mail
2026-01-07 06:00:00,0.0,0.0,0.0,1,1,8,45.0,80.0,1.31556704,8,typeb,renault,mail
2026-01-07 07:00:00,0.0,0.0,0.0,1,1,8,45.0,80.0,1.31556704,8,typeb,renault,mail
2026-01-07 08:00:00,0.0,0.0,0.0,1,1,8,45.0,80.0,1.31556704,8,typeb,renault,mail
2026-01-07 09:00:00,10.417286973323721,2.988414640402025,0.2868707224879825,0,0,8,0.0,0.0,1.25926432,8,typeb,renault,mail
2026-01-07 10:00:00,10.417286973323721,3.369615977164969,0.3234638717157146,0,0,8,0.0,0.0,1.25926432,8,typeb,renault,mail
2026-01-07 11:00:00,10.417286973323721,3.7400055532623844,0.35901915372396664,0,0,8,0.0,0.0,1.25926432,8,typeb,renault,mail
2026-01-07 12:00:00,10.417286973323721,1.3118117796707354,0.125926432,0,0,8,0.0,0.0,1.25926432,8,typeb,renault,mail
2026-01-07 13:00:00,0.0,0.0,0.0,1,1,8,45.0,80.0,1.25926432,8,typeb,renault,mail
2026-01-07 14:00:00,10.417286973323721,1.5867013792583353,0.15231426217992391,0,0,8,0.0,0.0,1.25926432,8,typeb,renault,mail
2026-01-07 15:00:00,10.417286973323721,1.3492396765305505,0.12951929614549773,0,0,8,0.0,0.0,1.25926432,8,typeb,renault,mail
2026-01-07 16:00:00,10.417286973323721,2.331174309387753,0.223779407763015,0,0,8,0.0,0.0,1.25926432,8,typeb,renault,mail
2026-01-07 17:00:00,10.417286973323721,3.731049587211248,0.3581594321789933,0,0,8,0.0,0.0,1.25926432,8,typeb,renault,mail
2026-01-07 18:00:00,10.417286973323721,3.0073391220368917,0.2886873645449143,0,0,8,0.0,0.0,1.25926432,8,typeb,renault,mail
2026-01-07 19:00:00,10.417286973323721,5.903153008518309,0.566668944,0,0,8,0.0,0.0,1.25926432,8,typeb,renault,mail
2026-01-07 20:00:00,0.0,0.0,0.0,1,1,8,45.0,80.0,1.25926432,8,typeb,renault,mail
2026-01-07 21:00:00,0.0,0.0,0.0,1,1,8,45.0,80.0,1.25926432,8,typeb,renault,mail
2026-01-07 22:00:00,0.0,0.0,0.0,1,1,8,45.0,80.0,1.25926432,8,typeb,renault,mail
2026-01-07 23:00:00,0.0,0.0,0.0,1,1,8,45.0,80.0,1.25926432,8,typeb,renault,mail
2026-01-08 00:00:00,0.0,0.0,0.0,1,1,8,45.0,80.0,1.25926432,8,typeb,renault,mail
2026-01-08 01:00:00,0.0,0.0,0.0,1,1,8,45.0,80.0,1.25926432,8,typeb,renault,mail
2026-01-08 02:00:00,0.0,0.0,0.0,1,1,8,45.0,80.0,1.25926432,8,typeb,renault,mail
2026-01-08 03:00:00,0.0,0.0,0.0,1,1,8,45.0,80.0,1.25926432,8,typeb,renault,mail
2026-01-08 04:00:00,0.0,0.0,0.0,1,1,8,45.0,80.0,1.25926432,8,typeb,renault,mail
2026-01-08 05:00:00,0.0,0.0,0.0,1,1,8,45.0,80.0,1.25926432,8,typeb,renault,mail
2026-01-08 06:00:00,0.0,0.0,0.0,1,1,8,45.0,80.0,1.25926432,8,typeb,renault,mail
2026-01-08 07:00:00,10.00730913023856,1.8687023193927637,0.1867337458124686,0,0,8,0.0,0.0,1.16541536,8,typeb,renault,mail
2026-01-08 08:00:00,10.00730913023856,1.6789058503897836,0.16776796125111415,0,0,8,0.0,0.0,1.16541536,8,typeb,renault,mail
2026-01-08 09:00:00,10.00730913023856,3.216971854160325,0.3214622244894754,0,0,8,0.0,0.0,1.16541536,8,typeb,renault,mail
2026-01-08 10:00:00,10.00730913023856,1.243005341080776,0.12420974758587719,0,0,8,0.0,0.0,1.16541536,8,typeb,renault,mail
2026-01-08 11:00:00,10.00730913023856,1.2375657138641876,0.12366618216326505,0,0,8,0.0,0.0,1.16541536,8,typeb,renault,mail
2026-01-08 12:00:00,0.0,0.0,0.0,1,1,8,45.0,80.0,1.16541536,8,typeb,renault,mail
2026-01-08 13:00:00,10.007309130238562,1.1662671772648259,0.116541536,0,0,8,0.0,0.0,1.16541536,8,typeb,renault,mail
2026-01-08 14:00:00,10.007309130238562,1.1662671772648259,0.116541536,0,0,8,0.0,0.0,1.16541536,8,typeb,renault,mail
2026-01-08 15:00:00,10.007309130238562,4.553755446006596,0.45504294778371046,0,0,8,0.0,0.0,1.16541536,8,typeb,renault,mail
2026-01-08 16:00:00,10.007309130238562,1.1662671772648259,0.116541536,0,0,8,0.0,0.0,1.16541536,8,typeb,renault,mail
2026-01-08 17:00:00,10.007309130238562,1.2157186517722725,0.12148307161800356,0,0,8,0.0,0.0,1.16541536,8,typeb,renault,mail
2026-01-08 18:00:00,10.007309130238562,4.669054918852651,0.46656447383487054,0,0,8,0.0,0.0,1.16541536,8,typeb,renault,mail
2026-01-08 19:00:00,0.0,0.0,0.0,1,1,8,45.0,80.0,1.16541536,8,typeb,renault,mail
2026-01-08 20:00:00,0.0,0.0,0.0,1,1,8,45.0,80.0,1.16541536,8,typeb,renault,mail
2026-01-08 21:00:00,0.0,0.0,0.0,1,1,8,45.0,80.0,1.16541536,8,typeb,renault,mail
2026-01-08 22:00:00,0.0,0.0,0.0,1,1,8,45.0,80.0,1.16541536,8,typeb,renault,mail
2026-01-08 23:00:00,0.0,0.0,0.0,1,1,8,45.0,80.0,1.16541536,8,typeb,renault,mail
2026-01-09 00:00:00,0.0,0.0,0.0,1,1,8,45.0,80.0,1.16541536,8,typeb,renault,mail
2026-01-09 01:00:00,0.0,0.0,0.0,1,1,8,45.0,80.0,1.16541536,8,typeb,renault,mail
2026-01-09 02:00:00,0.0,0.0,0.0,1,1,8,45.0,80.0,1.16541536,8,typeb,renault,mail
2026-01-09 03:00:00,0.0,0.0,0.0,1,1,8,45.0,80.0,1.16541536,8,typeb,renault,mail
2026-01-09 04:00:00,0.0,0.0,0.0,1,1,8,45.0,80.0,1.16541536,8,typeb,renault,mail
2026-01-09 05:00:00,0.0,0.0,0.0,1,1,8,45.0,80.0,1.16541536,8,typeb,renault,mail
2026-01-09 06:00:00,0.0,0.0,0.0,1,1,8,45.0,80.0,1.16541536,8,typeb,renault,mail
2026-01-09 07:00:00,12.469590726143183,5.3643089809421545,0.4301912627890493,0,0,8,0.0,0.0,1.13480256,8,typeb,renault,mail
2026-01-09 08:00:00,12.469590726143183,5.414440420736736,0.43421155831402414,0,0,8,0.0,0.0,1.13480256,8,typeb,renault,mail
2026-01-09 09:00:00,12.469590726143183,4.6287236976520925,0.37120093187563236,0,0,8,0.0,0.0,1.13480256,8,typeb,renault,mail
2026-01-09 10:00:00,12.469590726143183,2.219426323858945,0.1779871025923726,0,0,8,0.0,0.0,1.13480256,8,typeb,renault,mail
2026-01-09 11:00:00,12.469590726143183,1.4150523478179546,0.113480256,0,0,8,0.0,0.0,1.13480256,8,typeb,renault,mail
2026-01-09 12:00:00,0.0,0.0,0.0,1,1,8,45.0,80.0,1.13480256,8,typeb,renault,mail
2026-01-09 13:00:00,12.46959072614318,2.329782565039126,0.18683713172354643,0,0,8,0.0,0.0,1.13480256,8,typeb,renault,mail
2026-01-09 14:00:00,12.46959072614318,1.4248863906992077,0.11426889799292733,0,0,8,0.0,0.0,1.13480256,8,typeb,renault,mail
2026-01-09 15:00:00,12.46959072614318,1.415052347817954,0.113480256,0,0,8,0.0,0.0,1.13480256,8,typeb,renault,mail
2026-01-09 16:00:00,12.46959072614318,5.322146341809039,0.4268100259819168,0,0,8,0.0,0.0,1.13480256,8,typeb,renault,mail
2026-01-09 17:00:00,12.46959072614318,1.415052347817954,0.113480256,0,0,8,0.0,0.0,1.13480256,8,typeb,renault,mail
2026-01-09 18:00:00,0.0,0.0,0.0,1,1,8,45.0,80.0,1.13480256,8,typeb,renault,mail
2026-01-09 19:00:00,0.0,0.0,0.0,1,1,8,45.0,80.0,1.13480256,8,typeb,renault,mail
2026-01-09 20:00:00,0.0,0.0,0.0,1,1,8,45.0,80.0,1.13480256,8,typeb,renault,mail
2026-01-09 21:00:00,0.0,0.0,0.0,1,1,8,45.0,80.0,1.13480256,8,typeb,renault,mail
2026-01-09 22:00:00,0.0,0.0,0.0,1,1,8,45.0,80.0,1.13480256,8,typeb,renault,mail
2026-01-09 23:00:00,0.0,0.0,0.0,1,1,8,45.0,80.0,1.13480256,8,typeb,renault,mail
2026-01-10 00:00:00,0.0,0.0,0.0,1,1,8,45.0,80.0,1.13480256,8,typeb,renault,mail
2026-01-10 01:00:00,0.0,0.0,0.0,1,1,8,45.0,80.0,1.13480256,8,typeb,renault,mail
2026-01-10 02:00:00,0.0,0.0,0.0,1,1,8,45.0,80.0,1.13480256,8,typeb,renault,mail
2026-01-10 03:00:00,0.0,0.0,0.0,1,1,8,45.0,80.0,1.13480256,8,typeb,renault,mail
2026-01-10 04:00:00,0.0,0.0,0.0,1,1,8,45.0,80.0,1.13480256,8,typeb,renault,mail
2026-01-10 05:00:00,0.0,0.0,0.0,1,1,8,45.0,80.0,1.13480256,8,typeb,renault,mail
2026-01-10 06:00:00,0.0,0.0,0.0,1,1,8,45.0,80.0,1.13480256,8,typeb,renault,mail
2026-01-10 07:00:00,0.0,0.0,0.0,1,1,8,45.0,80.0,1.13480256,8,typeb,renault,mail
2026-01-10 08:00:00,0.0,0.0,0.0,1,1,8,45.0,80.0,1.13480256,8,typeb,renault,mail
2026-01-10 09:00:00,5.593459704606531,1.3310609915819474,0.23796738724795732,0,0,8,0.0,0.0,1.18959,8,typeb,renault,mail
2026-01-10 10:00:00,5.593459704606531,0.6908993464016464,0.12351914251436398,0,0,8,0.0,0.0,1.18959,8,typeb,renault,mail
2026-01-10 11:00:00,5.593459704606531,1.1720394784932004,0.20953748491795868,0,0,8,0.0,0.0,1.18959,8,typeb,renault,mail
2026-01-10 12:00:00,5.593459704606531,0.6653923730002882,0.118959,0,0,8,0.0,0.0,1.18959,8,typeb,renault,mail
2026-01-10 13:00:00,5.593459704606531,0.6653923730002882,0.118959,0,0,8,0.0,0.0,1.18959,8,typeb,renault,mail
2026-01-10 14:00:00,5.593459704606531,1.9996517807251395,0.35749820081448214,0,0,8,0.0,0.0,1.18959,8,typeb,renault,mail
2026-01-10 15:00:00,5.593459704606531,1.4523948937681834,0.25965948991677795,0,0,8,0.0,0.0,1.18959,8,typeb,renault,mail
2026-01-10 16:00:00,5.593459704606531,1.6616624045355037,0.2970723831561763,0,0,8,0.0,0.0,1.18959,8,typeb,renault,mail
2026-01-10 17:00:00,5.593459704606531,1.0642869745256633,0.19027346771608328,0,0,8,0.0,0.0,1.18959,8,typeb,renault,mail
2026-01-10 18:00:00,5.593459704606531,2.9942656785012973,0.5353154999999999,0,0,8,0.0,0.0,1.18959,8,typeb,renault,mail
2026-01-10 19:00:00,0.0,0.0,0.0,1,1,8,45.0,80.0,1.18959,8,typeb,renault,mail
2026-01-10 20:00:00,0.0,0.0,0.0,1,1,8,45.0,80.0,1.18959,8,typeb,renault,mail
2026-01-10 21:00:00,0.0,0.0,0.0,1,1,8,45.0,80.0,1.18959,8,typeb,renault,mail
2026-01-10 22:00:00,0.0,0.0,0.0,1,1,8,45.0,80.0,1.18959,8,typeb,renault,mail
2026-01-10 23:00:00,0.0,0.0,0.0,1,1,8,45.0,80.0,1.18959,8,typeb,renault,mail
2026-01-11 00:00:00,0.0,0.0,0.0,1,1,8,45.0,80.0,1.18959,8,typeb,renault,mail
2026-01-11 01:00:00,0.0,0.0,0.0,1,1,8,45.0,80.0,1.18959,8,typeb,renault,mail
2026-01-11 02:00:00,0.0,0.0,0.0,1,1,8,45.0,80.0,1.18959,8,typeb,renault,mail
2026-01-11 03:00:00,0.0,0.0,0.0,1,1,8,45.0,80.0,1.18959,8,typeb,renault,mail
2026-01-11 04:00:00,0.0,0.0,0.0,1,1,8,45.0,80.0,1.18959,8,typeb,renault,mail
2026-01-11 05:00:00,0.0,0.0,0.0,1,1,8,45.0,80.0,1.18959,8,typeb,renault,mail
2026-01-11 06:00:00,0.0,0.0,0.0,1,1,8,45.0,80.0,1.18959,8,typeb,renault,mail
2026-01-11 07:00:00,0.0,0.0,0.0,1,1,8,45.0,80.0,1.18959,8,typeb,renault,mail
2026-01-11 08:00:00,0.0,0.0,0.0,1,1,8,45.0,80.0,1.18959,8,typeb,renault,mail
2026-01-11 09:00:00,6.896461883784767,1.1566452748508549,0.16771574966149017,0,0,8,0.0,0.0,1.12204732,8,typeb,renault,mail
2026-01-11 10:00:00,6.896461883784767,3.3891991549527747,0.49144027938754997,0,0,8,0.0,0.0,1.12204732,8,typeb,renault,mail
2026-01-11 11:00:00,6.896461883784767,1.7955709628587424,0.26036118130088703,0,0,8,0.0,0.0,1.12204732,8,typeb,renault,mail
2026-01-11 12:00:00,6.896461883784767,2.5248838583042215,0.3661129287527606,0,0,8,0.0,0.0,1.12204732,8,typeb,renault,mail
2026-01-11 13:00:00,6.896461883784767,3.172845220800963,0.46006855026068977,0,0,8,0.0,0.0,1.12204732,8,typeb,renault,mail
2026-01-11 14:00:00,6.896461883784767,0.9579731749181417,0.13890791989593476,0,0,8,0.0,0.0,1.12204732,8,typeb,renault,mail
2026-01-11 15:00:00,6.896461883784767,2.3044279995840293,0.33414641281528595,0,0,8,0.0,0.0,1.12204732,8,typeb,renault,mail
2026-01-11 16:00:00,6.896461883784767,0.773815657418285,0.11220473200000002,0,0,8,0.0,0.0,1.12204732,8,typeb,renault,mail
2026-01-11 17:00:00,6.896461883784767,1.3959247775897328,0.20241172953799488,0,0,8,0.0,0.0,1.12204732,8,typeb,renault,mail
2026-01-11 18:00:00,6.896461883784767,1.4312018396027713,0.20752697016536398,0,0,8,0.0,0.0,1.12204732,8,typeb,renault,mail
2026-01-11 19:00:00,0.0,0.0,0.0,1,1,8,45.0,80.0,1.12204732,8,typeb,renault,mail
2026-01-11 20:00:00,0.0,0.0,0.0,1,1,8,45.0,80.0,1.12204732,8,typeb,renault,mail
2026-01-11 21:00:00,0.0,0.0,0.0,1,1,8,45.0,80.0,1.12204732,8,typeb,renault,mail
2026-01-11 22:00:00,0.0,0.0,0.0,1,1,8,45.0,80.0,1.12204732,8,typeb,renault,mail
2026-01-11 23:00:00,0.0,0.0,0.0,1,1,8,45.0,80.0,1.12204732,8,typeb,renault,mail
2026-01-12 00:00:00,0.0,0.0,0.0,1,1,8,45.0,80.0,1.12204732,8,typeb,renault,mail
2026-01-12 01:00:00,0.0,0.0,0.0,1,1,8,45.0,80.0,1.12204732,8,typeb,renault,mail
2026-01-12 02:00:00,0.0,0.0,0.0,1,1,8,45.0,80.0,1.12204732,8,typeb,renault,mail
2026-01-12 03:00:00,0.0,0.0,0.0,1,1,8,45.0,80.0,1.12204732,8,typeb,renault,mail
2026-01-12 04:00:00,0.0,0.0,0.0,1,1,8,45.0,80.0,1.12204732,8,typeb,renault,mail
2026-01-12 05:00:00,0.0,0.0,0.0,1,1,8,45.0,80.0,1.12204732,8,typeb,renault,mail
2026-01-12 06:00:00,11.176441182825233,3.4278158337998645,0.3067001183764442,0,0,8,0.0,0.0,1.1197747500000002,8,typeb,renault,mail
2026-01-12 07:00:00,11.176441182825233,2.1765246855416303,0.19474219475930157,0,0,8,0.0,0.0,1.1197747500000002,8,typeb,renault,mail
2026-01-12 08:00:00,11.176441182825233,1.4346371604134287,0.12836260997087576,0,0,8,0.0,0.0,1.1197747500000002,8,typeb,renault,mail
2026-01-12 09:00:00,11.176441182825233,1.2515096631387832,0.11197747500000002,0,0,8,0.0,0.0,1.1197747500000002,8,typeb,renault,mail
2026-01-12 10:00:00,11.176441182825233,2.357640682403615,0.21094735290394465,0,0,8,0.0,0.0,1.1197747500000002,8,typeb,renault,mail
2026-01-12 11:00:00,11.176441182825233,1.2515096631387832,0.11197747500000002,0,0,8,0.0,0.0,1.1197747500000002,8,typeb,renault,mail
2026-01-12 12:00:00,0.0,0.0,0.0,1,1,8,45.0,80.0,1.1197747500000002,8,typeb,renault,mail
2026-01-12 13:00:00,11.176441182825235,2.7217910668534055,0.24352931513082754,0,0,8,0.0,0.0,1.1197747500000002,8,typeb,renault,mail
2026-01-12 14:00:00,11.176441182825235,1.2515096631387832,0.11197747500000002,0,0,8,0.0,0.0,1.1197747500000002,8,typeb,renault,mail
2026-01-12 15:00:00,11.176441182825235,2.270538448921567,0.20315397466688134,0,0,8,0.0,0.0,1.1197747500000002,8,typeb,renault,mail
2026-01-12 16:00:00,11.176441182825235,1.536095688991907,0.1374405022013998,0,0,8,0.0,0.0,1.1197747500000002,8,typeb,renault,mail
2026-01-12 17:00:00,11.176441182825235,1.2515096631387832,0.11197747500000002,0,0,8,0.0,0.0,1.1197747500000002,8,typeb,renault,mail
2026-01-12 18:00:00,11.176441182825235,1.2515096631387832,0.11197747500000002,0,0,8,0.0,0.0,1.1197747500000002,8,typeb,renault,mail
2026-01-12 19:00:00,0.0,0.0,0.0,1,1,8,45.0,80.0,1.1197747500000002,8,typeb,renault,mail
2026-01-12 20:00:00,0.0,0.0,0.0,1,1,8,45.0,80.0,1.1197747500000002,8,typeb,renault,mail
2026-01-12 21:00:00,0.0,0.0,0.0,1,1,8,45.0,80.0,1.1197747500000002,8,typeb,renault,mail
2026-01-12 22:00:00,0.0,0.0,0.0,1,1,8,45.0,80.0,1.1197747500000002,8,typeb,renault,mail
2026-01-12 23:00:00,0.0,0.0,0.0,1,1,8,45.0,80.0,1.1197747500000002,8,typeb,renault,mail
2026-01-13 00:00:00,0.0,0.0,0.0,1,1,8,45.0,80.0,1.1197747500000002,8,typeb,renault,mail
2026-01-13 01:00:00,0.0,0.0,0.0,1,1,8,45.0,80.0,1.1197747500000002,8,typeb,renault,mail
2026-01-13 02:00:00,0.0,0.0,0.0,1,1,8,45.0,80.0,1.1197747500000002,8,typeb,renault,mail
2026-01-13 03:00:00,0.0,0.0,0.0,1,1,8,45.0,80.0,1.1197747500000002,8,typeb,renault,mail
2026-01-13 04:00:00,0.0,0.0,0.0,1,1,8,45.0,80.0,1.1197747500000002,8,typeb,renault,mail
2026-01-13 05:00:00,7.4368863125811036,2.2017930929919802,0.2960638364562828,0,0,8,0.0,0.0,1.12415904,8,typeb,renault,mail
2026-01-13 06:00:00,7.4368863125811036,1.2111531609129738,0.1628575602754672,0,0,8,0.0,0.0,1.12415904,8,typeb,renault,mail
2026-01-13 07:00:00,7.4368863125811036,0.8360242977740314,0.11241590400000001,0,0,8,0.0,0.0,1.12415904,8,typeb,renault,mail
2026-01-13 08:00:00,7.4368863125811036,0.8360242977740314,0.11241590400000001,0,0,8,0.0,0.0,1.12415904,8,typeb,renault,mail
2026-01-13 09:00:00,7.4368863125811036,0.8360242977740314,0.11241590400000001,0,0,8,0.0,0.0,1.12415904,8,typeb,renault,mail
2026-01-13 10:00:00,7.4368863125811036,0.8360242977740314,0.11241590400000001,0,0,8,0.0,0.0,1.12415904,8,typeb,renault,mail
2026-01-13 11:00:00,7.4368863125811036,1.8301798198777424,0.2460949035595175,0,0,8,0.0,0.0,1.12415904,8,typeb,renault,mail
2026-01-13 12:00:00,0.0,0.0,0.0,1,1,8,45.0,80.0,1.12415904,8,typeb,renault,mail
2026-01-13 13:00:00,0.0,0.0,0.0,1,1,8,45.0,80.0,1.12415904,8,typeb,renault,mail
2026-01-13 14:00:00,7.436886312581105,3.7621093399831422,0.5058715680000001,0,0,8,0.0,0.0,1.12415904,8,typeb,renault,mail
2026-01-13 15:00:00,7.436886312581105,1.3538972819580954,0.18205163089123533,0,0,8,0.0,0.0,1.12415904,8,typeb,renault,mail
2026-01-13 16:00:00,7.436886312581105,1.3028592802673002,0.17518881229409564,0,0,8,0.0,0.0,1.12415904,8,typeb,renault,mail
2026-01-13 17:00:00,7.436886312581105,0.8360242977740316,0.11241590400000001,0,0,8,0.0,0.0,1.12415904,8,typeb,renault,mail
2026-01-13 18:00:00,7.436886312581105,1.9933325830969761,0.26803321972595195,0,0,8,0.0,0.0,1.12415904,8,typeb,renault,mail
2026-01-13 19:00:00,7.436886312581105,1.0362339468736699,0.13933706975198148,0,0,8,0.0,0.0,1.12415904,8,typeb,renault,mail
2026-01-13 20:00:00,0.0,0.0,0.0,1,1,8,45.0,80.0,1.12415904,8,typeb,renault,mail
2026-01-13 21:00:00,0.0,0.0,0.0,1,1,8,45.0,80.0,1.12415904,8,typeb,renault,mail
2026-01-13 22:00:00,0.0,0.0,0.0,1,1,8,45.0,80.0,1.12415904,8,typeb,renault,mail
2026-01-13 23:00:00,0.0,0.0,0.0,1,1,8,45.0,80.0,1.12415904,8,typeb,renault,mail
2026-01-14 00:00:00,0.0,0.0,0.0,1,1,8,45.0,80.0,1.12415904,8,typeb,renault,mail
2026-01-14 01:00:00,0.0,0.0,0.0,1,1,8,45.0,80.0,1.12415904,8,typeb,renault,mail
2026-01-14 02:00:00,0.0,0.0,0.0,1,1,8,45.0,80.0,1.12415904,8,typeb,renault,mail
2026-01-14 03:00:00,0.0,0.0,0.0,1,1,8,45.0,80.0,1.12415904,8,typeb,renault,mail
2026-01-14 04:00:00,0.0,0.0,0.0,1,1,8,45.0,80.0,1.12415904,8,typeb,renault,mail
2026-01-14 05:00:00,0.0,0.0,0.0,1,1,8,45.0,80.0,1.12415904,8,typeb,renault,mail
2026-01-14 06:00:00,9.93974842746748,1.587736555778604,0.15973609064300423,0,0,8,0.0,0.0,1.10192,8,typeb,renault,mail
2026-01-14 07:00:00,9.93974842746748,1.157297851919026,0.1164313020962333,0,0,8,0.0,0.0,1.10192,8,typeb,renault,mail
2026-01-14 08:00:00,9.93974842746748,1.3147751370473757,0.13227448829732238,0,0,8,0.0,0.0,1.10192,8,typeb,renault,mail
2026-01-14 09:00:00,9.93974842746748,1.8943488326492022,0.19058317687541895,0,0,8,0.0,0.0,1.10192,8,typeb,renault,mail
2026-01-14 10:00:00,9.93974842746748,2.6592903141693567,0.267541008062204,0,0,8,0.0,0.0,1.10192,8,typeb,renault,mail
2026-01-14 11:00:00,9.93974842746748,1.0952807587194966,0.11019200000000001,0,0,8,0.0,0.0,1.10192,8,typeb,renault,mail
2026-01-14 12:00:00,0.0,0.0,0.0,1,1,8,45.0,80.0,1.10192,8,typeb,renault,mail
2026-01-14 13:00:00,9.939748427467478,2.1808999566059004,0.21941198738785042,0,0,8,0.0,0.0,1.10192,8,typeb,renault,mail
2026-01-14 14:00:00,9.939748427467478,1.0952807587194964,0.11019200000000001,0,0,8,0.0,0.0,1.10192,8,typeb,renault,mail
2026-01-14 15:00:00,9.939748427467478,1.7544847094348446,0.17651198340055627,0,0,8,0.0,0.0,1.10192,8,typeb,renault,mail
2026-01-14 16:00:00,9.939748427467478,1.0952807587194964,0.11019200000000001,0,0,8,0.0,0.0,1.10192,8,typeb,renault,mail
2026-01-14 17:00:00,9.939748427467478,1.0952807587194964,0.11019200000000001,0,0,8,0.0,0.0,1.10192,8,typeb,renault,mail
2026-01-14 18:00:00,9.939748427467478,1.4053096118489952,0.14138281487744356,0,0,8,0.0,0.0,1.10192,8,typeb,renault,mail
2026-01-14 19:00:00,0.0,0.0,0.0,1,1,8,45.0,80.0,1.10192,8,typeb,renault,mail
2026-01-14 20:00:00,0.0,0.0,0.0,1,1,8,45.0,80.0,1.10192,8,typeb,renault,mail
2026-01-14 21:00:00,0.0,0.0,0.0,1,1,8,45.0,80.0,1.10192,8,typeb,renault,mail
2026-01-14 22:00:00,0.0,0.0,0.0,1,1,8,45.0,80.0,1.10192,8,typeb,renault,mail
2026-01-14 23:00:00,0.0,0.0,0.0,1,1,8,45.0,80.0,1.10192,8,typeb,renault,mail
2026-01-01 00:00:00,0.0,0.0,0.0,1,1,9,45.0,80.0,1.0,9,typeb,renault,mail
2026-01-01 01:00:00,0.0,0.0,0.0,1,1,9,45.0,80.0,1.0,9,typeb,renault,mail
2026-01-01 02:00:00,0.0,0.0,0.0,1,1,9,45.0,80.0,1.0,9,typeb,renault,mail
2026-01-01 03:00:00,0.0,0.0,0.0,1,1,9,45.0,80.0,1.0,9,typeb,renault,mail
2026-01-01 04:00:00,0.0,0.0,0.0,1,1,9,45.0,80.0,1.0,9,typeb,renault,mail
2026-01-01 05:00:00,0.0,0.0,0.0,1,1,9,45.0,80.0,1.0,9,typeb,renault,mail
2026-01-01 06:00:00,0.0,0.0,0.0,1,1,9,45.0,80.0,1.0,9,typeb,renault,mail
2026-01-01 07:00:00,10.089192381693419,1.8566482133591085,0.1840234721589757,0,0,9,0.0,0.0,1.13291752,9,typeb,renault,mail
2026-01-01 08:00:00,10.089192381693419,1.1430222811871,0.113291752,0,0,9,0.0,0.0,1.13291752,9,typeb,renault,mail
2026-01-01 09:00:00,10.089192381693419,3.678940251219216,0.36464169896240245,0,0,9,0.0,0.0,1.13291752,9,typeb,renault,mail
2026-01-01 10:00:00,10.089192381693419,1.3444763428153972,0.13325906494308853,0,0,9,0.0,0.0,1.13291752,9,typeb,renault,mail
2026-01-01 11:00:00,10.089192381693419,2.3238305321225363,0.2303286967090713,0,0,9,0.0,0.0,1.13291752,9,typeb,renault,mail
2026-01-01 12:00:00,10.089192381693419,1.1430222811871,0.113291752,0,0,9,0.0,0.0,1.13291752,9,typeb,renault,mail
2026-01-01 13:00:00,10.089192381693419,2.6454699277521807,0.2622082945461837,0,0,9,0.0,0.0,1.13291752,9,typeb,renault,mail
2026-01-01 14:00:00,10.089192381693419,1.2215731643240335,0.12107739828021782,0,0,9,0.0,0.0,1.13291752,9,typeb,renault,mail
2026-01-01 15:00:00,10.089192381693419,4.431929594574385,0.43927496145439826,0,0,9,0.0,0.0,1.13291752,9,typeb,renault,mail
2026-01-01 16:00:00,10.089192381693419,1.7286578945279452,0.1713375886918908,0,0,9,0.0,0.0,1.13291752,9,typeb,renault,mail
2026-01-01 17:00:00,10.089192381693419,1.984943210646206,0.196739554124058,0,0,9,0.0,0.0,1.13291752,9,typeb,renault,mail
2026-01-01 18:00:00,10.089192381693419,1.8033231501401266,0.1787381072653754,0,0,9,0.0,0.0,1.13291752,9,typeb,renault,mail
2026-01-01 19:00:00,10.089192381693419,5.14360026534195,0.509812884,0,0,9,0.0,0.0,1.13291752,9,typeb,renault,mail
2026-01-01 20:00:00,0.0,0.0,0.0,1,1,9,45.0,80.0,1.13291752,9,typeb,renault,mail
2026-01-01 21:00:00,0.0,0.0,0.0,1,1,9,45.0,80.0,1.13291752,9,typeb,renault,mail
2026-01-01 22:00:00,0.0,0.0,0.0,1,1,9,45.0,80.0,1.13291752,9,typeb,renault,mail
2026-01-01 23:00:00,0.0,0.0,0.0,1,1,9,45.0,80.0,1.13291752,9,typeb,renault,mail
2026-01-02 00:00:00,0.0,0.0,0.0,1,1,9,45.0,80.0,1.13291752,9,typeb,renault,mail
2026-01-02 01:00:00,0.0,0.0,0.0,1,1,9,45.0,80.0,1.13291752,9,typeb,renault,mail
2026-01-02 02:00:00,0.0,0.0,0.0,1,1,9,45.0,80.0,1.13291752,9,typeb,renault,mail
2026-01-02 03:00:00,0.0,0.0,0.0,1,1,9,45.0,80.0,1.13291752,9,typeb,renault,mail
2026-01-02 04:00:00,0.0,0.0,0.0,1,1,9,45.0,80.0,1.13291752,9,typeb,renault,mail
2026-01-02 05:00:00,0.0,0.0,0.0,1,1,9,45.0,80.0,1.13291752,9,typeb,renault,mail
2026-01-02 06:00:00,12.82000915762134,1.578589468742019,0.12313481600000001,0,0,9,0.0,0.0,1.23134816,9,typeb,renault,mail
2026-01-02 07:00:00,12.82000915762134,5.4038669593717055,0.4215181824701873,0,0,9,0.0,0.0,1.23134816,9,typeb,renault,mail
2026-01-02 08:00:00,12.82000915762134,3.250849449361798,0.2535762189708895,0,0,9,0.0,0.0,1.23134816,9,typeb,renault,mail
2026-01-02 09:00:00,12.82000915762134,7.103652609339084,0.5541066720000001,0,0,9,0.0,0.0,1.23134816,9,typeb,renault,mail
2026-01-02 10:00:00,12.82000915762134,1.578589468742019,0.12313481600000001,0,0,9,0.0,0.0,1.23134816,9,typeb,renault,mail
2026-01-02 11:00:00,12.82000915762134,2.67001980538519,0.20826972684320552,0,0,9,0.0,0.0,1.23134816,9,typeb,renault,mail
2026-01-02 12:00:00,0.0,0.0,0.0,1,1,9,45.0,80.0,1.23134816,9,typeb,renault,mail
2026-01-02 13:00:00,12.820009157621337,1.5785894687420183,0.12313481600000001,0,0,9,0.0,0.0,1.23134816,9,typeb,renault,mail
2026-01-02 14:00:00,12.820009157621337,3.2894452978245132,0.25658681342430856,0,0,9,0.0,0.0,1.23134816,9,typeb,renault,mail
2026-01-02 15:00:00,12.820009157621337,1.5785894687420183,0.12313481600000001,0,0,9,0.0,0.0,1.23134816,9,typeb,renault,mail
2026-01-02 16:00:00,12.820009157621337,2.7391609807649755,0.21366295039942135,0,0,9,0.0,0.0,1.23134816,9,typeb,renault,mail
2026-01-02 17:00:00,12.820009157621337,2.68222220851873,0.209221551680732,0,0,9,0.0,0.0,1.23134816,9,typeb,renault,mail
2026-01-02 18:00:00,12.820009157621337,1.5785894687420183,0.12313481600000001,0,0,9,0.0,0.0,1.23134816,9,typeb,renault,mail
2026-01-02 19:00:00,0.0,0.0,0.0,1,1,9,45.0,80.0,1.23134816,9,typeb,renault,mail
2026-01-02 20:00:00,0.0,0.0,0.0,1,1,9,45.0,80.0,1.23134816,9,typeb,renault,mail
2026-01-02 21:00:00,0.0,0.0,0.0,1,1,9,45.0,80.0,1.23134816,9,typeb,renault,mail
2026-01-02 22:00:00,0.0,0.0,0.0,1,1,9,45.0,80.0,1.23134816,9,typeb,renault,mail
2026-01-02 23:00:00,0.0,0.0,0.0,1,1,9,45.0,80.0,1.23134816,9,typeb,renault,mail
2026-01-03 00:00:00,0.0,0.0,0.0,1,1,9,45.0,80.0,1.23134816,9,typeb,renault,mail
2026-01-03 01:00:00,0.0,0.0,0.0,1,1,9,45.0,80.0,1.23134816,9,typeb,renault,mail
2026-01-03 02:00:00,0.0,0.0,0.0,1,1,9,45.0,80.0,1.23134816,9,typeb,renault,mail
2026-01-03 03:00:00,0.0,0.0,0.0,1,1,9,45.0,80.0,1.23134816,9,typeb,renault,mail
2026-01-03 04:00:00,0.0,0.0,0.0,1,1,9,45.0,80.0,1.23134816,9,typeb,renault,mail
2026-01-03 05:00:00,0.0,0.0,0.0,1,1,9,45.0,80.0,1.23134816,9,typeb,renault,mail
2026-01-03 06:00:00,0.0,0.0,0.0,1,1,9,45.0,80.0,1.23134816,9,typeb,renault,mail
2026-01-03 07:00:00,0.0,0.0,0.0,1,1,9,45.0,80.0,1.23134816,9,typeb,renault,mail
2026-01-03 08:00:00,0.0,0.0,0.0,1,1,9,45.0,80.0,1.23134816,9,typeb,renault,mail
2026-01-03 09:00:00,5.69045688891762,1.7714285247757855,0.31129811882517017,0,0,9,0.0,0.0,1.20636853,9,typeb,renault,mail
2026-01-03 10:00:00,5.69045688891762,1.6876998457774888,0.29658424248224213,0,0,9,0.0,0.0,1.20636853,9,typeb,renault,mail
2026-01-03 11:00:00,5.69045688891762,1.4717684634497417,0.25863801311210466,0,0,9,0.0,0.0,1.20636853,9,typeb,renault,mail
2026-01-03 12:00:00,5.69045688891762,0.6864788112111923,0.120636853,0,0,9,0.0,0.0,1.20636853,9,typeb,renault,mail
2026-01-03 13:00:00,5.69045688891762,1.0323885689913506,0.1814245480010518,0,0,9,0.0,0.0,1.20636853,9,typeb,renault,mail
2026-01-03 14:00:00,5.69045688891762,1.170407124405169,0.20567893707877502,0,0,9,0.0,0.0,1.20636853,9,typeb,renault,mail
2026-01-03 15:00:00,5.69045688891762,1.9220153270447629,0.33776116128530215,0,0,9,0.0,0.0,1.20636853,9,typeb,renault,mail
2026-01-03 16:00:00,5.690456888917621,1.5374033252294974,0.27017221204568803,0,0,9,0.0,0.0,1.20636853,9,typeb,renault,mail
2026-01-03 17:00:00,5.690456888917621,0.6864788112111924,0.120636853,0,0,9,0.0,0.0,1.20636853,9,typeb,renault,mail
2026-01-03 18:00:00,5.690456888917621,0.9054074878833013,0.1591098053385865,0,0,9,0.0,0.0,1.20636853,9,typeb,renault,mail
2026-01-03 19:00:00,5.690456888917621,1.0406689349277713,0.1828796800050473,0,0,9,0.0,0.0,1.20636853,9,typeb,renault,mail
2026-01-03 20:00:00,0.0,0.0,0.0,1,1,9,45.0,80.0,1.20636853,9,typeb,renault,mail
2026-01-03 21:00:00,0.0,0.0,0.0,1,1,9,45.0,80.0,1.20636853,9,typeb,renault,mail
2026-01-03 22:00:00,0.0,0.0,0.0,1,1,9,45.0,80.0,1.20636853,9,typeb,renault,mail
2026-01-03 23:00:00,0.0,0.0,0.0,1,1,9,45.0,80.0,1.20636853,9,typeb,renault,mail
2026-01-04 00:00:00,0.0,0.0,0.0,1,1,9,45.0,80.0,1.20636853,9,typeb,renault,mail
2026-01-04 01:00:00,0.0,0.0,0.0,1,1,9,45.0,80.0,1.20636853,9,typeb,renault,mail
2026-01-04 02:00:00,0.0,0.0,0.0,1,1,9,45.0,80.0,1.20636853,9,typeb,renault,mail
2026-01-04 03:00:00,0.0,0.0,0.0,1,1,9,45.0,80.0,1.20636853,9,typeb,renault,mail
2026-01-04 04:00:00,0.0,0.0,0.0,1,1,9,45.0,80.0,1.20636853,9,typeb,renault,mail
2026-01-04 05:00:00,0.0,0.0,0.0,1,1,9,45.0,80.0,1.20636853,9,typeb,renault,mail
2026-01-04 06:00:00,0.0,0.0,0.0,1,1,9,45.0,80.0,1.20636853,9,typeb,renault,mail
2026-01-04 07:00:00,0.0,0.0,0.0,1,1,9,45.0,80.0,1.20636853,9,typeb,renault,mail
2026-01-04 08:00:00,0.0,0.0,0.0,1,1,9,45.0,80.0,1.20636853,9,typeb,renault,mail
2026-01-04 09:00:00,8.105208485265061,4.75239077236614,0.5863378815000001,0,0,9,0.0,0.0,1.3029730700000002,9,typeb,renault,mail
2026-01-04 10:00:00,8.105208485265061,3.7309100151620163,0.4603101847342556,0,0,9,0.0,0.0,1.3029730700000002,9,typeb,renault,mail
2026-01-04 11:00:00,8.105208485265061,1.0560868383035869,0.13029730700000003,0,0,9,0.0,0.0,1.3029730700000002,9,typeb,renault,mail
2026-01-04 12:00:00,8.105208485265061,1.1585012090469877,0.1429329314789491,0,0,9,0.0,0.0,1.3029730700000002,9,typeb,renault,mail
2026-01-04 13:00:00,8.105208485265061,1.0560868383035869,0.13029730700000003,0,0,9,0.0,0.0,1.3029730700000002,9,typeb,renault,mail
2026-01-04 14:00:00,8.105208485265061,4.477035146929833,0.5523652050491854,0,0,9,0.0,0.0,1.3029730700000002,9,typeb,renault,mail
2026-01-04 15:00:00,8.105208485265061,4.75239077236614,0.5863378815000001,0,0,9,0.0,0.0,1.3029730700000002,9,typeb,renault,mail
2026-01-04 16:00:00,8.105208485265061,2.81897149486463,0.34779753043853295,0,0,9,0.0,0.0,1.3029730700000002,9,typeb,renault,mail
2026-01-04 17:00:00,8.105208485265061,2.891628853289991,0.356761810451496,0,0,9,0.0,0.0,1.3029730700000002,9,typeb,renault,mail
2026-01-04 18:00:00,8.105208485265061,1.4204086750743214,0.17524640823941376,0,0,9,0.0,0.0,1.3029730700000002,9,typeb,renault,mail
2026-01-04 19:00:00,8.105208485265061,2.0011554962906,0.24689747338746673,0,0,9,0.0,0.0,1.3029730700000002,9,typeb,renault,mail
2026-01-04 20:00:00,8.105208485265061,2.4934324901979044,0.3076333563449803,0,0,9,0.0,0.0,1.3029730700000002,9,typeb,renault,mail
2026-01-04 21:00:00,0.0,0.0,0.0,1,1,9,45.0,80.0,1.3029730700000002,9,typeb,renault,mail
2026-01-04 22:00:00,0.0,0.0,0.0,1,1,9,45.0,80.0,1.3029730700000002,9,typeb,renault,mail
2026-01-04 23:00:00,0.0,0.0,0.0,1,1,9,45.0,80.0,1.3029730700000002,9,typeb,renault,mail
2026-01-05 00:00:00,0.0,0.0,0.0,1,1,9,45.0,80.0,1.3029730700000002,9,typeb,renault,mail
2026-01-05 01:00:00,0.0,0.0,0.0,1,1,9,45.0,80.0,1.3029730700000002,9,typeb,renault,mail
2026-01-05 02:00:00,0.0,0.0,0.0,1,1,9,45.0,80.0,1.3029730700000002,9,typeb,renault,mail
2026-01-05 03:00:00,0.0,0.0,0.0,1,1,9,45.0,80.0,1.3029730700000002,9,typeb,renault,mail
2026-01-05 04:00:00,0.0,0.0,0.0,1,1,9,45.0,80.0,1.3029730700000002,9,typeb,renault,mail
2026-01-05 05:00:00,0.0,0.0,0.0,1,1,9,45.0,80.0,1.3029730700000002,9,typeb,renault,mail
2026-01-05 06:00:00,0.0,0.0,0.0,1,1,9,45.0,80.0,1.3029730700000002,9,typeb,renault,mail
2026-01-05 07:00:00,12.875963076608054,2.1872841292550613,0.16987343907724708,0,0,9,0.0,0.0,1.21493373,9,typeb,renault,mail
2026-01-05 08:00:00,12.875963076608054,2.494841933706266,0.1937596371520109,0,0,9,0.0,0.0,1.21493373,9,typeb,renault,mail
2026-01-05 09:00:00,12.875963076608054,5.148894022569259,0.3998841866767487,0,0,9,0.0,0.0,1.21493373,9,typeb,renault,mail
2026-01-05 10:00:00,12.875963076608054,2.237895714402188,0.17380414195717953,0,0,9,0.0,0.0,1.21493373,9,typeb,renault,mail
2026-01-05 11:00:00,12.875963076608054,1.8905699388770376,0.1468294004595014,0,0,9,0.0,0.0,1.21493373,9,typeb,renault,mail
2026-01-05 12:00:00,0.0,0.0,0.0,1,1,9,45.0,80.0,1.21493373,9,typeb,renault,mail
2026-01-05 13:00:00,12.875963076608057,1.7791861549520789,0.13817887985282837,0,0,9,0.0,0.0,1.21493373,9,typeb,renault,mail
2026-01-05 14:00:00,12.875963076608057,2.6554003020776817,0.20622925728187155,0,0,9,0.0,0.0,1.21493373,9,typeb,renault,mail
2026-01-05 15:00:00,12.875963076608057,1.7551935078250636,0.13631551266357295,0,0,9,0.0,0.0,1.21493373,9,typeb,renault,mail
2026-01-05 16:00:00,12.875963076608057,1.8842122554153102,0.1463356367368267,0,0,9,0.0,0.0,1.21493373,9,typeb,renault,mail
2026-01-05 17:00:00,12.875963076608057,1.5643441848005706,0.12149337300000002,0,0,9,0.0,0.0,1.21493373,9,typeb,renault,mail
2026-01-05 18:00:00,0.0,0.0,0.0,1,1,9,45.0,80.0,1.21493373,9,typeb,renault,mail
2026-01-05 19:00:00,0.0,0.0,0.0,1,1,9,45.0,80.0,1.21493373,9,typeb,renault,mail
2026-01-05 20:00:00,0.0,0.0,0.0,1,1,9,45.0,80.0,1.21493373,9,typeb,renault,mail
2026-01-05 21:00:00,0.0,0.0,0.0,1,1,9,45.0,80.0,1.21493373,9,typeb,renault,mail
2026-01-05 22:00:00,0.0,0.0,0.0,1,1,9,45.0,80.0,1.21493373,9,typeb,renault,mail
2026-01-05 23:00:00,0.0,0.0,0.0,1,1,9,45.0,80.0,1.21493373,9,typeb,renault,mail
2026-01-06 00:00:00,0.0,0.0,0.0,1,1,9,45.0,80.0,1.21493373,9,typeb,renault,mail
2026-01-06 01:00:00,0.0,0.0,0.0,1,1,9,45.0,80.0,1.21493373,9,typeb,renault,mail
2026-01-06 02:00:00,0.0,0.0,0.0,1,1,9,45.0,80.0,1.21493373,9,typeb,renault,mail
2026-01-06 03:00:00,0.0,0.0,0.0,1,1,9,45.0,80.0,1.21493373,9,typeb,renault,mail
2026-01-06 04:00:00,0.0,0.0,0.0,1,1,9,45.0,80.0,1.21493373,9,typeb,renault,mail
2026-01-06 05:00:00,0.0,0.0,0.0,1,1,9,45.0,80.0,1.21493373,9,typeb,renault,mail
2026-01-06 06:00:00,0.0,0.0,0.0,1,1,9,45.0,80.0,1.21493373,9,typeb,renault,mail
2026-01-06 07:00:00,11.50490363259866,2.3416247055664425,0.20353275267178658,0,0,9,0.0,0.0,1.31556704,9,typeb,renault,mail
2026-01-06 08:00:00,11.50490363259866,2.523306933701425,0.21932447365762728,0,0,9,0.0,0.0,1.31556704,9,typeb,renault,mail
2026-01-06 09:00:00,11.50490363259866,2.4563766825326336,0.21350693243293178,0,0,9,0.0,0.0,1.31556704,9,typeb,renault,mail
2026-01-06 10:00:00,11.50490363259866,4.496430334094425,0.3908272922298957,0,0,9,0.0,0.0,1.31556704,9,typeb,renault,mail
2026-01-06 11:00:00,11.50490363259866,3.622266805989987,0.31484547125857243,0,0,9,0.0,0.0,1.31556704,9,typeb,renault,mail
2026-01-06 12:00:00,0.0,0.0,0.0,1,1,9,45.0,80.0,1.31556704,9,typeb,renault,mail
2026-01-06 13:00:00,11.50490363259866,1.8482800046621684,0.16065149815120092,0,0,9,0.0,0.0,1.31556704,9,typeb,renault,mail
2026-01-06 14:00:00,11.50490363259866,5.108332226354037,0.4440134736878449,0,0,9,0.0,0.0,1.31556704,9,typeb,renault,mail
2026-01-06 15:00:00,11.50490363259866,1.9843184046322166,0.17247588228464028,0,0,9,0.0,0.0,1.31556704,9,typeb,renault,mail
2026-01-06 16:00:00,11.50490363259866,2.5274742869578404,0.2196866977482843,0,0,9,0.0,0.0,1.31556704,9,typeb,renault,mail
2026-01-06 17:00:00,11.50490363259866,1.5135472017423066,0.131556704,0,0,9,0.0,0.0,1.31556704,9,typeb,renault,mail
2026-01-06 18:00:00,11.50490363259866,5.714769939992392,0.4967247116959616,0,0,9,0.0,0.0,1.31556704,9,typeb,renault,mail
2026-01-06 19:00:00,0.0,0.0,0.0,1,1,9,45.0,80.0,1.31556704,9,typeb,renault,mail
2026-01-06 20:00:00,0.0,0.0,0.0,1,1,9,45.0,80.0,1.31556704,9,typeb,renault,mail
2026-01-06 21:00:00,0.0,0.0,0.0,1,1,9,45.0,80.0,1.31556704,9,typeb,renault,mail
2026-01-06 22:00:00,0.0,0.0,0.0,1,1,9,45.0,80.0,1.31556704,9,typeb,renault,mail
2026-01-06 23:00:00,0.0,0.0,0.0,1,1,9,45.0,80.0,1.31556704,9,typeb,renault,mail
2026-01-07 00:00:00,0.0,0.0,0.0,1,1,9,45.0,80.0,1.31556704,9,typeb,renault,mail
2026-01-07 01:00:00,0.0,0.0,0.0,1,1,9,45.0,80.0,1.31556704,9,typeb,renault,mail
2026-01-07 02:00:00,0.0,0.0,0.0,1,1,9,45.0,80.0,1.31556704,9,typeb,renault,mail
2026-01-07 03:00:00,0.0,0.0,0.0,1,1,9,45.0,80.0,1.31556704,9,typeb,renault,mail
2026-01-07 04:00:00,0.0,0.0,0.0,1,1,9,45.0,80.0,1.31556704,9,typeb,renault,mail
2026-01-07 05:00:00,7.733668452971417,0.9738732745536504,0.125926432,0,0,9,0.0,0.0,1.25926432,9,typeb,renault,mail
2026-01-07 06:00:00,7.733668452971417,1.903364183125033,0.24611401364041222,0,0,9,0.0,0.0,1.25926432,9,typeb,renault,mail
2026-01-07 07:00:00,7.733668452971417,3.1021004969794173,0.4011163028054989,0,0,9,0.0,0.0,1.25926432,9,typeb,renault,mail
2026-01-07 08:00:00,7.733668452971417,1.0203762261827711,0.13193948413843937,0,0,9,0.0,0.0,1.25926432,9,typeb,renault,mail
2026-01-07 09:00:00,7.733668452971417,1.318430644909468,0.17047933369873167,0,0,9,0.0,0.0,1.25926432,9,typeb,renault,mail
2026-01-07 10:00:00,7.733668452971417,1.4876321072317251,0.1923578850422725,0,0,9,0.0,0.0,1.25926432,9,typeb,renault,mail
2026-01-07 11:00:00,7.733668452971417,1.325742282212643,0.17142476307001092,0,0,9,0.0,0.0,1.25926432,9,typeb,renault,mail
2026-01-07 12:00:00,0.0,0.0,0.0,1,1,9,45.0,80.0,1.25926432,9,typeb,renault,mail
2026-01-07 13:00:00,0.0,0.0,0.0,1,1,9,45.0,80.0,1.25926432,9,typeb,renault,mail
2026-01-07 14:00:00,7.733668452971415,0.9738732745536501,0.125926432,0,0,9,0.0,0.0,1.25926432,9,typeb,renault,mail
2026-01-07 15:00:00,7.733668452971415,3.594061097981246,0.46472914113616326,0,0,9,0.0,0.0,1.25926432,9,typeb,renault,mail
2026-01-07 16:00:00,7.733668452971415,0.9738732745536501,0.125926432,0,0,9,0.0,0.0,1.25926432,9,typeb,renault,mail
2026-01-07 17:00:00,7.733668452971415,0.9738732745536501,0.125926432,0,0,9,0.0,0.0,1.25926432,9,typeb,renault,mail
2026-01-07 18:00:00,0.0,0.0,0.0,1,1,9,45.0,80.0,1.25926432,9,typeb,renault,mail
2026-01-07 19:00:00,0.0,0.0,0.0,1,1,9,45.0,80.0,1.25926432,9,typeb,renault,mail
2026-01-07 20:00:00,0.0,0.0,0.0,1,1,9,45.0,80.0,1.25926432,9,typeb,renault,mail
2026-01-07 21:00:00,0.0,0.0,0.0,1,1,9,45.0,80.0,1.25926432,9,typeb,renault,mail
2026-01-07 22:00:00,0.0,0.0,0.0,1,1,9,45.0,80.0,1.25926432,9,typeb,renault,mail
2026-01-07 23:00:00,0.0,0.0,0.0,1,1,9,45.0,80.0,1.25926432,9,typeb,renault,mail
2026-01-08 00:00:00,0.0,0.0,0.0,1,1,9,45.0,80.0,1.25926432,9,typeb,renault,mail
2026-01-08 01:00:00,0.0,0.0,0.0,1,1,9,45.0,80.0,1.25926432,9,typeb,renault,mail
2026-01-08 02:00:00,0.0,0.0,0.0,1,1,9,45.0,80.0,1.25926432,9,typeb,renault,mail
2026-01-08 03:00:00,0.0,0.0,0.0,1,1,9,45.0,80.0,1.25926432,9,typeb,renault,mail
2026-01-08 04:00:00,0.0,0.0,0.0,1,1,9,45.0,80.0,1.25926432,9,typeb,renault,mail
2026-01-08 05:00:00,0.0,0.0,0.0,1,1,9,45.0,80.0,1.25926432,9,typeb,renault,mail
2026-01-08 06:00:00,4.945046150110351,1.079998340172045,0.21840005277765595,0,0,9,0.0,0.0,1.16541536,9,typeb,renault,mail
2026-01-08 07:00:00,4.945046150110351,0.7745341149308552,0.156628288476857,0,0,9,0.0,0.0,1.16541536,9,typeb,renault,mail
2026-01-08 08:00:00,4.945046150110351,0.5763032739247469,0.116541536,0,0,9,0.0,0.0,1.16541536,9,typeb,renault,mail
2026-01-08 09:00:00,4.945046150110351,0.5763032739247469,0.116541536,0,0,9,0.0,0.0,1.16541536,9,typeb,renault,mail
2026-01-08 10:00:00,4.945046150110351,0.8497157517025765,0.17183171317493462,0,0,9,0.0,0.0,1.16541536,9,typeb,renault,mail
2026-01-08 11:00:00,4.945046150110351,0.5763032739247469,0.116541536,0,0,9,0.0,0.0,1.16541536,9,typeb,renault,mail
2026-01-08 12:00:00,4.945046150110351,1.1150693814480008,0.2254922092937631,0,0,9,0.0,0.0,1.16541536,9,typeb,renault,mail
2026-01-08 13:00:00,0.0,0.0,0.0,1,1,9,45.0,80.0,1.16541536,9,typeb,renault,mail
2026-01-08 14:00:00,4.945046150110352,0.576303273924747,0.116541536,0,0,9,0.0,0.0,1.16541536,9,typeb,renault,mail
2026-01-08 15:00:00,4.945046150110352,0.608534690714896,0.12305945632101252,0,0,9,0.0,0.0,1.16541536,9,typeb,renault,mail
2026-01-08 16:00:00,4.945046150110352,1.5883697325436577,0.3212042282978921,0,0,9,0.0,0.0,1.16541536,9,typeb,renault,mail
2026-01-08 17:00:00,4.945046150110352,0.576303273924747,0.116541536,0,0,9,0.0,0.0,1.16541536,9,typeb,renault,mail
2026-01-08 18:00:00,4.945046150110352,1.1335852918086358,0.22923654449278275,0,0,9,0.0,0.0,1.16541536,9,typeb,renault,mail
2026-01-08 19:00:00,0.0,0.0,0.0,1,1,9,45.0,80.0,1.16541536,9,typeb,renault,mail
2026-01-08 20:00:00,0.0,0.0,0.0,1,1,9,45.0,80.0,1.16541536,9,typeb,renault,mail
2026-01-08 21:00:00,0.0,0.0,0.0,1,1,9,45.0,80.0,1.16541536,9,typeb,renault,mail
2026-01-08 22:00:00,0.0,0.0,0.0,1,1,9,45.0,80.0,1.16541536,9,typeb,renault,mail
2026-01-08 23:00:00,0.0,0.0,0.0,1,1,9,45.0,80.0,1.16541536,9,typeb,renault,mail
2026-01-09 00:00:00,0.0,0.0,0.0,1,1,9,45.0,80.0,1.16541536,9,typeb,renault,mail
2026-01-09 01:00:00,0.0,0.0,0.0,1,1,9,45.0,80.0,1.16541536,9,typeb,renault,mail
2026-01-09 02:00:00,0.0,0.0,0.0,1,1,9,45.0,80.0,1.16541536,9,typeb,renault,mail
2026-01-09 03:00:00,0.0,0.0,0.0,1,1,9,45.0,80.0,1.16541536,9,typeb,renault,mail
2026-01-09 04:00:00,0.0,0.0,0.0,1,1,9,45.0,80.0,1.16541536,9,typeb,renault,mail
2026-01-09 05:00:00,0.0,0.0,0.0,1,1,9,45.0,80.0,1.16541536,9,typeb,renault,mail
2026-01-09 06:00:00,9.849255247923239,2.2645528085692166,0.22992122262713297,0,0,9,0.0,0.0,1.13480256,9,typeb,renault,mail
2026-01-09 07:00:00,9.849255247923239,2.504163243179989,0.25424899448189275,0,0,9,0.0,0.0,1.13480256,9,typeb,renault,mail
2026-01-09 08:00:00,9.849255247923239,1.8150943166937363,0.18428746854504124,0,0,9,0.0,0.0,1.13480256,9,typeb,renault,mail
2026-01-09 09:00:00,9.849255247923239,1.8757301051603548,0.19044385163597638,0,0,9,0.0,0.0,1.13480256,9,typeb,renault,mail
2026-01-09 10:00:00,9.849255247923239,5.029632031246527,0.5106611520000001,0,0,9,0.0,0.0,1.13480256,9,typeb,renault,mail
2026-01-09 11:00:00,9.849255247923239,2.823995861227725,0.2867217662800624,0,0,9,0.0,0.0,1.13480256,9,typeb,renault,mail
2026-01-09 12:00:00,0.0,0.0,0.0,1,1,9,45.0,80.0,1.13480256,9,typeb,renault,mail
2026-01-09 13:00:00,9.84925524792324,2.545704615765935,0.2584667116128104,0,0,9,0.0,0.0,1.13480256,9,typeb,renault,mail
2026-01-09 14:00:00,9.84925524792324,1.1176960069436728,0.113480256,0,0,9,0.0,0.0,1.13480256,9,typeb,renault,mail
2026-01-09 15:00:00,9.84925524792324,5.0296320312465275,0.5106611520000001,0,0,9,0.0,0.0,1.13480256,9,typeb,renault,mail
2026-01-09 16:00:00,9.84925524792324,5.0296320312465275,0.5106611520000001,0,0,9,0.0,0.0,1.13480256,9,typeb,renault,mail
2026-01-09 17:00:00,9.84925524792324,1.2131034566568157,0.12316702391407755,0,0,9,0.0,0.0,1.13480256,9,typeb,renault,mail
2026-01-09 18:00:00,9.84925524792324,1.4669004840750426,0.1489351679036184,0,0,9,0.0,0.0,1.13480256,9,typeb,renault,mail
2026-01-09 19:00:00,0.0,0.0,0.0,1,1,9,45.0,80.0,1.13480256,9,typeb,renault,mail
2026-01-09 20:00:00,0.0,0.0,0.0,1,1,9,45.0,80.0,1.13480256,9,typeb,renault,mail
2026-01-09 21:00:00,0.0,0.0,0.0,1,1,9,45.0,80.0,1.13480256,9,typeb,renault,mail
2026-01-09 22:00:00,0.0,0.0,0.0,1,1,9,45.0,80.0,1.13480256,9,typeb,renault,mail
2026-01-09 23:00:00,0.0,0.0,0.0,1,1,9,45.0,80.0,1.13480256,9,typeb,renault,mail
2026-01-10 00:00:00,0.0,0.0,0.0,1,1,9,45.0,80.0,1.13480256,9,typeb,renault,mail
2026-01-10 01:00:00,0.0,0.0,0.0,1,1,9,45.0,80.0,1.13480256,9,typeb,renault,mail
2026-01-10 02:00:00,0.0,0.0,0.0,1,1,9,45.0,80.0,1.13480256,9,typeb,renault,mail
2026-01-10 03:00:00,0.0,0.0,0.0,1,1,9,45.0,80.0,1.13480256,9,typeb,renault,mail
2026-01-10 04:00:00,0.0,0.0,0.0,1,1,9,45.0,80.0,1.13480256,9,typeb,renault,mail
2026-01-10 05:00:00,0.0,0.0,0.0,1,1,9,45.0,80.0,1.13480256,9,typeb,renault,mail
2026-01-10 06:00:00,0.0,0.0,0.0,1,1,9,45.0,80.0,1.13480256,9,typeb,renault,mail
2026-01-10 07:00:00,0.0,0.0,0.0,1,1,9,45.0,80.0,1.13480256,9,typeb,renault,mail
2026-01-10 08:00:00,0.0,0.0,0.0,1,1,9,45.0,80.0,1.13480256,9,typeb,renault,mail
2026-01-10 09:00:00,0.0,0.0,0.0,1,1,9,45.0,80.0,1.13480256,9,typeb,renault,mail
2026-01-10 10:00:00,11.123554564389766,2.8523649318502677,0.2564256699905663,0,0,9,0.0,0.0,1.18959,9,typeb,renault,mail
2026-01-10 11:00:00,11.123554564389766,1.323246927425242,0.118959,0,0,9,0.0,0.0,1.18959,9,typeb,renault,mail
2026-01-10 12:00:00,11.123554564389766,3.9462381467922336,0.35476412903348964,0,0,9,0.0,0.0,1.18959,9,typeb,renault,mail
2026-01-10 13:00:00,11.123554564389766,1.323246927425242,0.118959,0,0,9,0.0,0.0,1.18959,9,typeb,renault,mail
2026-01-10 14:00:00,11.123554564389766,1.5840496572959295,0.14240498827299364,0,0,9,0.0,0.0,1.18959,9,typeb,renault,mail
2026-01-10 15:00:00,11.123554564389766,1.6244724053889377,0.14603896587062373,0,0,9,0.0,0.0,1.18959,9,typeb,renault,mail
2026-01-10 16:00:00,11.123554564389762,4.472713658520491,0.40209391994526206,0,0,9,0.0,0.0,1.18959,9,typeb,renault,mail
2026-01-10 17:00:00,11.123554564389762,1.3232469274252416,0.118959,0,0,9,0.0,0.0,1.18959,9,typeb,renault,mail
2026-01-10 18:00:00,11.123554564389762,1.9992680350468832,0.179732838408256,0,0,9,0.0,0.0,1.18959,9,typeb,renault,mail
2026-01-10 19:00:00,0.0,0.0,0.0,1,1,9,45.0,80.0,1.18959,9,typeb,renault,mail
2026-01-10 20:00:00,0.0,0.0,0.0,1,1,9,45.0,80.0,1.18959,9,typeb,renault,mail
2026-01-10 21:00:00,0.0,0.0,0.0,1,1,9,45.0,80.0,1.18959,9,typeb,renault,mail
2026-01-10 22:00:00,0.0,0.0,0.0,1,1,9,45.0,80.0,1.18959,9,typeb,renault,mail
2026-01-10 23:00:00,0.0,0.0,0.0,1,1,9,45.0,80.0,1.18959,9,typeb,renault,mail
2026-01-11 00:00:00,0.0,0.0,0.0,1,1,9,45.0,80.0,1.18959,9,typeb,renault,mail
2026-01-11 01:00:00,0.0,0.0,0.0,1,1,9,45.0,80.0,1.18959,9,typeb,renault,mail
2026-01-11 02:00:00,0.0,0.0,0.0,1,1,9,45.0,80.0,1.18959,9,typeb,renault,mail
2026-01-11 03:00:00,0.0,0.0,0.0,1,1,9,45.0,80.0,1.18959,9,typeb,renault,mail
2026-01-11 04:00:00,0.0,0.0,0.0,1,1,9,45.0,80.0,1.18959,9,typeb,renault,mail
2026-01-11 05:00:00,0.0,0.0,0.0,1,1,9,45.0,80.0,1.18959,9,typeb,renault,mail
2026-01-11 06:00:00,0.0,0.0,0.0,1,1,9,45.0,80.0,1.18959,9,typeb,renault,mail
2026-01-11 07:00:00,0.0,0.0,0.0,1,1,9,45.0,80.0,1.18959,9,typeb,renault,mail
2026-01-11 08:00:00,3.773076223423523,0.42335700646480856,0.11220473200000002,0,0,9,0.0,0.0,1.12204732,9,typeb,renault,mail
2026-01-11 09:00:00,3.773076223423523,0.7266381320311011,0.19258506560776065,0,0,9,0.0,0.0,1.12204732,9,typeb,renault,mail
2026-01-11 10:00:00,3.773076223423523,0.4730046363029704,0.12536312766928065,0,0,9,0.0,0.0,1.12204732,9,typeb,renault,mail
2026-01-11 11:00:00,3.773076223423523,0.8896620830981756,0.23579223700149252,0,0,9,0.0,0.0,1.12204732,9,typeb,renault,mail
2026-01-11 12:00:00,3.773076223423523,1.1412056548768843,0.30246027042660817,0,0,9,0.0,0.0,1.12204732,9,typeb,renault,mail
2026-01-11 13:00:00,3.773076223423523,0.9336812970399211,0.2474589013716611,0,0,9,0.0,0.0,1.12204732,9,typeb,renault,mail
2026-01-11 14:00:00,3.773076223423523,0.5716345291670057,0.15150357303100806,0,0,9,0.0,0.0,1.12204732,9,typeb,renault,mail
2026-01-11 15:00:00,3.773076223423523,0.42335700646480856,0.11220473200000002,0,0,9,0.0,0.0,1.12204732,9,typeb,renault,mail
2026-01-11 16:00:00,3.773076223423523,0.42335700646480856,0.11220473200000002,0,0,9,0.0,0.0,1.12204732,9,typeb,renault,mail
2026-01-11 17:00:00,3.773076223423523,0.7299261618885344,0.19345651099150912,0,0,9,0.0,0.0,1.12204732,9,typeb,renault,mail
2026-01-11 18:00:00,3.773076223423523,0.9729972695619197,0.25787903873276774,0,0,9,0.0,0.0,1.12204732,9,typeb,renault,mail
2026-01-11 19:00:00,3.773076223423523,0.4282834800111143,0.11351042349802007,0,0,9,0.0,0.0,1.12204732,9,typeb,renault,mail
2026-01-11 20:00:00,0.0,0.0,0.0,1,1,9,45.0,80.0,1.12204732,9,typeb,renault,mail
2026-01-11 21:00:00,0.0,0.0,0.0,1,1,9,45.0,80.0,1.12204732,9,typeb,renault,mail
2026-01-11 22:00:00,0.0,0.0,0.0,1,1,9,45.0,80.0,1.12204732,9,typeb,renault,mail
2026-01-11 23:00:00,0.0,0.0,0.0,1,1,9,45.0,80.0,1.12204732,9,typeb,renault,mail
2026-01-12 00:00:00,0.0,0.0,0.0,1,1,9,45.0,80.0,1.12204732,9,typeb,renault,mail
2026-01-12 01:00:00,0.0,0.0,0.0,1,1,9,45.0,80.0,1.12204732,9,typeb,renault,mail
2026-01-12 02:00:00,0.0,0.0,0.0,1,1,9,45.0,80.0,1.12204732,9,typeb,renault,mail
2026-01-12 03:00:00,0.0,0.0,0.0,1,1,9,45.0,80.0,1.12204732,9,typeb,renault,mail
2026-01-12 04:00:00,0.0,0.0,0.0,1,1,9,45.0,80.0,1.12204732,9,typeb,renault,mail
2026-01-12 05:00:00,0.0,0.0,0.0,1,1,9,45.0,80.0,1.12204732,9,typeb,renault,mail
2026-01-12 06:00:00,0.0,0.0,0.0,1,1,9,45.0,80.0,1.12204732,9,typeb,renault,mail
2026-01-12 07:00:00,0.0,0.0,0.0,1,1,9,45.0,80.0,1.12204732,9,typeb,renault,mail
2026-01-12 08:00:00,11.139918597507393,4.013507027843335,0.36028154000527224,0,0,9,0.0,0.0,1.1197747500000002,9,typeb,renault,mail
2026-01-12 09:00:00,11.139918597507393,2.9057184798549,0.26083839432229494,0,0,9,0.0,0.0,1.1197747500000002,9,typeb,renault,mail
2026-01-12 10:00:00,11.139918597507393,2.397577227233813,0.21522394497301642,0,0,9,0.0,0.0,1.1197747500000002,9,typeb,renault,mail
2026-01-12 11:00:00,11.139918597507393,1.2474199562544193,0.11197747500000002,0,0,9,0.0,0.0,1.1197747500000002,9,typeb,renault,mail
2026-01-12 12:00:00,11.139918597507393,2.3682945118502645,0.2125953157665067,0,0,9,0.0,0.0,1.1197747500000002,9,typeb,renault,mail
2026-01-12 13:00:00,11.139918597507394,1.7810762122807153,0.1598823363645798,0,0,9,0.0,0.0,1.1197747500000002,9,typeb,renault,mail
2026-01-12 14:00:00,11.139918597507394,1.2474199562544195,0.11197747500000002,0,0,9,0.0,0.0,1.1197747500000002,9,typeb,renault,mail
2026-01-12 15:00:00,11.139918597507394,2.693024912005071,0.24174547492722676,0,0,9,0.0,0.0,1.1197747500000002,9,typeb,renault,mail
2026-01-12 16:00:00,11.139918597507394,4.972038822119907,0.44632631545731605,0,0,9,0.0,0.0,1.1197747500000002,9,typeb,renault,mail
2026-01-12 17:00:00,11.139918597507394,1.2474199562544195,0.11197747500000002,0,0,9,0.0,0.0,1.1197747500000002,9,typeb,renault,mail
2026-01-12 18:00:00,11.139918597507394,1.2474199562544195,0.11197747500000002,0,0,9,0.0,0.0,1.1197747500000002,9,typeb,renault,mail
2026-01-12 19:00:00,0.0,0.0,0.0,1,1,9,45.0,80.0,1.1197747500000002,9,typeb,renault,mail
2026-01-12 20:00:00,0.0,0.0,0.0,1,1,9,45.0,80.0,1.1197747500000002,9,typeb,renault,mail
2026-01-12 21:00:00,0.0,0.0,0.0,1,1,9,45.0,80.0,1.1197747500000002,9,typeb,renault,mail
2026-01-12 22:00:00,0.0,0.0,0.0,1,1,9,45.0,80.0,1.1197747500000002,9,typeb,renault,mail
2026-01-12 23:00:00,0.0,0.0,0.0,1,1,9,45.0,80.0,1.1197747500000002,9,typeb,renault,mail
2026-01-13 00:00:00,0.0,0.0,0.0,1,1,9,45.0,80.0,1.1197747500000002,9,typeb,renault,mail
2026-01-13 01:00:00,0.0,0.0,0.0,1,1,9,45.0,80.0,1.1197747500000002,9,typeb,renault,mail
2026-01-13 02:00:00,0.0,0.0,0.0,1,1,9,45.0,80.0,1.1197747500000002,9,typeb,renault,mail
2026-01-13 03:00:00,0.0,0.0,0.0,1,1,9,45.0,80.0,1.1197747500000002,9,typeb,renault,mail
2026-01-13 04:00:00,0.0,0.0,0.0,1,1,9,45.0,80.0,1.1197747500000002,9,typeb,renault,mail
2026-01-13 05:00:00,0.0,0.0,0.0,1,1,9,45.0,80.0,1.1197747500000002,9,typeb,renault,mail
2026-01-13 06:00:00,0.0,0.0,0.0,1,1,9,45.0,80.0,1.1197747500000002,9,typeb,renault,mail
2026-01-13 07:00:00,0.0,0.0,0.0,1,1,9,45.0,80.0,1.1197747500000002,9,typeb,renault,mail
2026-01-13 08:00:00,14.062935357450167,3.377892571568716,0.24019825773992476,0,0,9,0.0,0.0,1.12415904,9,typeb,renault,mail
2026-01-13 09:00:00,14.062935357450167,2.1133197458712125,0.15027586290877973,0,0,9,0.0,0.0,1.12415904,9,typeb,renault,mail
2026-01-13 10:00:00,14.062935357450167,2.322799113560039,0.16517171234307654,0,0,9,0.0,0.0,1.12415904,9,typeb,renault,mail
2026-01-13 11:00:00,14.062935357450167,3.421966728199955,0.24333232296250928,0,0,9,0.0,0.0,1.12415904,9,typeb,renault,mail
2026-01-13 12:00:00,0.0,0.0,0.0,1,1,9,45.0,80.0,1.12415904,9,typeb,renault,mail
2026-01-13 13:00:00,0.0,0.0,0.0,1,1,9,45.0,80.0,1.12415904,9,typeb,renault,mail
2026-01-13 14:00:00,14.062935357450165,3.2131678988423107,0.2284848658669302,0,0,9,0.0,0.0,1.12415904,9,typeb,renault,mail
2026-01-13 15:00:00,14.062935357450165,1.5808975911013237,0.11241590400000001,0,0,9,0.0,0.0,1.12415904,9,typeb,renault,mail
2026-01-13 16:00:00,14.062935357450165,7.114039159955956,0.5058715680000001,0,0,9,0.0,0.0,1.12415904,9,typeb,renault,mail
2026-01-13 17:00:00,14.062935357450165,4.935773046925637,0.35097743973563794,0,0,9,0.0,0.0,1.12415904,9,typeb,renault,mail
2026-01-13 18:00:00,0.0,0.0,0.0,1,1,9,45.0,80.0,1.12415904,9,typeb,renault,mail
2026-01-13 19:00:00,0.0,0.0,0.0,1,1,9,45.0,80.0,1.12415904,9,typeb,renault,mail
2026-01-13 20:00:00,0.0,0.0,0.0,1,1,9,45.0,80.0,1.12415904,9,typeb,renault,mail
2026-01-13 21:00:00,0.0,0.0,0.0,1,1,9,45.0,80.0,1.12415904,9,typeb,renault,mail
2026-01-13 22:00:00,0.0,0.0,0.0,1,1,9,45.0,80.0,1.12415904,9,typeb,renault,mail
2026-01-13 23:00:00,0.0,0.0,0.0,1,1,9,45.0,80.0,1.12415904,9,typeb,renault,mail
2026-01-14 00:00:00,0.0,0.0,0.0,1,1,9,45.0,80.0,1.12415904,9,typeb,renault,mail
2026-01-14 01:00:00,0.0,0.0,0.0,1,1,9,45.0,80.0,1.12415904,9,typeb,renault,mail
2026-01-14 02:00:00,0.0,0.0,0.0,1,1,9,45.0,80.0,1.12415904,9,typeb,renault,mail
2026-01-14 03:00:00,0.0,0.0,0.0,1,1,9,45.0,80.0,1.12415904,9,typeb,renault,mail
2026-01-14 04:00:00,0.0,0.0,0.0,1,1,9,45.0,80.0,1.12415904,9,typeb,renault,mail
2026-01-14 05:00:00,0.0,0.0,0.0,1,1,9,45.0,80.0,1.12415904,9,typeb,renault,mail
2026-01-14 06:00:00,0.0,0.0,0.0,1,1,9,45.0,80.0,1.12415904,9,typeb,renault,mail
2026-01-14 07:00:00,0.0,0.0,0.0,1,1,9,45.0,80.0,1.12415904,9,typeb,renault,mail
2026-01-14 08:00:00,13.60916562989983,6.748295305904649,0.495864,0,0,9,0.0,0.0,1.10192,9,typeb,renault,mail
2026-01-14 09:00:00,13.60916562989983,1.7477517424648603,0.12842460662136307,0,0,9,0.0,0.0,1.10192,9,typeb,renault,mail
2026-01-14 10:00:00,13.60916562989983,3.73032244361044,0.27410368460905393,0,0,9,0.0,0.0,1.10192,9,typeb,renault,mail
2026-01-14 11:00:00,13.60916562989983,2.4980560246156127,0.18355688309996707,0,0,9,0.0,0.0,1.10192,9,typeb,renault,mail
2026-01-14 12:00:00,13.60916562989983,1.722758516176917,0.12658810709100007,0,0,9,0.0,0.0,1.10192,9,typeb,renault,mail
2026-01-14 13:00:00,13.60916562989983,2.617651482793698,0.19234474426871717,0,0,9,0.0,0.0,1.10192,9,typeb,renault,mail
2026-01-14 14:00:00,13.60916562989983,1.499621179089922,0.11019200000000001,0,0,9,0.0,0.0,1.10192,9,typeb,renault,mail
2026-01-14 15:00:00,13.60916562989983,1.499621179089922,0.11019200000000001,0,0,9,0.0,0.0,1.10192,9,typeb,renault,mail
2026-01-14 16:00:00,13.60916562989983,4.863039279936951,0.35733559368641066,0,0,9,0.0,0.0,1.10192,9,typeb,renault,mail
2026-01-14 17:00:00,13.60916562989983,1.8801046612655432,0.13814988459945593,0,0,9,0.0,0.0,1.10192,9,typeb,renault,mail
2026-01-14 18:00:00,0.0,0.0,0.0,1,1,9,45.0,80.0,1.10192,9,typeb,renault,mail
2026-01-14 19:00:00,0.0,0.0,0.0,1,1,9,45.0,80.0,1.10192,9,typeb,renault,mail
2026-01-14 20:00:00,0.0,0.0,0.0,1,1,9,45.0,80.0,1.10192,9,typeb,renault,mail
2026-01-14 21:00:00,0.0,0.0,0.0,1,1,9,45.0,80.0,1.10192,9,typeb,renault,mail
2026-01-14 22:00:00,0.0,0.0,0.0,1,1,9,45.0,80.0,1.10192,9,typeb,renault,mail
2026-01-14 23:00:00,0.0,0.0,0.0,1,1,9,45.0,80.0,1.10192,9,typeb,renault,mail
2026-01-01 00:00:00,0.0,0.0,0.0,1,1,10,45.0,80.0,1.0,10,typeb,renault,mail
2026-01-01 01:00:00,0.0,0.0,0.0,1,1,10,45.0,80.0,1.0,10,typeb,renault,mail
2026-01-01 02:00:00,0.0,0.0,0.0,1,1,10,45.0,80.0,1.0,10,typeb,renault,mail
2026-01-01 03:00:00,0.0,0.0,0.0,1,1,10,45.0,80.0,1.0,10,typeb,renault,mail
2026-01-01 04:00:00,0.0,0.0,0.0,1,1,10,45.0,80.0,1.0,10,typeb,renault,mail
2026-01-01 05:00:00,10.973739167691257,2.6126921994995294,0.23808586659247238,0,0,10,0.0,0.0,1.13291752,10,typeb,renault,mail
2026-01-01 06:00:00,10.973739167691257,1.7555273062446848,0.1599753082717043,0,0,10,0.0,0.0,1.13291752,10,typeb,renault,mail
2026-01-01 07:00:00,10.973739167691257,2.750377669306539,0.25063268110145775,0,0,10,0.0,0.0,1.13291752,10,typeb,renault,mail
2026-01-01 08:00:00,10.973739167691257,1.2661021412050701,0.11537563649523512,0,0,10,0.0,0.0,1.13291752,10,typeb,renault,mail
2026-01-01 09:00:00,10.973739167691257,2.9361936676578506,0.26756546905202144,0,0,10,0.0,0.0,1.13291752,10,typeb,renault,mail
2026-01-01 10:00:00,10.973739167691257,2.871761549796241,0.2616939865174894,0,0,10,0.0,0.0,1.13291752,10,typeb,renault,mail
2026-01-01 11:00:00,10.973739167691257,1.9961853175080475,0.18190566469678732,0,0,10,0.0,0.0,1.13291752,10,typeb,renault,mail
2026-01-01 12:00:00,10.973739167691257,1.9451742992925252,0.17725720190429556,0,0,10,0.0,0.0,1.13291752,10,typeb,renault,mail
2026-01-01 13:00:00,0.0,0.0,0.0,1,1,10,45.0,80.0,1.13291752,10,typeb,renault,mail
2026-01-01 14:00:00,10.973739167691257,3.620391812615275,0.3299141484312281,0,0,10,0.0,0.0,1.13291752,10,typeb,renault,mail
2026-01-01 15:00:00,10.973739167691257,1.76857640807045,0.1611644291015655,0,0,10,0.0,0.0,1.13291752,10,typeb,renault,mail
2026-01-01 16:00:00,10.973739167691257,1.9371521318846514,0.1765261687272457,0,0,10,0.0,0.0,1.13291752,10,typeb,renault,mail
2026-01-01 17:00:00,10.973739167691257,1.9019040873406992,0.1733141327926092,0,0,10,0.0,0.0,1.13291752,10,typeb,renault,mail
2026-01-01 18:00:00,10.973739167691257,1.916462386806742,0.17464078173546954,0,0,10,0.0,0.0,1.13291752,10,typeb,renault,mail
2026-01-01 19:00:00,0.0,0.0,0.0,1,1,10,45.0,80.0,1.13291752,10,typeb,renault,mail
2026-01-01 20:00:00,0.0,0.0,0.0,1,1,10,45.0,80.0,1.13291752,10,typeb,renault,mail
2026-01-01 21:00:00,0.0,0.0,0.0,1,1,10,45.0,80.0,1.13291752,10,typeb,renault,mail
2026-01-01 22:00:00,0.0,0.0,0.0,1,1,10,45.0,80.0,1.13291752,10,typeb,renault,mail
2026-01-01 23:00:00,0.0,0.0,0.0,1,1,10,45.0,80.0,1.13291752,10,typeb,renault,mail
2026-01-02 00:00:00,0.0,0.0,0.0,1,1,10,45.0,80.0,1.13291752,10,typeb,renault,mail
2026-01-02 01:00:00,0.0,0.0,0.0,1,1,10,45.0,80.0,1.13291752,10,typeb,renault,mail
2026-01-02 02:00:00,0.0,0.0,0.0,1,1,10,45.0,80.0,1.13291752,10,typeb,renault,mail
2026-01-02 03:00:00,0.0,0.0,0.0,1,1,10,45.0,80.0,1.13291752,10,typeb,renault,mail
2026-01-02 04:00:00,0.0,0.0,0.0,1,1,10,45.0,80.0,1.13291752,10,typeb,renault,mail
2026-01-02 05:00:00,10.863735062584542,6.019668081018433,0.5541066720000001,0,0,10,0.0,0.0,1.23134816,10,typeb,renault,mail
2026-01-02 06:00:00,10.863735062584542,3.7755438112773594,0.34753644023229124,0,0,10,0.0,0.0,1.23134816,10,typeb,renault,mail
2026-01-02 07:00:00,10.863735062584542,1.3377040180040962,0.12313481600000001,0,0,10,0.0,0.0,1.23134816,10,typeb,renault,mail
2026-01-02 08:00:00,10.863735062584542,1.6453641837764248,0.15145474132954267,0,0,10,0.0,0.0,1.23134816,10,typeb,renault,mail
2026-01-02 09:00:00,10.863735062584542,1.3377040180040962,0.12313481600000001,0,0,10,0.0,0.0,1.23134816,10,typeb,renault,mail
2026-01-02 10:00:00,10.863735062584542,4.3306719526055755,0.3986356375277145,0,0,10,0.0,0.0,1.23134816,10,typeb,renault,mail
2026-01-02 11:00:00,10.863735062584542,6.019668081018433,0.5541066720000001,0,0,10,0.0,0.0,1.23134816,10,typeb,renault,mail
2026-01-02 12:00:00,0.0,0.0,0.0,1,1,10,45.0,80.0,1.23134816,10,typeb,renault,mail
2026-01-02 13:00:00,10.863735062584544,6.019668081018434,0.5541066720000001,0,0,10,0.0,0.0,1.23134816,10,typeb,renault,mail
2026-01-02 14:00:00,10.863735062584544,1.6749931266644853,0.15418206694245312,0,0,10,0.0,0.0,1.23134816,10,typeb,renault,mail
2026-01-02 15:00:00,10.863735062584544,1.7500607521732252,0.16109199479657374,0,0,10,0.0,0.0,1.23134816,10,typeb,renault,mail
2026-01-02 16:00:00,10.863735062584544,1.722423042258804,0.15854796093020973,0,0,10,0.0,0.0,1.23134816,10,typeb,renault,mail
2026-01-02 17:00:00,10.863735062584544,1.8627479686209354,0.17146478240585675,0,0,10,0.0,0.0,1.23134816,10,typeb,renault,mail
2026-01-02 18:00:00,10.863735062584544,1.3377040180040964,0.12313481600000001,0,0,10,0.0,0.0,1.23134816,10,typeb,renault,mail
2026-01-02 19:00:00,0.0,0.0,0.0,1,1,10,45.0,80.0,1.23134816,10,typeb,renault,mail
2026-01-02 20:00:00,0.0,0.0,0.0,1,1,10,45.0,80.0,1.23134816,10,typeb,renault,mail
2026-01-02 21:00:00,0.0,0.0,0.0,1,1,10,45.0,80.0,1.23134816,10,typeb,renault,mail
2026-01-02 22:00:00,0.0,0.0,0.0,1,1,10,45.0,80.0,1.23134816,10,typeb,renault,mail
2026-01-02 23:00:00,0.0,0.0,0.0,1,1,10,45.0,80.0,1.23134816,10,typeb,renault,mail
2026-01-03 00:00:00,0.0,0.0,0.0,1,1,10,45.0,80.0,1.23134816,10,typeb,renault,mail
2026-01-03 01:00:00,0.0,0.0,0.0,1,1,10,45.0,80.0,1.23134816,10,typeb,renault,mail
2026-01-03 02:00:00,0.0,0.0,0.0,1,1,10,45.0,80.0,1.23134816,10,typeb,renault,mail
2026-01-03 03:00:00,0.0,0.0,0.0,1,1,10,45.0,80.0,1.23134816,10,typeb,renault,mail
2026-01-03 04:00:00,0.0,0.0,0.0,1,1,10,45.0,80.0,1.23134816,10,typeb,renault,mail
2026-01-03 05:00:00,0.0,0.0,0.0,1,1,10,45.0,80.0,1.23134816,10,typeb,renault,mail
2026-01-03 06:00:00,0.0,0.0,0.0,1,1,10,45.0,80.0,1.23134816,10,typeb,renault,mail
2026-01-03 07:00:00,0.0,0.0,0.0,1,1,10,45.0,80.0,1.23134816,10,typeb,renault,mail
2026-01-03 08:00:00,0.0,0.0,0.0,1,1,10,45.0,80.0,1.23134816,10,typeb,renault,mail
2026-01-03 09:00:00,0.0,0.0,0.0,1,1,10,45.0,80.0,1.23134816,10,typeb,renault,mail
2026-01-03 10:00:00,8.55131651666368,1.7933269240211622,0.20971354767731523,0,0,10,0.0,0.0,1.20636853,10,typeb,renault,mail
2026-01-03 11:00:00,8.55131651666368,1.0316039135772286,0.120636853,0,0,10,0.0,0.0,1.20636853,10,typeb,renault,mail
2026-01-03 12:00:00,8.55131651666368,1.6528479565995904,0.193285788612635,0,0,10,0.0,0.0,1.20636853,10,typeb,renault,mail
2026-01-03 13:00:00,8.55131651666368,2.591394057392852,0.30304036253869027,0,0,10,0.0,0.0,1.20636853,10,typeb,renault,mail
2026-01-03 14:00:00,8.55131651666368,1.9633002751406547,0.22959041117409623,0,0,10,0.0,0.0,1.20636853,10,typeb,renault,mail
2026-01-03 15:00:00,8.55131651666368,4.642217611097529,0.5428658385,0,0,10,0.0,0.0,1.20636853,10,typeb,renault,mail
2026-01-03 16:00:00,8.551316516663679,2.366334073512376,0.27672160993002376,0,0,10,0.0,0.0,1.20636853,10,typeb,renault,mail
2026-01-03 17:00:00,8.551316516663679,1.0316039135772284,0.120636853,0,0,10,0.0,0.0,1.20636853,10,typeb,renault,mail
2026-01-03 18:00:00,8.551316516663679,1.0497807593653161,0.12276247257596437,0,0,10,0.0,0.0,1.20636853,10,typeb,renault,mail
2026-01-03 19:00:00,0.0,0.0,0.0,1,1,10,45.0,80.0,1.20636853,10,typeb,renault,mail
2026-01-03 20:00:00,0.0,0.0,0.0,1,1,10,45.0,80.0,1.20636853,10,typeb,renault,mail
2026-01-03 21:00:00,0.0,0.0,0.0,1,1,10,45.0,80.0,1.20636853,10,typeb,renault,mail
2026-01-03 22:00:00,0.0,0.0,0.0,1,1,10,45.0,80.0,1.20636853,10,typeb,renault,mail
2026-01-03 23:00:00,0.0,0.0,0.0,1,1,10,45.0,80.0,1.20636853,10,typeb,renault,mail
2026-01-04 00:00:00,0.0,0.0,0.0,1,1,10,45.0,80.0,1.20636853,10,typeb,renault,mail
2026-01-04 01:00:00,0.0,0.0,0.0,1,1,10,45.0,80.0,1.20636853,10,typeb,renault,mail
2026-01-04 02:00:00,0.0,0.0,0.0,1,1,10,45.0,80.0,1.20636853,10,typeb,renault,mail
2026-01-04 03:00:00,0.0,0.0,0.0,1,1,10,45.0,80.0,1.20636853,10,typeb,renault,mail
2026-01-04 04:00:00,0.0,0.0,0.0,1,1,10,45.0,80.0,1.20636853,10,typeb,renault,mail
2026-01-04 05:00:00,0.0,0.0,0.0,1,1,10,45.0,80.0,1.20636853,10,typeb,renault,mail
2026-01-04 06:00:00,0.0,0.0,0.0,1,1,10,45.0,80.0,1.20636853,10,typeb,renault,mail
2026-01-04 07:00:00,0.0,0.0,0.0,1,1,10,45.0,80.0,1.20636853,10,typeb,renault,mail
2026-01-04 08:00:00,0.0,0.0,0.0,1,1,10,45.0,80.0,1.20636853,10,typeb,renault,mail
2026-01-04 09:00:00,3.4755684211875324,2.0378574250873975,0.5863378815000001,0,0,10,0.0,0.0,1.3029730700000002,10,typeb,renault,mail
2026-01-04 10:00:00,3.4755684211875324,0.45285720557497733,0.13029730700000003,0,0,10,0.0,0.0,1.3029730700000002,10,typeb,renault,mail
2026-01-04 11:00:00,3.4755684211875324,1.1931910834142028,0.34330818410604425,0,0,10,0.0,0.0,1.3029730700000002,10,typeb,renault,mail
2026-01-04 12:00:00,3.4755684211875324,0.45285720557497733,0.13029730700000003,0,0,10,0.0,0.0,1.3029730700000002,10,typeb,renault,mail
2026-01-04 13:00:00,3.4755684211875324,1.9386037978925903,0.5577803579047965,0,0,10,0.0,0.0,1.3029730700000002,10,typeb,renault,mail
2026-01-04 14:00:00,3.4755684211875324,1.5766433885783675,0.4536361243723292,0,0,10,0.0,0.0,1.3029730700000002,10,typeb,renault,mail
2026-01-04 15:00:00,3.4755684211875324,0.5518680105296361,0.1587849651197699,0,0,10,0.0,0.0,1.3029730700000002,10,typeb,renault,mail
2026-01-04 16:00:00,3.4755684211875333,0.7352443138474545,0.21154649391026403,0,0,10,0.0,0.0,1.3029730700000002,10,typeb,renault,mail
2026-01-04 17:00:00,3.4755684211875333,1.3095759271199556,0.3767947479142129,0,0,10,0.0,0.0,1.3029730700000002,10,typeb,renault,mail
2026-01-04 18:00:00,3.4755684211875333,0.77559937906841,0.22315756304501205,0,0,10,0.0,0.0,1.3029730700000002,10,typeb,renault,mail
2026-01-04 19:00:00,0.0,0.0,0.0,1,1,10,45.0,80.0,1.3029730700000002,10,typeb,renault,mail
2026-01-04 20:00:00,0.0,0.0,0.0,1,1,10,45.0,80.0,1.3029730700000002,10,typeb,renault,mail
2026-01-04 21:00:00,0.0,0.0,0.0,1,1,10,45.0,80.0,1.3029730700000002,10,typeb,renault,mail
2026-01-04 22:00:00,0.0,0.0,0.0,1,1,10,45.0,80.0,1.3029730700000002,10,typeb,renault,mail
2026-01-04 23:00:00,0.0,0.0,0.0,1,1,10,45.0,80.0,1.3029730700000002,10,typeb,renault,mail
2026-01-05 00:00:00,0.0,0.0,0.0,1,1,10,45.0,80.0,1.3029730700000002,10,typeb,renault,mail
2026-01-05 01:00:00,0.0,0.0,0.0,1,1,10,45.0,80.0,1.3029730700000002,10,typeb,renault,mail
2026-01-05 02:00:00,0.0,0.0,0.0,1,1,10,45.0,80.0,1.3029730700000002,10,typeb,renault,mail
2026-01-05 03:00:00,0.0,0.0,0.0,1,1,10,45.0,80.0,1.3029730700000002,10,typeb,renault,mail
2026-01-05 04:00:00,0.0,0.0,0.0,1,1,10,45.0,80.0,1.3029730700000002,10,typeb,renault,mail
2026-01-05 05:00:00,7.420595128200018,2.092054000158091,0.2819253663641869,0,0,10,0.0,0.0,1.21493373,10,typeb,renault,mail
2026-01-05 06:00:00,7.420595128200018,2.3352466067136035,0.31469802170436617,0,0,10,0.0,0.0,1.21493373,10,typeb,renault,mail
2026-01-05 07:00:00,7.420595128200018,1.3347511785449764,0.17987117683763748,0,0,10,0.0,0.0,1.21493373,10,typeb,renault,mail
2026-01-05 08:00:00,7.420595128200018,3.597141011879326,0.4847510138653622,0,0,10,0.0,0.0,1.21493373,10,typeb,renault,mail
2026-01-05 09:00:00,7.420595128200018,4.056989093065744,0.5467201785,0,0,10,0.0,0.0,1.21493373,10,typeb,renault,mail
2026-01-05 10:00:00,7.420595128200018,4.056989093065744,0.5467201785,0,0,10,0.0,0.0,1.21493373,10,typeb,renault,mail
2026-01-05 11:00:00,7.420595128200018,1.4547013550790295,0.19603567233453015,0,0,10,0.0,0.0,1.21493373,10,typeb,renault,mail
2026-01-05 12:00:00,0.0,0.0,0.0,1,1,10,45.0,80.0,1.21493373,10,typeb,renault,mail
2026-01-05 13:00:00,7.420595128200016,1.268047938158442,0.17088224276507957,0,0,10,0.0,0.0,1.21493373,10,typeb,renault,mail
2026-01-05 14:00:00,7.420595128200016,1.3362613137896218,0.18007468278541605,0,0,10,0.0,0.0,1.21493373,10,typeb,renault,mail
2026-01-05 15:00:00,7.420595128200016,1.0928671701767347,0.1472748682950753,0,0,10,0.0,0.0,1.21493373,10,typeb,renault,mail
2026-01-05 16:00:00,7.420595128200016,2.754457582367044,0.3711909267087559,0,0,10,0.0,0.0,1.21493373,10,typeb,renault,mail
2026-01-05 17:00:00,7.420595128200016,3.063429897053879,0.4128280608400425,0,0,10,0.0,0.0,1.21493373,10,typeb,renault,mail
2026-01-05 18:00:00,7.420595128200016,2.666702453025035,0.3593650383768999,0,0,10,0.0,0.0,1.21493373,10,typeb,renault,mail
2026-01-05 19:00:00,0.0,0.0,0.0,1,1,10,45.0,80.0,1.21493373,10,typeb,renault,mail
2026-01-05 20:00:00,0.0,0.0,0.0,1,1,10,45.0,80.0,1.21493373,10,typeb,renault,mail
2026-01-05 21:00:00,0.0,0.0,0.0,1,1,10,45.0,80.0,1.21493373,10,typeb,renault,mail
2026-01-05 22:00:00,0.0,0.0,0.0,1,1,10,45.0,80.0,1.21493373,10,typeb,renault,mail
2026-01-05 23:00:00,0.0,0.0,0.0,1,1,10,45.0,80.0,1.21493373,10,typeb,renault,mail
2026-01-06 00:00:00,0.0,0.0,0.0,1,1,10,45.0,80.0,1.21493373,10,typeb,renault,mail
2026-01-06 01:00:00,0.0,0.0,0.0,1,1,10,45.0,80.0,1.21493373,10,typeb,renault,mail
2026-01-06 02:00:00,0.0,0.0,0.0,1,1,10,45.0,80.0,1.21493373,10,typeb,renault,mail
2026-01-06 03:00:00,0.0,0.0,0.0,1,1,10,45.0,80.0,1.21493373,10,typeb,renault,mail
2026-01-06 04:00:00,0.0,0.0,0.0,1,1,10,45.0,80.0,1.21493373,10,typeb,renault,mail
2026-01-06 05:00:00,0.0,0.0,0.0,1,1,10,45.0,80.0,1.21493373,10,typeb,renault,mail
2026-01-06 06:00:00,8.499451599007795,1.1181598381729951,0.131556704,0,0,10,0.0,0.0,1.31556704,10,typeb,renault,mail
2026-01-06 07:00:00,8.499451599007795,1.4389025418720636,0.16929357442779458,0,0,10,0.0,0.0,1.31556704,10,typeb,renault,mail
2026-01-06 08:00:00,8.499451599007795,2.33001530465801,0.2741371343217026,0,0,10,0.0,0.0,1.31556704,10,typeb,renault,mail
2026-01-06 09:00:00,8.499451599007795,1.1181598381729951,0.131556704,0,0,10,0.0,0.0,1.31556704,10,typeb,renault,mail
2026-01-06 10:00:00,8.499451599007795,2.677444788176765,0.31501382847916015,0,0,10,0.0,0.0,1.31556704,10,typeb,renault,mail
2026-01-06 11:00:00,8.499451599007795,1.1181598381729951,0.131556704,0,0,10,0.0,0.0,1.31556704,10,typeb,renault,mail
2026-01-06 12:00:00,0.0,0.0,0.0,1,1,10,45.0,80.0,1.31556704,10,typeb,renault,mail
2026-01-06 13:00:00,0.0,0.0,0.0,1,1,10,45.0,80.0,1.31556704,10,typeb,renault,mail
2026-01-06 14:00:00,8.499451599007795,5.031719271778478,0.592005168,0,0,10,0.0,0.0,1.31556704,10,typeb,renault,mail
2026-01-06 15:00:00,8.499451599007795,3.675340180226205,0.4324208612065342,0,0,10,0.0,0.0,1.31556704,10,typeb,renault,mail
2026-01-06 16:00:00,8.499451599007795,1.1181598381729951,0.131556704,0,0,10,0.0,0.0,1.31556704,10,typeb,renault,mail
2026-01-06 17:00:00,8.499451599007795,1.1181598381729951,0.131556704,0,0,10,0.0,0.0,1.31556704,10,typeb,renault,mail
2026-01-06 18:00:00,8.499451599007795,2.2864843028224,0.2690155095523243,0,0,10,0.0,0.0,1.31556704,10,typeb,renault,mail
2026-01-06 19:00:00,8.499451599007795,2.6767292372508784,0.3149296405856765,0,0,10,0.0,0.0,1.31556704,10,typeb,renault,mail
2026-01-06 20:00:00,0.0,0.0,0.0,1,1,10,45.0,80.0,1.31556704,10,typeb,renault,mail
2026-01-06 21:00:00,0.0,0.0,0.0,1,1,10,45.0,80.0,1.31556704,10,typeb,renault,mail
2026-01-06 22:00:00,0.0,0.0,0.0,1,1,10,45.0,80.0,1.31556704,10,typeb,renault,mail
2026-01-06 23:00:00,0.0,0.0,0.0,1,1,10,45.0,80.0,1.31556704,10,typeb,renault,mail
2026-01-07 00:00:00,0.0,0.0,0.0,1,1,10,45.0,80.0,1.31556704,10,typeb,renault,mail
2026-01-07 01:00:00,0.0,0.0,0.0,1,1,10,45.0,80.0,1.31556704,10,typeb,renault,mail
2026-01-07 02:00:00,0.0,0.0,0.0,1,1,10,45.0,80.0,1.31556704,10,typeb,renault,mail
2026-01-07 03:00:00,0.0,0.0,0.0,1,1,10,45.0,80.0,1.31556704,10,typeb,renault,mail
2026-01-07 04:00:00,0.0,0.0,0.0,1,1,10,45.0,80.0,1.31556704,10,typeb,renault,mail
2026-01-07 05:00:00,0.0,0.0,0.0,1,1,10,45.0,80.0,1.31556704,10,typeb,renault,mail
2026-01-07 06:00:00,0.0,0.0,0.0,1,1,10,45.0,80.0,1.31556704,10,typeb,renault,mail
2026-01-07 07:00:00,8.695753730164247,1.1979554468176243,0.13776326745111225,0,0,10,0.0,0.0,1.25926432,10,typeb,renault,mail
2026-01-07 08:00:00,8.695753730164247,1.5143201382492442,0.1741447820671712,0,0,10,0.0,0.0,1.25926432,10,typeb,renault,mail
2026-01-07 09:00:00,8.695753730164247,1.8413700290147386,0.21175508025570064,0,0,10,0.0,0.0,1.25926432,10,typeb,renault,mail
2026-01-07 10:00:00,8.695753730164247,1.0950252407902745,0.125926432,0,0,10,0.0,0.0,1.25926432,10,typeb,renault,mail
2026-01-07 11:00:00,8.695753730164247,4.198978434416399,0.48287688045382215,0,0,10,0.0,0.0,1.25926432,10,typeb,renault,mail
2026-01-07 12:00:00,0.0,0.0,0.0,1,1,10,45.0,80.0,1.25926432,10,typeb,renault,mail
2026-01-07 13:00:00,8.695753730164245,1.378678970697489,0.15854622997372403,0,0,10,0.0,0.0,1.25926432,10,typeb,renault,mail
2026-01-07 14:00:00,8.695753730164245,1.0950252407902743,0.125926432,0,0,10,0.0,0.0,1.25926432,10,typeb,renault,mail
2026-01-07 15:00:00,8.695753730164245,2.1547532125917517,0.24779372547284093,0,0,10,0.0,0.0,1.25926432,10,typeb,renault,mail
2026-01-07 16:00:00,8.695753730164245,1.0950252407902743,0.125926432,0,0,10,0.0,0.0,1.25926432,10,typeb,renault,mail
2026-01-07 17:00:00,8.695753730164245,4.9276135835562345,0.566668944,0,0,10,0.0,0.0,1.25926432,10,typeb,renault,mail
2026-01-07 18:00:00,8.695753730164245,1.3283254246549356,0.1527556398069528,0,0,10,0.0,0.0,1.25926432,10,typeb,renault,mail
2026-01-07 19:00:00,8.695753730164245,1.8247093425266043,0.20983912368596244,0,0,10,0.0,0.0,1.25926432,10,typeb,renault,mail
2026-01-07 20:00:00,0.0,0.0,0.0,1,1,10,45.0,80.0,1.25926432,10,typeb,renault,mail
2026-01-07 21:00:00,0.0,0.0,0.0,1,1,10,45.0,80.0,1.25926432,10,typeb,renault,mail
2026-01-07 22:00:00,0.0,0.0,0.0,1,1,10,45.0,80.0,1.25926432,10,typeb,renault,mail
2026-01-07 23:00:00,0.0,0.0,0.0,1,1,10,45.0,80.0,1.25926432,10,typeb,renault,mail
2026-01-08 00:00:00,0.0,0.0,0.0,1,1,10,45.0,80.0,1.25926432,10,typeb,renault,mail
2026-01-08 01:00:00,0.0,0.0,0.0,1,1,10,45.0,80.0,1.25926432,10,typeb,renault,mail
2026-01-08 02:00:00,0.0,0.0,0.0,1,1,10,45.0,80.0,1.25926432,10,typeb,renault,mail
2026-01-08 03:00:00,0.0,0.0,0.0,1,1,10,45.0,80.0,1.25926432,10,typeb,renault,mail
2026-01-08 04:00:00,0.0,0.0,0.0,1,1,10,45.0,80.0,1.25926432,10,typeb,renault,mail
2026-01-08 05:00:00,0.0,0.0,0.0,1,1,10,45.0,80.0,1.25926432,10,typeb,renault,mail
2026-01-08 06:00:00,0.0,0.0,0.0,1,1,10,45.0,80.0,1.25926432,10,typeb,renault,mail
2026-01-08 07:00:00,8.108521339138692,1.2557039924196658,0.15486226648483484,0,0,10,0.0,0.0,1.16541536,10,typeb,renault,mail
2026-01-08 08:00:00,8.108521339138692,2.3593025704777664,0.29096582123916287,0,0,10,0.0,0.0,1.16541536,10,typeb,renault,mail
2026-01-08 09:00:00,8.108521339138692,1.0174904775474087,0.12548409691371534,0,0,10,0.0,0.0,1.16541536,10,typeb,renault,mail
2026-01-08 10:00:00,8.108521339138692,1.0209792430654658,0.125914356066049,0,0,10,0.0,0.0,1.16541536,10,typeb,renault,mail
2026-01-08 11:00:00,8.108521339138692,0.944979531552,0.116541536,0,0,10,0.0,0.0,1.16541536,10,typeb,renault,mail
2026-01-08 12:00:00,0.0,0.0,0.0,1,1,10,45.0,80.0,1.16541536,10,typeb,renault,mail
2026-01-08 13:00:00,8.108521339138692,0.9826061903953872,0.12118192075939731,0,0,10,0.0,0.0,1.16541536,10,typeb,renault,mail
2026-01-08 14:00:00,8.108521339138692,1.5208866506656862,0.18756646089399556,0,0,10,0.0,0.0,1.16541536,10,typeb,renault,mail
2026-01-08 15:00:00,8.108521339138692,2.9088636086729034,0.3587415617484076,0,0,10,0.0,0.0,1.16541536,10,typeb,renault,mail
2026-01-08 16:00:00,8.108521339138692,1.0905743413217186,0.134497314085821,0,0,10,0.0,0.0,1.16541536,10,typeb,renault,mail
2026-01-08 17:00:00,8.108521339138692,0.944979531552,0.116541536,0,0,10,0.0,0.0,1.16541536,10,typeb,renault,mail
2026-01-08 18:00:00,8.108521339138692,2.3994710335193643,0.2959196792067938,0,0,10,0.0,0.0,1.16541536,10,typeb,renault,mail
2026-01-08 19:00:00,8.108521339138692,1.0059914953669804,0.12406596138696717,0,0,10,0.0,0.0,1.16541536,10,typeb,renault,mail
2026-01-08 20:00:00,0.0,0.0,0.0,1,1,10,45.0,80.0,1.16541536,10,typeb,renault,mail
2026-01-08 21:00:00,0.0,0.0,0.0,1,1,10,45.0,80.0,1.16541536,10,typeb,renault,mail
2026-01-08 22:00:00,0.0,0.0,0.0,1,1,10,45.0,80.0,1.16541536,10,typeb,renault,mail
2026-01-08 23:00:00,0.0,0.0,0.0,1,1,10,45.0,80.0,1.16541536,10,typeb,renault,mail
2026-01-09 00:00:00,0.0,0.0,0.0,1,1,10,45.0,80.0,1.16541536,10,typeb,renault,mail
2026-01-09 01:00:00,0.0,0.0,0.0,1,1,10,45.0,80.0,1.16541536,10,typeb,renault,mail
2026-01-09 02:00:00,0.0,0.0,0.0,1,1,10,45.0,80.0,1.16541536,10,typeb,renault,mail
2026-01-09 03:00:00,0.0,0.0,0.0,1,1,10,45.0,80.0,1.16541536,10,typeb,renault,mail
2026-01-09 04:00:00,0.0,0.0,0.0,1,1,10,45.0,80.0,1.16541536,10,typeb,renault,mail
2026-01-09 05:00:00,0.0,0.0,0.0,1,1,10,45.0,80.0,1.16541536,10,typeb,renault,mail
2026-01-09 06:00:00,0.0,0.0,0.0,1,1,10,45.0,80.0,1.16541536,10,typeb,renault,mail
2026-01-09 07:00:00,12.462641357204406,1.7841421809947866,0.1431592332522198,0,0,10,0.0,0.0,1.13480256,10,typeb,renault,mail
2026-01-09 08:00:00,12.462641357204406,1.4142637316517437,0.113480256,0,0,10,0.0,0.0,1.13480256,10,typeb,renault,mail
2026-01-09 09:00:00,12.462641357204406,2.164461820207736,0.17367600961705468,0,0,10,0.0,0.0,1.13480256,10,typeb,renault,mail
2026-01-09 10:00:00,12.462641357204406,1.4142637316517437,0.113480256,0,0,10,0.0,0.0,1.13480256,10,typeb,renault,mail
2026-01-09 11:00:00,12.462641357204406,4.945243853688694,0.3968054373024179,0,0,10,0.0,0.0,1.13480256,10,typeb,renault,mail
2026-01-09 12:00:00,0.0,0.0,0.0,1,1,10,45.0,80.0,1.13480256,10,typeb,renault,mail
2026-01-09 13:00:00,12.462641357204404,1.7540796941798655,0.1407470249607935,0,0,10,0.0,0.0,1.13480256,10,typeb,renault,mail
2026-01-09 14:00:00,12.462641357204404,2.0300932426891842,0.16289430021314283,0,0,10,0.0,0.0,1.13480256,10,typeb,renault,mail
2026-01-09 15:00:00,12.462641357204404,6.119070914720471,0.4909931000448118,0,0,10,0.0,0.0,1.13480256,10,typeb,renault,mail
2026-01-09 16:00:00,12.462641357204404,5.006537660647336,0.4017236408518774,0,0,10,0.0,0.0,1.13480256,10,typeb,renault,mail
2026-01-09 17:00:00,12.462641357204404,1.814654614519282,0.14560754518304952,0,0,10,0.0,0.0,1.13480256,10,typeb,renault,mail
2026-01-09 18:00:00,12.462641357204404,2.8941304378372115,0.2322244823457246,0,0,10,0.0,0.0,1.13480256,10,typeb,renault,mail
2026-01-09 19:00:00,12.462641357204404,1.945222548454575,0.156084291660217,0,0,10,0.0,0.0,1.13480256,10,typeb,renault,mail
2026-01-09 20:00:00,12.462641357204404,1.6571633591835917,0.13297047645727353,0,0,10,0.0,0.0,1.13480256,10,typeb,renault,mail
2026-01-09 21:00:00,0.0,0.0,0.0,1,1,10,45.0,80.0,1.13480256,10,typeb,renault,mail
2026-01-09 22:00:00,0.0,0.0,0.0,1,1,10,45.0,80.0,1.13480256,10,typeb,renault,mail
2026-01-09 23:00:00,0.0,0.0,0.0,1,1,10,45.0,80.0,1.13480256,10,typeb,renault,mail
2026-01-10 00:00:00,0.0,0.0,0.0,1,1,10,45.0,80.0,1.13480256,10,typeb,renault,mail
2026-01-10 01:00:00,0.0,0.0,0.0,1,1,10,45.0,80.0,1.13480256,10,typeb,renault,mail
2026-01-10 02:00:00,0.0,0.0,0.0,1,1,10,45.0,80.0,1.13480256,10,typeb,renault,mail
2026-01-10 03:00:00,0.0,0.0,0.0,1,1,10,45.0,80.0,1.13480256,10,typeb,renault,mail
2026-01-10 04:00:00,0.0,0.0,0.0,1,1,10,45.0,80.0,1.13480256,10,typeb,renault,mail
2026-01-10 05:00:00,0.0,0.0,0.0,1,1,10,45.0,80.0,1.13480256,10,typeb,renault,mail
2026-01-10 06:00:00,0.0,0.0,0.0,1,1,10,45.0,80.0,1.13480256,10,typeb,renault,mail
2026-01-10 07:00:00,0.0,0.0,0.0,1,1,10,45.0,80.0,1.13480256,10,typeb,renault,mail
2026-01-10 08:00:00,0.0,0.0,0.0,1,1,10,45.0,80.0,1.13480256,10,typeb,renault,mail
2026-01-10 09:00:00,0.0,0.0,0.0,1,1,10,45.0,80.0,1.13480256,10,typeb,renault,mail
2026-01-10 10:00:00,6.164952108529127,1.116321011767553,0.1810753744904422,0,0,10,0.0,0.0,1.18959,10,typeb,renault,mail
2026-01-10 11:00:00,6.164952108529127,1.160668558600176,0.18826886862501446,0,0,10,0.0,0.0,1.18959,10,typeb,renault,mail
2026-01-10 12:00:00,6.164952108529127,1.856263385537022,0.30109940075104674,0,0,10,0.0,0.0,1.18959,10,typeb,renault,mail
2026-01-10 13:00:00,6.164952108529127,2.161967343987218,0.35068680274031094,0,0,10,0.0,0.0,1.18959,10,typeb,renault,mail
2026-01-10 14:00:00,6.164952108529127,2.251724358194428,0.3652460422327042,0,0,10,0.0,0.0,1.18959,10,typeb,renault,mail
2026-01-10 15:00:00,6.164952108529127,0.9457631281381733,0.15340964722657344,0,0,10,0.0,0.0,1.18959,10,typeb,renault,mail
2026-01-10 16:00:00,6.164952108529125,0.8144751434915313,0.13211378274369986,0,0,10,0.0,0.0,1.18959,10,typeb,renault,mail
2026-01-10 17:00:00,6.164952108529125,2.5938966396044174,0.42074887102785397,0,0,10,0.0,0.0,1.18959,10,typeb,renault,mail
2026-01-10 18:00:00,6.164952108529125,1.4577385128990217,0.2364557724434324,0,0,10,0.0,0.0,1.18959,10,typeb,renault,mail
2026-01-10 19:00:00,0.0,0.0,0.0,1,1,10,45.0,80.0,1.18959,10,typeb,renault,mail
2026-01-10 20:00:00,0.0,0.0,0.0,1,1,10,45.0,80.0,1.18959,10,typeb,renault,mail
2026-01-10 21:00:00,0.0,0.0,0.0,1,1,10,45.0,80.0,1.18959,10,typeb,renault,mail
2026-01-10 22:00:00,0.0,0.0,0.0,1,1,10,45.0,80.0,1.18959,10,typeb,renault,mail
2026-01-10 23:00:00,0.0,0.0,0.0,1,1,10,45.0,80.0,1.18959,10,typeb,renault,mail
2026-01-11 00:00:00,0.0,0.0,0.0,1,1,10,45.0,80.0,1.18959,10,typeb,renault,mail
2026-01-11 01:00:00,0.0,0.0,0.0,1,1,10,45.0,80.0,1.18959,10,typeb,renault,mail
2026-01-11 02:00:00,0.0,0.0,0.0,1,1,10,45.0,80.0,1.18959,10,typeb,renault,mail
2026-01-11 03:00:00,0.0,0.0,0.0,1,1,10,45.0,80.0,1.18959,10,typeb,renault,mail
2026-01-11 04:00:00,0.0,0.0,0.0,1,1,10,45.0,80.0,1.18959,10,typeb,renault,mail
2026-01-11 05:00:00,0.0,0.0,0.0,1,1,10,45.0,80.0,1.18959,10,typeb,renault,mail
2026-01-11 06:00:00,0.0,0.0,0.0,1,1,10,45.0,80.0,1.18959,10,typeb,renault,mail
2026-01-11 07:00:00,0.0,0.0,0.0,1,1,10,45.0,80.0,1.18959,10,typeb,renault,mail
2026-01-11 08:00:00,6.290917048731432,2.2625390162868873,0.35965170081890213,0,0,10,0.0,0.0,1.12204732,10,typeb,renault,mail
2026-01-11 09:00:00,6.290917048731432,0.7058706614871414,0.11220473200000002,0,0,10,0.0,0.0,1.12204732,10,typeb,renault,mail
2026-01-11 10:00:00,6.290917048731432,0.7058706614871414,0.11220473200000002,0,0,10,0.0,0.0,1.12204732,10,typeb,renault,mail
2026-01-11 11:00:00,6.290917048731432,3.176417976692136,0.5049212940000001,0,0,10,0.0,0.0,1.12204732,10,typeb,renault,mail
2026-01-11 12:00:00,6.290917048731432,1.8577902713507886,0.29531310887741136,0,0,10,0.0,0.0,1.12204732,10,typeb,renault,mail
2026-01-11 13:00:00,6.290917048731432,1.5345576489158184,0.243932265682197,0,0,10,0.0,0.0,1.12204732,10,typeb,renault,mail
2026-01-11 14:00:00,6.290917048731432,2.1571464968801446,0.34289857586266137,0,0,10,0.0,0.0,1.12204732,10,typeb,renault,mail
2026-01-11 15:00:00,6.290917048731432,0.7058706614871414,0.11220473200000002,0,0,10,0.0,0.0,1.12204732,10,typeb,renault,mail
2026-01-11 16:00:00,6.290917048731431,0.7206897787534848,0.11456036904807267,0,0,10,0.0,0.0,1.12204732,10,typeb,renault,mail
2026-01-11 17:00:00,6.290917048731431,0.929060990917834,0.14768291867799785,0,0,10,0.0,0.0,1.12204732,10,typeb,renault,mail
2026-01-11 18:00:00,6.290917048731431,0.7058706614871413,0.11220473200000002,0,0,10,0.0,0.0,1.12204732,10,typeb,renault,mail
2026-01-11 19:00:00,0.0,0.0,0.0,1,1,10,45.0,80.0,1.12204732,10,typeb,renault,mail
2026-01-11 20:00:00,0.0,0.0,0.0,1,1,10,45.0,80.0,1.12204732,10,typeb,renault,mail
2026-01-11 21:00:00,0.0,0.0,0.0,1,1,10,45.0,80.0,1.12204732,10,typeb,renault,mail
2026-01-11 22:00:00,0.0,0.0,0.0,1,1,10,45.0,80.0,1.12204732,10,typeb,renault,mail
2026-01-11 23:00:00,0.0,0.0,0.0,1,1,10,45.0,80.0,1.12204732,10,typeb,renault,mail
2026-01-12 00:00:00,0.0,0.0,0.0,1,1,10,45.0,80.0,1.12204732,10,typeb,renault,mail
2026-01-12 01:00:00,0.0,0.0,0.0,1,1,10,45.0,80.0,1.12204732,10,typeb,renault,mail
2026-01-12 02:00:00,0.0,0.0,0.0,1,1,10,45.0,80.0,1.12204732,10,typeb,renault,mail
2026-01-12 03:00:00,0.0,0.0,0.0,1,1,10,45.0,80.0,1.12204732,10,typeb,renault,mail
2026-01-12 04:00:00,0.0,0.0,0.0,1,1,10,45.0,80.0,1.12204732,10,typeb,renault,mail
2026-01-12 05:00:00,0.0,0.0,0.0,1,1,10,45.0,80.0,1.12204732,10,typeb,renault,mail
2026-01-12 06:00:00,0.0,0.0,0.0,1,1,10,45.0,80.0,1.12204732,10,typeb,renault,mail
2026-01-12 07:00:00,11.99802557844617,1.3435086092598167,0.11197747500000002,0,0,10,0.0,0.0,1.1197747500000002,10,typeb,renault,mail
2026-01-12 08:00:00,11.99802557844617,1.412617843537336,0.11773752558712915,0,0,10,0.0,0.0,1.1197747500000002,10,typeb,renault,mail
2026-01-12 09:00:00,11.99802557844617,2.905971467153288,0.24220414001898072,0,0,10,0.0,0.0,1.1197747500000002,10,typeb,renault,mail
2026-01-12 10:00:00,11.99802557844617,1.3435086092598167,0.11197747500000002,0,0,10,0.0,0.0,1.1197747500000002,10,typeb,renault,mail
2026-01-12 11:00:00,11.99802557844617,1.3435086092598167,0.11197747500000002,0,0,10,0.0,0.0,1.1197747500000002,10,typeb,renault,mail
2026-01-12 12:00:00,0.0,0.0,0.0,1,1,10,45.0,80.0,1.1197747500000002,10,typeb,renault,mail
2026-01-12 13:00:00,11.998025578446173,2.40096945858574,0.2001137139513152,0,0,10,0.0,0.0,1.1197747500000002,10,typeb,renault,mail
2026-01-12 14:00:00,11.998025578446173,1.3435086092598172,0.11197747500000002,0,0,10,0.0,0.0,1.1197747500000002,10,typeb,renault,mail
2026-01-12 15:00:00,11.998025578446173,3.9180472677771103,0.32655766918981055,0,0,10,0.0,0.0,1.1197747500000002,10,typeb,renault,mail
2026-01-12 16:00:00,11.998025578446173,2.7505792352802483,0.2292526563888579,0,0,10,0.0,0.0,1.1197747500000002,10,typeb,renault,mail
2026-01-12 17:00:00,11.998025578446173,6.045788741669177,0.5038986375000001,0,0,10,0.0,0.0,1.1197747500000002,10,typeb,renault,mail
2026-01-12 18:00:00,11.998025578446173,1.761301013591706,0.14679923809762427,0,0,10,0.0,0.0,1.1197747500000002,10,typeb,renault,mail
2026-01-12 19:00:00,11.998025578446173,4.107055462357444,0.34231094403862206,0,0,10,0.0,0.0,1.1197747500000002,10,typeb,renault,mail
2026-01-12 20:00:00,0.0,0.0,0.0,1,1,10,45.0,80.0,1.1197747500000002,10,typeb,renault,mail
2026-01-12 21:00:00,0.0,0.0,0.0,1,1,10,45.0,80.0,1.1197747500000002,10,typeb,renault,mail
2026-01-12 22:00:00,0.0,0.0,0.0,1,1,10,45.0,80.0,1.1197747500000002,10,typeb,renault,mail
2026-01-12 23:00:00,0.0,0.0,0.0,1,1,10,45.0,80.0,1.1197747500000002,10,typeb,renault,mail
2026-01-13 00:00:00,0.0,0.0,0.0,1,1,10,45.0,80.0,1.1197747500000002,10,typeb,renault,mail
2026-01-13 01:00:00,0.0,0.0,0.0,1,1,10,45.0,80.0,1.1197747500000002,10,typeb,renault,mail
2026-01-13 02:00:00,0.0,0.0,0.0,1,1,10,45.0,80.0,1.1197747500000002,10,typeb,renault,mail
2026-01-13 03:00:00,0.0,0.0,0.0,1,1,10,45.0,80.0,1.1197747500000002,10,typeb,renault,mail
2026-01-13 04:00:00,0.0,0.0,0.0,1,1,10,45.0,80.0,1.1197747500000002,10,typeb,renault,mail
2026-01-13 05:00:00,0.0,0.0,0.0,1,1,10,45.0,80.0,1.1197747500000002,10,typeb,renault,mail
2026-01-13 06:00:00,0.0,0.0,0.0,1,1,10,45.0,80.0,1.1197747500000002,10,typeb,renault,mail
2026-01-13 07:00:00,8.964277838986611,1.4849368562515681,0.16565047212095743,0,0,10,0.0,0.0,1.12415904,10,typeb,renault,mail
2026-01-13 08:00:00,8.964277838986611,1.0077273969768465,0.11241590400000001,0,0,10,0.0,0.0,1.12415904,10,typeb,renault,mail
2026-01-13 09:00:00,8.964277838986611,1.1130303451196728,0.12416285674223347,0,0,10,0.0,0.0,1.12415904,10,typeb,renault,mail
2026-01-13 10:00:00,8.964277838986611,1.0077273969768465,0.11241590400000001,0,0,10,0.0,0.0,1.12415904,10,typeb,renault,mail
2026-01-13 11:00:00,8.964277838986611,1.0077273969768465,0.11241590400000001,0,0,10,0.0,0.0,1.12415904,10,typeb,renault,mail
2026-01-13 12:00:00,8.964277838986611,1.702453303174923,0.18991527636178007,0,0,10,0.0,0.0,1.12415904,10,typeb,renault,mail
2026-01-13 13:00:00,8.964277838986613,1.421209225192995,0.15854140743072495,0,0,10,0.0,0.0,1.12415904,10,typeb,renault,mail
2026-01-13 14:00:00,8.964277838986613,4.3159056104443225,0.4814560289144523,0,0,10,0.0,0.0,1.12415904,10,typeb,renault,mail
2026-01-13 15:00:00,8.964277838986613,4.53477328639581,0.5058715680000001,0,0,10,0.0,0.0,1.12415904,10,typeb,renault,mail
2026-01-13 16:00:00,8.964277838986613,1.3243971679199582,0.1477416465339809,0,0,10,0.0,0.0,1.12415904,10,typeb,renault,mail
2026-01-13 17:00:00,8.964277838986613,1.356718693141543,0.15134723817249693,0,0,10,0.0,0.0,1.12415904,10,typeb,renault,mail
2026-01-13 18:00:00,0.0,0.0,0.0,1,1,10,45.0,80.0,1.12415904,10,typeb,renault,mail
2026-01-13 19:00:00,0.0,0.0,0.0,1,1,10,45.0,80.0,1.12415904,10,typeb,renault,mail
2026-01-13 20:00:00,0.0,0.0,0.0,1,1,10,45.0,80.0,1.12415904,10,typeb,renault,mail
2026-01-13 21:00:00,0.0,0.0,0.0,1,1,10,45.0,80.0,1.12415904,10,typeb,renault,mail
2026-01-13 22:00:00,0.0,0.0,0.0,1,1,10,45.0,80.0,1.12415904,10,typeb,renault,mail
2026-01-13 23:00:00,0.0,0.0,0.0,1,1,10,45.0,80.0,1.12415904,10,typeb,renault,mail
2026-01-14 00:00:00,0.0,0.0,0.0,1,1,10,45.0,80.0,1.12415904,10,typeb,renault,mail
2026-01-14 01:00:00,0.0,0.0,0.0,1,1,10,45.0,80.0,1.12415904,10,typeb,renault,mail
2026-01-14 02:00:00,0.0,0.0,0.0,1,1,10,45.0,80.0,1.12415904,10,typeb,renault,mail
2026-01-14 03:00:00,0.0,0.0,0.0,1,1,10,45.0,80.0,1.12415904,10,typeb,renault,mail
2026-01-14 04:00:00,8.244288627472011,2.0334255343183996,0.24664657270034457,0,0,10,0.0,0.0,1.10192,10,typeb,renault,mail
2026-01-14 05:00:00,8.244288627472011,2.2573278075639838,0.2738050436567697,0,0,10,0.0,0.0,1.10192,10,typeb,renault,mail
2026-01-14 06:00:00,8.244288627472011,0.908454652438396,0.11019200000000001,0,0,10,0.0,0.0,1.10192,10,typeb,renault,mail
2026-01-14 07:00:00,8.244288627472011,1.0855139143958104,0.13166859670325093,0,0,10,0.0,0.0,1.10192,10,typeb,renault,mail
2026-01-14 08:00:00,8.244288627472011,4.088045935972781,0.495864,0,0,10,0.0,0.0,1.10192,10,typeb,renault,mail
2026-01-14 09:00:00,8.244288627472011,0.928413827736334,0.11261296998295635,0,0,10,0.0,0.0,1.10192,10,typeb,renault,mail
2026-01-14 10:00:00,8.244288627472011,1.9841128019109997,0.2406651309246312,0,0,10,0.0,0.0,1.10192,10,typeb,renault,mail
2026-01-14 11:00:00,8.244288627472011,0.908454652438396,0.11019200000000001,0,0,10,0.0,0.0,1.10192,10,typeb,renault,mail
2026-01-14 12:00:00,0.0,0.0,0.0,1,1,10,45.0,80.0,1.10192,10,typeb,renault,mail
2026-01-14 13:00:00,8.244288627472013,2.9983263803808673,0.3636852754511409,0,0,10,0.0,0.0,1.10192,10,typeb,renault,mail
2026-01-14 14:00:00,8.244288627472013,1.850260225782404,0.2244293364034925,0,0,10,0.0,0.0,1.10192,10,typeb,renault,mail
2026-01-14 15:00:00,8.244288627472013,1.7864575033654357,0.21669031545214423,0,0,10,0.0,0.0,1.10192,10,typeb,renault,mail
2026-01-14 16:00:00,8.244288627472013,2.889750480468597,0.35051544299883347,0,0,10,0.0,0.0,1.10192,10,typeb,renault,mail
2026-01-14 17:00:00,8.244288627472013,2.2215976094092382,0.26947111021881553,0,0,10,0.0,0.0,1.10192,10,typeb,renault,mail
2026-01-14 18:00:00,8.244288627472013,0.9084546524383962,0.11019200000000001,0,0,10,0.0,0.0,1.10192,10,typeb,renault,mail
2026-01-14 19:00:00,0.0,0.0,0.0,1,1,10,45.0,80.0,1.10192,10,typeb,renault,mail
2026-01-14 20:00:00,0.0,0.0,0.0,1,1,10,45.0,80.0,1.10192,10,typeb,renault,mail
2026-01-14 21:00:00,0.0,0.0,0.0,1,1,10,45.0,80.0,1.10192,10,typeb,renault,mail
2026-01-14 22:00:00,0.0,0.0,0.0,1,1,10,45.0,80.0,1.10192,10,typeb,renault,mail
2026-01-14 23:00:00,0.0,0.0,0.0,1,1,10,45.0,80.0,1.10192,10,typeb,renault,mail
2026-01-01 00:00:00,0.0,0.0,0.0,1,1,11,45.0,80.0,1.0,11,typeb,renault,mail
2026-01-01 01:00:00,0.0,0.0,0.0,1,1,11,45.0,80.0,1.0,11,typeb,renault,mail
2026-01-01 02:00:00,0.0,0.0,0.0,1,1,11,45.0,80.0,1.0,11,typeb,renault,mail
2026-01-01 03:00:00,0.0,0.0,0.0,1,1,11,45.0,80.0,1.0,11,typeb,renault,mail
2026-01-01 04:00:00,0.0,0.0,0.0,1,1,11,45.0,80.0,1.0,11,typeb,renault,mail
2026-01-01 05:00:00,0.0,0.0,0.0,1,1,11,45.0,80.0,1.0,11,typeb,renault,mail
2026-01-01 06:00:00,8.288395699880384,4.225530915489217,0.509812884,0,0,11,0.0,0.0,1.13291752,11,typeb,renault,mail
2026-01-01 07:00:00,8.288395699880384,1.5886249676945934,0.1916685719671323,0,0,11,0.0,0.0,1.13291752,11,typeb,renault,mail
2026-01-01 08:00:00,8.288395699880384,1.4409321872564527,0.17384934786321166,0,0,11,0.0,0.0,1.13291752,11,typeb,renault,mail
2026-01-01 09:00:00,8.288395699880384,4.225530915489217,0.509812884,0,0,11,0.0,0.0,1.13291752,11,typeb,renault,mail
2026-01-01 10:00:00,8.288395699880384,0.9390068701087149,0.113291752,0,0,11,0.0,0.0,1.13291752,11,typeb,renault,mail
2026-01-01 11:00:00,8.288395699880384,1.262187377202728,0.15228367743361282,0,0,11,0.0,0.0,1.13291752,11,typeb,renault,mail
2026-01-01 12:00:00,8.288395699880384,1.1625772272789758,0.14026565204841193,0,0,11,0.0,0.0,1.13291752,11,typeb,renault,mail
2026-01-01 13:00:00,8.288395699880384,3.020176064463698,0.36438608553731144,0,0,11,0.0,0.0,1.13291752,11,typeb,renault,mail
2026-01-01 14:00:00,8.288395699880384,1.5126215896539466,0.18249871801798462,0,0,11,0.0,0.0,1.13291752,11,typeb,renault,mail
2026-01-01 15:00:00,8.288395699880384,4.225530915489217,0.509812884,0,0,11,0.0,0.0,1.13291752,11,typeb,renault,mail
2026-01-01 16:00:00,8.288395699880384,2.457018462918825,0.2964407771885558,0,0,11,0.0,0.0,1.13291752,11,typeb,renault,mail
2026-01-01 17:00:00,8.288395699880384,1.0670268712457407,0.12873744327399084,0,0,11,0.0,0.0,1.13291752,11,typeb,renault,mail
2026-01-01 18:00:00,8.288395699880384,2.1564584251991175,0.26017802519132127,0,0,11,0.0,0.0,1.13291752,11,typeb,renault,mail
2026-01-01 19:00:00,8.288395699880384,0.9390068701087149,0.113291752,0,0,11,0.0,0.0,1.13291752,11,typeb,renault,mail
2026-01-01 20:00:00,0.0,0.0,0.0,1,1,11,45.0,80.0,1.13291752,11,typeb,renault,mail
2026-01-01 21:00:00,0.0,0.0,0.0,1,1,11,45.0,80.0,1.13291752,11,typeb,renault,mail
2026-01-01 22:00:00,0.0,0.0,0.0,1,1,11,45.0,80.0,1.13291752,11,typeb,renault,mail
2026-01-01 23:00:00,0.0,0.0,0.0,1,1,11,45.0,80.0,1.13291752,11,typeb,renault,mail
2026-01-02 00:00:00,0.0,0.0,0.0,1,1,11,45.0,80.0,1.13291752,11,typeb,renault,mail
2026-01-02 01:00:00,0.0,0.0,0.0,1,1,11,45.0,80.0,1.13291752,11,typeb,renault,mail
2026-01-02 02:00:00,0.0,0.0,0.0,1,1,11,45.0,80.0,1.13291752,11,typeb,renault,mail
2026-01-02 03:00:00,0.0,0.0,0.0,1,1,11,45.0,80.0,1.13291752,11,typeb,renault,mail
2026-01-02 04:00:00,0.0,0.0,0.0,1,1,11,45.0,80.0,1.13291752,11,typeb,renault,mail
2026-01-02 05:00:00,8.112889974156252,2.666527277234942,0.328677855330124,0,0,11,0.0,0.0,1.23134816,11,typeb,renault,mail
2026-01-02 06:00:00,8.112889974156252,1.2773142266165434,0.15744256740636808,0,0,11,0.0,0.0,1.23134816,11,typeb,renault,mail
2026-01-02 07:00:00,8.112889974156252,2.7794960395729498,0.34260245713020654,0,0,11,0.0,0.0,1.23134816,11,typeb,renault,mail
2026-01-02 08:00:00,8.112889974156252,0.9989792141959749,0.12313481600000001,0,0,11,0.0,0.0,1.23134816,11,typeb,renault,mail
2026-01-02 09:00:00,8.112889974156252,2.257629541955499,0.2782768593124295,0,0,11,0.0,0.0,1.23134816,11,typeb,renault,mail
2026-01-02 10:00:00,8.112889974156252,1.2504350545966199,0.15412942349519124,0,0,11,0.0,0.0,1.23134816,11,typeb,renault,mail
2026-01-02 11:00:00,8.112889974156252,0.9989792141959749,0.12313481600000001,0,0,11,0.0,0.0,1.23134816,11,typeb,renault,mail
2026-01-02 12:00:00,0.0,0.0,0.0,1,1,11,45.0,80.0,1.23134816,11,typeb,renault,mail
2026-01-02 13:00:00,8.112889974156253,1.2068358987879768,0.14875536370299272,0,0,11,0.0,0.0,1.23134816,11,typeb,renault,mail
2026-01-02 14:00:00,8.112889974156253,0.9989792141959751,0.12313481600000001,0,0,11,0.0,0.0,1.23134816,11,typeb,renault,mail
2026-01-02 15:00:00,8.112889974156253,0.9989792141959751,0.12313481600000001,0,0,11,0.0,0.0,1.23134816,11,typeb,renault,mail
2026-01-02 16:00:00,8.112889974156253,0.9989792141959751,0.12313481600000001,0,0,11,0.0,0.0,1.23134816,11,typeb,renault,mail
2026-01-02 17:00:00,8.112889974156253,1.6754470377461825,0.20651667199769094,0,0,11,0.0,0.0,1.23134816,11,typeb,renault,mail
2026-01-02 18:00:00,8.112889974156253,0.9989792141959751,0.12313481600000001,0,0,11,0.0,0.0,1.23134816,11,typeb,renault,mail
2026-01-02 19:00:00,8.112889974156253,0.9989792141959751,0.12313481600000001,0,0,11,0.0,0.0,1.23134816,11,typeb,renault,mail
2026-01-02 20:00:00,0.0,0.0,0.0,1,1,11,45.0,80.0,1.23134816,11,typeb,renault,mail
2026-01-02 21:00:00,0.0,0.0,0.0,1,1,11,45.0,80.0,1.23134816,11,typeb,renault,mail
2026-01-02 22:00:00,0.0,0.0,0.0,1,1,11,45.0,80.0,1.23134816,11,typeb,renault,mail
2026-01-02 23:00:00,0.0,0.0,0.0,1,1,11,45.0,80.0,1.23134816,11,typeb,renault,mail
2026-01-03 00:00:00,0.0,0.0,0.0,1,1,11,45.0,80.0,1.23134816,11,typeb,renault,mail
2026-01-03 01:00:00,0.0,0.0,0.0,1,1,11,45.0,80.0,1.23134816,11,typeb,renault,mail
2026-01-03 02:00:00,0.0,0.0,0.0,1,1,11,45.0,80.0,1.23134816,11,typeb,renault,mail
2026-01-03 03:00:00,0.0,0.0,0.0,1,1,11,45.0,80.0,1.23134816,11,typeb,renault,mail
2026-01-03 04:00:00,0.0,0.0,0.0,1,1,11,45.0,80.0,1.23134816,11,typeb,renault,mail
2026-01-03 05:00:00,0.0,0.0,0.0,1,1,11,45.0,80.0,1.23134816,11,typeb,renault,mail
2026-01-03 06:00:00,0.0,0.0,0.0,1,1,11,45.0,80.0,1.23134816,11,typeb,renault,mail
2026-01-03 07:00:00,0.0,0.0,0.0,1,1,11,45.0,80.0,1.23134816,11,typeb,renault,mail
2026-01-03 08:00:00,3.908701263480385,1.4945071924520226,0.3823539052256155,0,0,11,0.0,0.0,1.20636853,11,typeb,renault,mail
2026-01-03 09:00:00,3.908701263480385,1.1651356005555569,0.2980876567471665,0,0,11,0.0,0.0,1.20636853,11,typeb,renault,mail
2026-01-03 10:00:00,3.908701263480385,1.0802952089525246,0.2763821372193096,0,0,11,0.0,0.0,1.20636853,11,typeb,renault,mail
2026-01-03 11:00:00,3.908701263480385,0.5730822069040449,0.1466170393369385,0,0,11,0.0,0.0,1.20636853,11,typeb,renault,mail
2026-01-03 12:00:00,3.908701263480385,1.1390553938151202,0.29141531087512246,0,0,11,0.0,0.0,1.20636853,11,typeb,renault,mail
2026-01-03 13:00:00,3.908701263480385,1.2457572804476762,0.3187138633711878,0,0,11,0.0,0.0,1.20636853,11,typeb,renault,mail
2026-01-03 14:00:00,3.908701263480385,0.4715334197433975,0.120636853,0,0,11,0.0,0.0,1.20636853,11,typeb,renault,mail
2026-01-03 15:00:00,3.908701263480385,2.1219003888452885,0.5428658385,0,0,11,0.0,0.0,1.20636853,11,typeb,renault,mail
2026-01-03 16:00:00,3.9087012634803853,1.785958674885677,0.4569186935753243,0,0,11,0.0,0.0,1.20636853,11,typeb,renault,mail
2026-01-03 17:00:00,3.9087012634803853,0.4715334197433975,0.120636853,0,0,11,0.0,0.0,1.20636853,11,typeb,renault,mail
2026-01-03 18:00:00,3.9087012634803853,0.554373589739197,0.14183063692249834,0,0,11,0.0,0.0,1.20636853,11,typeb,renault,mail
2026-01-03 19:00:00,3.9087012634803853,0.47158426015881,0.120649859984158,0,0,11,0.0,0.0,1.20636853,11,typeb,renault,mail
2026-01-03 20:00:00,0.0,0.0,0.0,1,1,11,45.0,80.0,1.20636853,11,typeb,renault,mail
2026-01-03 21:00:00,0.0,0.0,0.0,1,1,11,45.0,80.0,1.20636853,11,typeb,renault,mail
2026-01-03 22:00:00,0.0,0.0,0.0,1,1,11,45.0,80.0,1.20636853,11,typeb,renault,mail
2026-01-03 23:00:00,0.0,0.0,0.0,1,1,11,45.0,80.0,1.20636853,11,typeb,renault,mail
2026-01-04 00:00:00,0.0,0.0,0.0,1,1,11,45.0,80.0,1.20636853,11,typeb,renault,mail
2026-01-04 01:00:00,0.0,0.0,0.0,1,1,11,45.0,80.0,1.20636853,11,typeb,renault,mail
2026-01-04 02:00:00,0.0,0.0,0.0,1,1,11,45.0,80.0,1.20636853,11,typeb,renault,mail
2026-01-04 03:00:00,0.0,0.0,0.0,1,1,11,45.0,80.0,1.20636853,11,typeb,renault,mail
2026-01-04 04:00:00,0.0,0.0,0.0,1,1,11,45.0,80.0,1.20636853,11,typeb,renault,mail
2026-01-04 05:00:00,0.0,0.0,0.0,1,1,11,45.0,80.0,1.20636853,11,typeb,renault,mail
2026-01-04 06:00:00,0.0,0.0,0.0,1,1,11,45.0,80.0,1.20636853,11,typeb,renault,mail
2026-01-04 07:00:00,0.0,0.0,0.0,1,1,11,45.0,80.0,1.20636853,11,typeb,renault,mail
2026-01-04 08:00:00,0.0,0.0,0.0,1,1,11,45.0,80.0,1.20636853,11,typeb,renault,mail
2026-01-04 09:00:00,7.744127299817161,2.9716541462874138,0.3837300229242841,0,0,11,0.0,0.0,1.3029730700000002,11,typeb,renault,mail
2026-01-04 10:00:00,7.744127299817161,1.5713798546661901,0.20291245143959483,0,0,11,0.0,0.0,1.3029730700000002,11,typeb,renault,mail
2026-01-04 11:00:00,7.744127299817161,1.009038932231358,0.13029730700000003,0,0,11,0.0,0.0,1.3029730700000002,11,typeb,renault,mail
2026-01-04 12:00:00,7.744127299817161,1.492004073685801,0.19266264821357304,0,0,11,0.0,0.0,1.3029730700000002,11,typeb,renault,mail
2026-01-04 13:00:00,7.744127299817161,2.2166162163682936,0.28623189296237783,0,0,11,0.0,0.0,1.3029730700000002,11,typeb,renault,mail
2026-01-04 14:00:00,7.744127299817161,3.288216989429367,0.4246078172690939,0,0,11,0.0,0.0,1.3029730700000002,11,typeb,renault,mail
2026-01-04 15:00:00,7.744127299817161,1.009038932231358,0.13029730700000003,0,0,11,0.0,0.0,1.3029730700000002,11,typeb,renault,mail
2026-01-04 16:00:00,7.744127299817163,1.009038932231358,0.13029730700000003,0,0,11,0.0,0.0,1.3029730700000002,11,typeb,renault,mail
2026-01-04 17:00:00,7.744127299817163,1.7675305303498436,0.22824140951189872,0,0,11,0.0,0.0,1.3029730700000002,11,typeb,renault,mail
2026-01-04 18:00:00,7.744127299817163,1.009038932231358,0.13029730700000003,0,0,11,0.0,0.0,1.3029730700000002,11,typeb,renault,mail
2026-01-04 19:00:00,7.744127299817163,1.009038932231358,0.13029730700000003,0,0,11,0.0,0.0,1.3029730700000002,11,typeb,renault,mail
2026-01-04 20:00:00,0.0,0.0,0.0,1,1,11,45.0,80.0,1.3029730700000002,11,typeb,renault,mail
2026-01-04 21:00:00,0.0,0.0,0.0,1,1,11,45.0,80.0,1.3029730700000002,11,typeb,renault,mail
2026-01-04 22:00:00,0.0,0.0,0.0,1,1,11,45.0,80.0,1.3029730700000002,11,typeb,renault,mail
2026-01-04 23:00:00,0.0,0.0,0.0,1,1,11,45.0,80.0,1.3029730700000002,11,typeb,renault,mail
2026-01-05 00:00:00,0.0,0.0,0.0,1,1,11,45.0,80.0,1.3029730700000002,11,typeb,renault,mail
2026-01-05 01:00:00,0.0,0.0,0.0,1,1,11,45.0,80.0,1.3029730700000002,11,typeb,renault,mail
2026-01-05 02:00:00,0.0,0.0,0.0,1,1,11,45.0,80.0,1.3029730700000002,11,typeb,renault,mail
2026-01-05 03:00:00,0.0,0.0,0.0,1,1,11,45.0,80.0,1.3029730700000002,11,typeb,renault,mail
2026-01-05 04:00:00,0.0,0.0,0.0,1,1,11,45.0,80.0,1.3029730700000002,11,typeb,renault,mail
2026-01-05 05:00:00,0.0,0.0,0.0,1,1,11,45.0,80.0,1.3029730700000002,11,typeb,renault,mail
2026-01-05 06:00:00,8.06730076718771,1.7549813328457295,0.2175425688829899,0,0,11,0.0,0.0,1.21493373,11,typeb,renault,mail
2026-01-05 07:00:00,8.06730076718771,1.7173340725055386,0.21287591997195454,0,0,11,0.0,0.0,1.21493373,11,typeb,renault,mail
2026-01-05 08:00:00,8.06730076718771,1.455508854116608,0.18042079948681566,0,0,11,0.0,0.0,1.21493373,11,typeb,renault,mail
2026-01-05 09:00:00,8.06730076718771,1.1312039978382176,0.14022087814541212,0,0,11,0.0,0.0,1.21493373,11,typeb,renault,mail
2026-01-05 10:00:00,8.06730076718771,1.0741386440624259,0.1331472167780444,0,0,11,0.0,0.0,1.21493373,11,typeb,renault,mail
2026-01-05 11:00:00,8.06730076718771,1.1079044579619457,0.13733273246339683,0,0,11,0.0,0.0,1.21493373,11,typeb,renault,mail
2026-01-05 12:00:00,0.0,0.0,0.0,1,1,11,45.0,80.0,1.21493373,11,typeb,renault,mail
2026-01-05 13:00:00,8.06730076718771,3.9157667249327353,0.4853874719608087,0,0,11,0.0,0.0,1.21493373,11,typeb,renault,mail
2026-01-05 14:00:00,8.06730076718771,0.9801235812111228,0.12149337300000002,0,0,11,0.0,0.0,1.21493373,11,typeb,renault,mail
2026-01-05 15:00:00,8.06730076718771,1.354944953312264,0.16795518010475793,0,0,11,0.0,0.0,1.21493373,11,typeb,renault,mail
2026-01-05 16:00:00,8.06730076718771,1.44645170801266,0.17929810103223637,0,0,11,0.0,0.0,1.21493373,11,typeb,renault,mail
2026-01-05 17:00:00,8.06730076718771,2.405233170357759,0.29814596477431593,0,0,11,0.0,0.0,1.21493373,11,typeb,renault,mail
2026-01-05 18:00:00,8.06730076718771,1.3399430648736184,0.1660955880464498,0,0,11,0.0,0.0,1.21493373,11,typeb,renault,mail
2026-01-05 19:00:00,8.06730076718771,1.830051826917551,0.22684809699434494,0,0,11,0.0,0.0,1.21493373,11,typeb,renault,mail
2026-01-05 20:00:00,8.06730076718771,3.576271730912175,0.4433046237048722,0,0,11,0.0,0.0,1.21493373,11,typeb,renault,mail
2026-01-05 21:00:00,0.0,0.0,0.0,1,1,11,45.0,80.0,1.21493373,11,typeb,renault,mail
2026-01-05 22:00:00,0.0,0.0,0.0,1,1,11,45.0,80.0,1.21493373,11,typeb,renault,mail
2026-01-05 23:00:00,0.0,0.0,0.0,1,1,11,45.0,80.0,1.21493373,11,typeb,renault,mail
2026-01-06 00:00:00,0.0,0.0,0.0,1,1,11,45.0,80.0,1.21493373,11,typeb,renault,mail
2026-01-06 01:00:00,0.0,0.0,0.0,1,1,11,45.0,80.0,1.21493373,11,typeb,renault,mail
2026-01-06 02:00:00,0.0,0.0,0.0,1,1,11,45.0,80.0,1.21493373,11,typeb,renault,mail
2026-01-06 03:00:00,0.0,0.0,0.0,1,1,11,45.0,80.0,1.21493373,11,typeb,renault,mail
2026-01-06 04:00:00,0.0,0.0,0.0,1,1,11,45.0,80.0,1.21493373,11,typeb,renault,mail
2026-01-06 05:00:00,0.0,0.0,0.0,1,1,11,45.0,80.0,1.21493373,11,typeb,renault,mail
2026-01-06 06:00:00,0.0,0.0,0.0,1,1,11,45.0,80.0,1.21493373,11,typeb,renault,mail
2026-01-06 07:00:00,10.528882804753568,6.2331530336804475,0.592005168,0,0,11,0.0,0.0,1.31556704,11,typeb,renault,mail
2026-01-06 08:00:00,10.528882804753568,3.412044237767906,0.3240651739638929,0,0,11,0.0,0.0,1.31556704,11,typeb,renault,mail
2026-01-06 09:00:00,10.528882804753568,6.2331530336804475,0.592005168,0,0,11,0.0,0.0,1.31556704,11,typeb,renault,mail
2026-01-06 10:00:00,10.528882804753568,2.4813939233874867,0.23567494950814627,0,0,11,0.0,0.0,1.31556704,11,typeb,renault,mail
2026-01-06 11:00:00,10.528882804753568,1.3851451185956547,0.131556704,0,0,11,0.0,0.0,1.31556704,11,typeb,renault,mail
2026-01-06 12:00:00,10.528882804753568,1.3851451185956547,0.131556704,0,0,11,0.0,0.0,1.31556704,11,typeb,renault,mail
2026-01-06 13:00:00,10.528882804753568,1.3851451185956547,0.131556704,0,0,11,0.0,0.0,1.31556704,11,typeb,renault,mail
2026-01-06 14:00:00,10.528882804753568,6.098225742422588,0.5791902004711618,0,0,11,0.0,0.0,1.31556704,11,typeb,renault,mail
2026-01-06 15:00:00,10.528882804753568,3.051465187720944,0.2898185158204318,0,0,11,0.0,0.0,1.31556704,11,typeb,renault,mail
2026-01-06 16:00:00,10.528882804753568,1.3851451185956547,0.131556704,0,0,11,0.0,0.0,1.31556704,11,typeb,renault,mail
2026-01-06 17:00:00,10.528882804753568,1.8475185890525594,0.17547147435418728,0,0,11,0.0,0.0,1.31556704,11,typeb,renault,mail
2026-01-06 18:00:00,10.528882804753568,6.2331530336804475,0.592005168,0,0,11,0.0,0.0,1.31556704,11,typeb,renault,mail
2026-01-06 19:00:00,0.0,0.0,0.0,1,1,11,45.0,80.0,1.31556704,11,typeb,renault,mail
2026-01-06 20:00:00,0.0,0.0,0.0,1,1,11,45.0,80.0,1.31556704,11,typeb,renault,mail
2026-01-06 21:00:00,0.0,0.0,0.0,1,1,11,45.0,80.0,1.31556704,11,typeb,renault,mail
2026-01-06 22:00:00,0.0,0.0,0.0,1,1,11,45.0,80.0,1.31556704,11,typeb,renault,mail
2026-01-06 23:00:00,0.0,0.0,0.0,1,1,11,45.0,80.0,1.31556704,11,typeb,renault,mail
2026-01-07 00:00:00,0.0,0.0,0.0,1,1,11,45.0,80.0,1.31556704,11,typeb,renault,mail
2026-01-07 01:00:00,0.0,0.0,0.0,1,1,11,45.0,80.0,1.31556704,11,typeb,renault,mail
2026-01-07 02:00:00,0.0,0.0,0.0,1,1,11,45.0,80.0,1.31556704,11,typeb,renault,mail
2026-01-07 03:00:00,0.0,0.0,0.0,1,1,11,45.0,80.0,1.31556704,11,typeb,renault,mail
2026-01-07 04:00:00,0.0,0.0,0.0,1,1,11,45.0,80.0,1.31556704,11,typeb,renault,mail
2026-01-07 05:00:00,7.152915105644076,0.9007410776526616,0.125926432,0,0,11,0.0,0.0,1.25926432,11,typeb,renault,mail
2026-01-07 06:00:00,7.152915105644076,3.868783508634089,0.5408680868561391,0,0,11,0.0,0.0,1.25926432,11,typeb,renault,mail
2026-01-07 07:00:00,7.152915105644076,0.9007410776526616,0.125926432,0,0,11,0.0,0.0,1.25926432,11,typeb,renault,mail
2026-01-07 08:00:00,7.152915105644076,1.4670335994901498,0.20509590535089295,0,0,11,0.0,0.0,1.25926432,11,typeb,renault,mail
2026-01-07 09:00:00,7.152915105644076,0.9007410776526616,0.125926432,0,0,11,0.0,0.0,1.25926432,11,typeb,renault,mail
2026-01-07 10:00:00,7.152915105644076,0.9403542485489506,0.13146447772139153,0,0,11,0.0,0.0,1.25926432,11,typeb,renault,mail
2026-01-07 11:00:00,7.152915105644076,3.2094287441391964,0.44868821966120725,0,0,11,0.0,0.0,1.25926432,11,typeb,renault,mail
2026-01-07 12:00:00,7.152915105644076,1.6290252158277037,0.2277428421514895,0,0,11,0.0,0.0,1.25926432,11,typeb,renault,mail
2026-01-07 13:00:00,7.152915105644077,0.9007410776526618,0.125926432,0,0,11,0.0,0.0,1.25926432,11,typeb,renault,mail
2026-01-07 14:00:00,7.152915105644077,4.053334849436977,0.566668944,0,0,11,0.0,0.0,1.25926432,11,typeb,renault,mail
2026-01-07 15:00:00,7.152915105644077,1.0627252952587136,0.14857233443469223,0,0,11,0.0,0.0,1.25926432,11,typeb,renault,mail
2026-01-07 16:00:00,7.152915105644077,3.7822188599476743,0.528766077059027,0,0,11,0.0,0.0,1.25926432,11,typeb,renault,mail
2026-01-07 17:00:00,7.152915105644077,1.2738632117029884,0.17809007836508986,0,0,11,0.0,0.0,1.25926432,11,typeb,renault,mail
2026-01-07 18:00:00,7.152915105644077,2.7947060246815174,0.3907086807833533,0,0,11,0.0,0.0,1.25926432,11,typeb,renault,mail
2026-01-07 19:00:00,7.152915105644077,1.078546042576289,0.1507841246047016,0,0,11,0.0,0.0,1.25926432,11,typeb,renault,mail
2026-01-07 20:00:00,0.0,0.0,0.0,1,1,11,45.0,80.0,1.25926432,11,typeb,renault,mail
2026-01-07 21:00:00,0.0,0.0,0.0,1,1,11,45.0,80.0,1.25926432,11,typeb,renault,mail
2026-01-07 22:00:00,0.0,0.0,0.0,1,1,11,45.0,80.0,1.25926432,11,typeb,renault,mail
2026-01-07 23:00:00,0.0,0.0,0.0,1,1,11,45.0,80.0,1.25926432,11,typeb,renault,mail
2026-01-08 00:00:00,0.0,0.0,0.0,1,1,11,45.0,80.0,1.25926432,11,typeb,renault,mail
2026-01-08 01:00:00,0.0,0.0,0.0,1,1,11,45.0,80.0,1.25926432,11,typeb,renault,mail
2026-01-08 02:00:00,0.0,0.0,0.0,1,1,11,45.0,80.0,1.25926432,11,typeb,renault,mail
2026-01-08 03:00:00,0.0,0.0,0.0,1,1,11,45.0,80.0,1.25926432,11,typeb,renault,mail
2026-01-08 04:00:00,0.0,0.0,0.0,1,1,11,45.0,80.0,1.25926432,11,typeb,renault,mail
2026-01-08 05:00:00,0.0,0.0,0.0,1,1,11,45.0,80.0,1.25926432,11,typeb,renault,mail
2026-01-08 06:00:00,8.749035672962135,1.0196260558458008,0.116541536,0,0,11,0.0,0.0,1.16541536,11,typeb,renault,mail
2026-01-08 07:00:00,8.749035672962135,1.6436585662891479,0.18786739793148646,0,0,11,0.0,0.0,1.16541536,11,typeb,renault,mail
2026-01-08 08:00:00,8.749035672962135,2.101876639044096,0.2402409497014281,0,0,11,0.0,0.0,1.16541536,11,typeb,renault,mail
2026-01-08 09:00:00,8.749035672962135,1.0196260558458008,0.116541536,0,0,11,0.0,0.0,1.16541536,11,typeb,renault,mail
2026-01-08 10:00:00,8.749035672962135,2.593398524532865,0.2964210710155701,0,0,11,0.0,0.0,1.16541536,11,typeb,renault,mail
2026-01-08 11:00:00,8.749035672962135,1.1923536053556583,0.136284003166256,0,0,11,0.0,0.0,1.16541536,11,typeb,renault,mail
2026-01-08 12:00:00,0.0,0.0,0.0,1,1,11,45.0,80.0,1.16541536,11,typeb,renault,mail
2026-01-08 13:00:00,0.0,0.0,0.0,1,1,11,45.0,80.0,1.16541536,11,typeb,renault,mail
2026-01-08 14:00:00,8.749035672962135,2.3637841070075383,0.27017653091900573,0,0,11,0.0,0.0,1.16541536,11,typeb,renault,mail
2026-01-08 15:00:00,8.749035672962135,3.159337333697736,0.36110692101316905,0,0,11,0.0,0.0,1.16541536,11,typeb,renault,mail
2026-01-08 16:00:00,8.749035672962135,2.473917623045627,0.28276460578289536,0,0,11,0.0,0.0,1.16541536,11,typeb,renault,mail
2026-01-08 17:00:00,8.749035672962135,1.6541935110682289,0.18907152432585447,0,0,11,0.0,0.0,1.16541536,11,typeb,renault,mail
2026-01-08 18:00:00,8.749035672962135,3.538418704584901,0.40443528142421087,0,0,11,0.0,0.0,1.16541536,11,typeb,renault,mail
2026-01-08 19:00:00,8.749035672962135,3.0594812503358906,0.3496935393452397,0,0,11,0.0,0.0,1.16541536,11,typeb,renault,mail
2026-01-08 20:00:00,8.749035672962135,4.346441326159298,0.496790902292405,0,0,11,0.0,0.0,1.16541536,11,typeb,renault,mail
2026-01-08 21:00:00,0.0,0.0,0.0,1,1,11,45.0,80.0,1.16541536,11,typeb,renault,mail
2026-01-08 22:00:00,0.0,0.0,0.0,1,1,11,45.0,80.0,1.16541536,11,typeb,renault,mail
2026-01-08 23:00:00,0.0,0.0,0.0,1,1,11,45.0,80.0,1.16541536,11,typeb,renault,mail
2026-01-09 00:00:00,0.0,0.0,0.0,1,1,11,45.0,80.0,1.16541536,11,typeb,renault,mail
2026-01-09 01:00:00,0.0,0.0,0.0,1,1,11,45.0,80.0,1.16541536,11,typeb,renault,mail
2026-01-09 02:00:00,0.0,0.0,0.0,1,1,11,45.0,80.0,1.16541536,11,typeb,renault,mail
2026-01-09 03:00:00,0.0,0.0,0.0,1,1,11,45.0,80.0,1.16541536,11,typeb,renault,mail
2026-01-09 04:00:00,0.0,0.0,0.0,1,1,11,45.0,80.0,1.16541536,11,typeb,renault,mail
2026-01-09 05:00:00,0.0,0.0,0.0,1,1,11,45.0,80.0,1.16541536,11,typeb,renault,mail
2026-01-09 06:00:00,9.092702353695518,1.343556380892446,0.14776205451687183,0,0,11,0.0,0.0,1.13480256,11,typeb,renault,mail
2026-01-09 07:00:00,9.092702353695518,1.4492474376011073,0.15938577787186603,0,0,11,0.0,0.0,1.13480256,11,typeb,renault,mail
2026-01-09 08:00:00,9.092702353695518,2.1878185596506965,0.24061257858743262,0,0,11,0.0,0.0,1.13480256,11,typeb,renault,mail
2026-01-09 09:00:00,9.092702353695518,3.356116236653492,0.36909997777387665,0,0,11,0.0,0.0,1.13480256,11,typeb,renault,mail
2026-01-09 10:00:00,9.092702353695518,1.03184219082917,0.113480256,0,0,11,0.0,0.0,1.13480256,11,typeb,renault,mail
2026-01-09 11:00:00,9.092702353695518,2.039625955980735,0.22431460710377002,0,0,11,0.0,0.0,1.13480256,11,typeb,renault,mail
2026-01-09 12:00:00,0.0,0.0,0.0,1,1,11,45.0,80.0,1.13480256,11,typeb,renault,mail
2026-01-09 13:00:00,9.092702353695518,1.0699574549813766,0.11767210817656615,0,0,11,0.0,0.0,1.13480256,11,typeb,renault,mail
2026-01-09 14:00:00,9.092702353695518,1.03184219082917,0.113480256,0,0,11,0.0,0.0,1.13480256,11,typeb,renault,mail
2026-01-09 15:00:00,9.092702353695518,1.3031181211363378,0.14331472321940855,0,0,11,0.0,0.0,1.13480256,11,typeb,renault,mail
2026-01-09 16:00:00,9.092702353695518,1.03184219082917,0.113480256,0,0,11,0.0,0.0,1.13480256,11,typeb,renault,mail
2026-01-09 17:00:00,9.092702353695518,1.03184219082917,0.113480256,0,0,11,0.0,0.0,1.13480256,11,typeb,renault,mail
2026-01-09 18:00:00,9.092702353695518,2.7931067103186873,0.30718114391850665,0,0,11,0.0,0.0,1.13480256,11,typeb,renault,mail
2026-01-09 19:00:00,9.092702353695518,1.0446620605188317,0.1148901635490414,0,0,11,0.0,0.0,1.13480256,11,typeb,renault,mail
2026-01-09 20:00:00,0.0,0.0,0.0,1,1,11,45.0,80.0,1.13480256,11,typeb,renault,mail
2026-01-09 21:00:00,0.0,0.0,0.0,1,1,11,45.0,80.0,1.13480256,11,typeb,renault,mail
2026-01-09 22:00:00,0.0,0.0,0.0,1,1,11,45.0,80.0,1.13480256,11,typeb,renault,mail
2026-01-09 23:00:00,0.0,0.0,0.0,1,1,11,45.0,80.0,1.13480256,11,typeb,renault,mail
2026-01-10 00:00:00,0.0,0.0,0.0,1,1,11,45.0,80.0,1.13480256,11,typeb,renault,mail
2026-01-10 01:00:00,0.0,0.0,0.0,1,1,11,45.0,80.0,1.13480256,11,typeb,renault,mail
2026-01-10 02:00:00,0.0,0.0,0.0,1,1,11,45.0,80.0,1.13480256,11,typeb,renault,mail
2026-01-10 03:00:00,0.0,0.0,0.0,1,1,11,45.0,80.0,1.13480256,11,typeb,renault,mail
2026-01-10 04:00:00,0.0,0.0,0.0,1,1,11,45.0,80.0,1.13480256,11,typeb,renault,mail
2026-01-10 05:00:00,0.0,0.0,0.0,1,1,11,45.0,80.0,1.13480256,11,typeb,renault,mail
2026-01-10 06:00:00,0.0,0.0,0.0,1,1,11,45.0,80.0,1.13480256,11,typeb,renault,mail
2026-01-10 07:00:00,7.426292058107528,2.999335861780719,0.4038806766973628,0,0,11,0.0,0.0,1.18959,11,typeb,renault,mail
2026-01-10 08:00:00,7.426292058107528,1.3014709546167131,0.1752517870874543,0,0,11,0.0,0.0,1.18959,11,typeb,renault,mail
2026-01-10 09:00:00,7.426292058107528,1.0804303385248386,0.14548718661627336,0,0,11,0.0,0.0,1.18959,11,typeb,renault,mail
2026-01-10 10:00:00,7.426292058107528,0.970302317645071,0.13065771047689406,0,0,11,0.0,0.0,1.18959,11,typeb,renault,mail
2026-01-10 11:00:00,7.426292058107528,2.2251957813787655,0.2996375262334917,0,0,11,0.0,0.0,1.18959,11,typeb,renault,mail
2026-01-10 12:00:00,7.426292058107528,3.3645690089837883,0.4530617679263742,0,0,11,0.0,0.0,1.18959,11,typeb,renault,mail
2026-01-10 13:00:00,7.426292058107528,3.97540924623186,0.5353154999999999,0,0,11,0.0,0.0,1.18959,11,typeb,renault,mail
2026-01-10 14:00:00,7.426292058107528,2.7266028555223243,0.367155349424428,0,0,11,0.0,0.0,1.18959,11,typeb,renault,mail
2026-01-10 15:00:00,7.426292058107528,3.97540924623186,0.5353154999999999,0,0,11,0.0,0.0,1.18959,11,typeb,renault,mail
2026-01-10 16:00:00,7.426292058107528,0.8834242769404135,0.118959,0,0,11,0.0,0.0,1.18959,11,typeb,renault,mail
2026-01-10 17:00:00,7.426292058107528,0.8834242769404135,0.118959,0,0,11,0.0,0.0,1.18959,11,typeb,renault,mail
2026-01-10 18:00:00,0.0,0.0,0.0,1,1,11,45.0,80.0,1.18959,11,typeb,renault,mail
2026-01-10 19:00:00,0.0,0.0,0.0,1,1,11,45.0,80.0,1.18959,11,typeb,renault,mail
2026-01-10 20:00:00,0.0,0.0,0.0,1,1,11,45.0,80.0,1.18959,11,typeb,renault,mail
2026-01-10 21:00:00,0.0,0.0,0.0,1,1,11,45.0,80.0,1.18959,11,typeb,renault,mail
2026-01-10 22:00:00,0.0,0.0,0.0,1,1,11,45.0,80.0,1.18959,11,typeb,renault,mail
2026-01-10 23:00:00,0.0,0.0,0.0,1,1,11,45.0,80.0,1.18959,11,typeb,renault,mail
2026-01-11 00:00:00,0.0,0.0,0.0,1,1,11,45.0,80.0,1.18959,11,typeb,renault,mail
2026-01-11 01:00:00,0.0,0.0,0.0,1,1,11,45.0,80.0,1.18959,11,typeb,renault,mail
2026-01-11 02:00:00,0.0,0.0,0.0,1,1,11,45.0,80.0,1.18959,11,typeb,renault,mail
2026-01-11 03:00:00,0.0,0.0,0.0,1,1,11,45.0,80.0,1.18959,11,typeb,renault,mail
2026-01-11 04:00:00,0.0,0.0,0.0,1,1,11,45.0,80.0,1.18959,11,typeb,renault,mail
2026-01-11 05:00:00,0.0,0.0,0.0,1,1,11,45.0,80.0,1.18959,11,typeb,renault,mail
2026-01-11 06:00:00,0.0,0.0,0.0,1,1,11,45.0,80.0,1.18959,11,typeb,renault,mail
2026-01-11 07:00:00,0.0,0.0,0.0,1,1,11,45.0,80.0,1.18959,11,typeb,renault,mail
2026-01-11 08:00:00,0.0,0.0,0.0,1,1,11,45.0,80.0,1.18959,11,typeb,renault,mail
2026-01-11 09:00:00,8.665794999938136,0.9723432055349988,0.11220473200000002,0,0,11,0.0,0.0,1.12204732,11,typeb,renault,mail
2026-01-11 10:00:00,8.665794999938136,0.9723432055349988,0.11220473200000002,0,0,11,0.0,0.0,1.12204732,11,typeb,renault,mail
2026-01-11 11:00:00,8.665794999938136,1.7229934457953877,0.19882693345592506,0,0,11,0.0,0.0,1.12204732,11,typeb,renault,mail
2026-01-11 12:00:00,8.665794999938136,0.9723432055349988,0.11220473200000002,0,0,11,0.0,0.0,1.12204732,11,typeb,renault,mail
2026-01-11 13:00:00,8.665794999938136,1.467263207467692,0.16931663020855753,0,0,11,0.0,0.0,1.12204732,11,typeb,renault,mail
2026-01-11 14:00:00,8.665794999938136,0.9723432055349988,0.11220473200000002,0,0,11,0.0,0.0,1.12204732,11,typeb,renault,mail
2026-01-11 15:00:00,8.665794999938136,3.2337192734152,0.3731589858101057,0,0,11,0.0,0.0,1.12204732,11,typeb,renault,mail
2026-01-11 16:00:00,8.665794999938134,2.5416095870046687,0.2932921430777919,0,0,11,0.0,0.0,1.12204732,11,typeb,renault,mail
2026-01-11 17:00:00,8.665794999938134,1.402687518362372,0.1618648396797277,0,0,11,0.0,0.0,1.12204732,11,typeb,renault,mail
2026-01-11 18:00:00,8.665794999938134,1.4266061917205697,0.16462496421052591,0,0,11,0.0,0.0,1.12204732,11,typeb,renault,mail
2026-01-11 19:00:00,0.0,0.0,0.0,1,1,11,45.0,80.0,1.12204732,11,typeb,renault,mail
2026-01-11 20:00:00,0.0,0.0,0.0,1,1,11,45.0,80.0,1.12204732,11,typeb,renault,mail
2026-01-11 21:00:00,0.0,0.0,0.0,1,1,11,45.0,80.0,1.12204732,11,typeb,renault,mail
2026-01-11 22:00:00,0.0,0.0,0.0,1,1,11,45.0,80.0,1.12204732,11,typeb,renault,mail
2026-01-11 23:00:00,0.0,0.0,0.0,1,1,11,45.0,80.0,1.12204732,11,typeb,renault,mail
2026-01-12 00:00:00,0.0,0.0,0.0,1,1,11,45.0,80.0,1.12204732,11,typeb,renault,mail
2026-01-12 01:00:00,0.0,0.0,0.0,1,1,11,45.0,80.0,1.12204732,11,typeb,renault,mail
2026-01-12 02:00:00,0.0,0.0,0.0,1,1,11,45.0,80.0,1.12204732,11,typeb,renault,mail
2026-01-12 03:00:00,0.0,0.0,0.0,1,1,11,45.0,80.0,1.12204732,11,typeb,renault,mail
2026-01-12 04:00:00,0.0,0.0,0.0,1,1,11,45.0,80.0,1.12204732,11,typeb,renault,mail
2026-01-12 05:00:00,0.0,0.0,0.0,1,1,11,45.0,80.0,1.12204732,11,typeb,renault,mail
2026-01-12 06:00:00,7.692423000499856,1.7294139984292514,0.22482044972265222,0,0,11,0.0,0.0,1.1197747500000002,11,typeb,renault,mail
2026-01-12 07:00:00,7.692423000499856,1.1016688800497199,0.14321480760719127,0,0,11,0.0,0.0,1.1197747500000002,11,typeb,renault,mail
2026-01-12 08:00:00,7.692423000499856,2.1810633119528795,0.28353398036108435,0,0,11,0.0,0.0,1.1197747500000002,11,typeb,renault,mail
2026-01-12 09:00:00,7.692423000499856,2.4928757502306893,0.3240689897147754,0,0,11,0.0,0.0,1.1197747500000002,11,typeb,renault,mail
2026-01-12 10:00:00,7.692423000499856,0.8613781042278977,0.11197747500000002,0,0,11,0.0,0.0,1.1197747500000002,11,typeb,renault,mail
2026-01-12 11:00:00,7.692423000499856,1.5505080179127768,0.20156302088588007,0,0,11,0.0,0.0,1.1197747500000002,11,typeb,renault,mail
2026-01-12 12:00:00,7.692423000499856,1.2116653124863657,0.15751412947619123,0,0,11,0.0,0.0,1.1197747500000002,11,typeb,renault,mail
2026-01-12 13:00:00,7.692423000499855,0.8613781042278976,0.11197747500000002,0,0,11,0.0,0.0,1.1197747500000002,11,typeb,renault,mail
2026-01-12 14:00:00,7.692423000499855,1.1819725377094656,0.1536541266168879,0,0,11,0.0,0.0,1.1197747500000002,11,typeb,renault,mail
2026-01-12 15:00:00,7.692423000499855,2.1567755577460135,0.28037661964323407,0,0,11,0.0,0.0,1.1197747500000002,11,typeb,renault,mail
2026-01-12 16:00:00,7.692423000499855,0.8613781042278976,0.11197747500000002,0,0,11,0.0,0.0,1.1197747500000002,11,typeb,renault,mail
2026-01-12 17:00:00,7.692423000499855,0.8613781042278976,0.11197747500000002,0,0,11,0.0,0.0,1.1197747500000002,11,typeb,renault,mail
2026-01-12 18:00:00,7.692423000499855,0.9979268466634844,0.1297285454269271,0,0,11,0.0,0.0,1.1197747500000002,11,typeb,renault,mail
2026-01-12 19:00:00,0.0,0.0,0.0,1,1,11,45.0,80.0,1.1197747500000002,11,typeb,renault,mail
2026-01-12 20:00:00,0.0,0.0,0.0,1,1,11,45.0,80.0,1.1197747500000002,11,typeb,renault,mail
2026-01-12 21:00:00,0.0,0.0,0.0,1,1,11,45.0,80.0,1.1197747500000002,11,typeb,renault,mail
2026-01-12 22:00:00,0.0,0.0,0.0,1,1,11,45.0,80.0,1.1197747500000002,11,typeb,renault,mail
2026-01-12 23:00:00,0.0,0.0,0.0,1,1,11,45.0,80.0,1.1197747500000002,11,typeb,renault,mail
2026-01-13 00:00:00,0.0,0.0,0.0,1,1,11,45.0,80.0,1.1197747500000002,11,typeb,renault,mail
2026-01-13 01:00:00,0.0,0.0,0.0,1,1,11,45.0,80.0,1.1197747500000002,11,typeb,renault,mail
2026-01-13 02:00:00,0.0,0.0,0.0,1,1,11,45.0,80.0,1.1197747500000002,11,typeb,renault,mail
2026-01-13 03:00:00,0.0,0.0,0.0,1,1,11,45.0,80.0,1.1197747500000002,11,typeb,renault,mail
2026-01-13 04:00:00,0.0,0.0,0.0,1,1,11,45.0,80.0,1.1197747500000002,11,typeb,renault,mail
2026-01-13 05:00:00,0.0,0.0,0.0,1,1,11,45.0,80.0,1.1197747500000002,11,typeb,renault,mail
2026-01-13 06:00:00,6.763417989270043,0.8366602839727764,0.12370376713373513,0,0,11,0.0,0.0,1.12415904,11,typeb,renault,mail
2026-01-13 07:00:00,6.763417989270043,0.9316971443022019,0.13775536951587364,0,0,11,0.0,0.0,1.12415904,11,typeb,renault,mail
2026-01-13 08:00:00,6.763417989270043,0.7603157473936544,0.11241590400000001,0,0,11,0.0,0.0,1.12415904,11,typeb,renault,mail
2026-01-13 09:00:00,6.763417989270043,3.421420863271444,0.5058715680000001,0,0,11,0.0,0.0,1.12415904,11,typeb,renault,mail
2026-01-13 10:00:00,6.763417989270043,1.622288073569797,0.2398621637969896,0,0,11,0.0,0.0,1.12415904,11,typeb,renault,mail
2026-01-13 11:00:00,6.763417989270043,0.7603157473936544,0.11241590400000001,0,0,11,0.0,0.0,1.12415904,11,typeb,renault,mail
2026-01-13 12:00:00,0.0,0.0,0.0,1,1,11,45.0,80.0,1.12415904,11,typeb,renault,mail
2026-01-13 13:00:00,6.763417989270043,1.5970384138156992,0.23612889464311565,0,0,11,0.0,0.0,1.12415904,11,typeb,renault,mail
2026-01-13 14:00:00,6.763417989270043,0.7603157473936544,0.11241590400000001,0,0,11,0.0,0.0,1.12415904,11,typeb,renault,mail
2026-01-13 15:00:00,6.763417989270043,1.4161411653338805,0.2093824701623566,0,0,11,0.0,0.0,1.12415904,11,typeb,renault,mail
2026-01-13 16:00:00,6.763417989270043,0.8478256590251333,0.12535461513249407,0,0,11,0.0,0.0,1.12415904,11,typeb,renault,mail
2026-01-13 17:00:00,6.763417989270043,0.8505041035800242,0.12575063450600318,0,0,11,0.0,0.0,1.12415904,11,typeb,renault,mail
2026-01-13 18:00:00,6.763417989270043,1.3488566582509784,0.19943417076852243,0,0,11,0.0,0.0,1.12415904,11,typeb,renault,mail
2026-01-13 19:00:00,6.763417989270043,0.8449487942483329,0.12492925848865447,0,0,11,0.0,0.0,1.12415904,11,typeb,renault,mail
2026-01-13 20:00:00,0.0,0.0,0.0,1,1,11,45.0,80.0,1.12415904,11,typeb,renault,mail
2026-01-13 21:00:00,0.0,0.0,0.0,1,1,11,45.0,80.0,1.12415904,11,typeb,renault,mail
2026-01-13 22:00:00,0.0,0.0,0.0,1,1,11,45.0,80.0,1.12415904,11,typeb,renault,mail
2026-01-13 23:00:00,0.0,0.0,0.0,1,1,11,45.0,80.0,1.12415904,11,typeb,renault,mail
2026-01-14 00:00:00,0.0,0.0,0.0,1,1,11,45.0,80.0,1.12415904,11,typeb,renault,mail
2026-01-14 01:00:00,0.0,0.0,0.0,1,1,11,45.0,80.0,1.12415904,11,typeb,renault,mail
2026-01-14 02:00:00,0.0,0.0,0.0,1,1,11,45.0,80.0,1.12415904,11,typeb,renault,mail
2026-01-14 03:00:00,0.0,0.0,0.0,1,1,11,45.0,80.0,1.12415904,11,typeb,renault,mail
2026-01-14 04:00:00,0.0,0.0,0.0,1,1,11,45.0,80.0,1.12415904,11,typeb,renault,mail
2026-01-14 05:00:00,0.0,0.0,0.0,1,1,11,45.0,80.0,1.12415904,11,typeb,renault,mail
2026-01-14 06:00:00,6.919629483811086,0.9182651311985616,0.13270437865884313,0,0,11,0.0,0.0,1.10192,11,typeb,renault,mail
2026-01-14 07:00:00,6.919629483811086,3.4311951543605006,0.495864,0,0,11,0.0,0.0,1.10192,11,typeb,renault,mail
2026-01-14 08:00:00,6.919629483811086,0.7624878120801112,0.11019200000000001,0,0,11,0.0,0.0,1.10192,11,typeb,renault,mail
2026-01-14 09:00:00,6.919629483811086,1.3454304349453978,0.19443677412108812,0,0,11,0.0,0.0,1.10192,11,typeb,renault,mail
2026-01-14 10:00:00,6.919629483811086,1.3541645197302885,0.19569899268428212,0,0,11,0.0,0.0,1.10192,11,typeb,renault,mail
2026-01-14 11:00:00,6.919629483811086,2.3498928639322627,0.3395980766643628,0,0,11,0.0,0.0,1.10192,11,typeb,renault,mail
2026-01-14 12:00:00,0.0,0.0,0.0,1,1,11,45.0,80.0,1.10192,11,typeb,renault,mail
2026-01-14 13:00:00,6.919629483811086,1.1332793969927017,0.16377746809190885,0,0,11,0.0,0.0,1.10192,11,typeb,renault,mail
2026-01-14 14:00:00,6.919629483811086,1.6860279315933215,0.24365870102407813,0,0,11,0.0,0.0,1.10192,11,typeb,renault,mail
2026-01-14 15:00:00,6.919629483811086,1.875429188370904,0.2710302903874536,0,0,11,0.0,0.0,1.10192,11,typeb,renault,mail
2026-01-14 16:00:00,6.919629483811086,1.0980897529346483,0.15869198712209942,0,0,11,0.0,0.0,1.10192,11,typeb,renault,mail
2026-01-14 17:00:00,6.919629483811086,1.8023765428531753,0.2604729844379602,0,0,11,0.0,0.0,1.10192,11,typeb,renault,mail
2026-01-14 18:00:00,6.919629483811086,3.4311951543605006,0.495864,0,0,11,0.0,0.0,1.10192,11,typeb,renault,mail
2026-01-14 19:00:00,6.919629483811086,0.7624878120801112,0.11019200000000001,0,0,11,0.0,0.0,1.10192,11,typeb,renault,mail
2026-01-14 20:00:00,0.0,0.0,0.0,1,1,11,45.0,80.0,1.10192,11,typeb,renault,mail
2026-01-14 21:00:00,0.0,0.0,0.0,1,1,11,45.0,80.0,1.10192,11,typeb,renault,mail
2026-01-14 22:00:00,0.0,0.0,0.0,1,1,11,45.0,80.0,1.10192,11,typeb,renault,mail
2026-01-14 23:00:00,0.0,0.0,0.0,1,1,11,45.0,80.0,1.10192,11,typeb,renault,mail
2026-01-01 00:00:00,0.0,0.0,0.0,1,1,12,45.0,80.0,1.0,12,typeb,renault,mail
2026-01-01 01:00:00,0.0,0.0,0.0,1,1,12,45.0,80.0,1.0,12,typeb,renault,mail
2026-01-01 02:00:00,0.0,0.0,0.0,1,1,12,45.0,80.0,1.0,12,typeb,renault,mail
2026-01-01 03:00:00,0.0,0.0,0.0,1,1,12,45.0,80.0,1.0,12,typeb,renault,mail
2026-01-01 04:00:00,0.0,0.0,0.0,1,1,12,45.0,80.0,1.0,12,typeb,renault,mail
2026-01-01 05:00:00,0.0,0.0,0.0,1,1,12,45.0,80.0,1.0,12,typeb,renault,mail
2026-01-01 06:00:00,12.23581808608541,2.6372240331073957,0.21553311879542,0,0,12,0.0,0.0,1.13291752,12,typeb,renault,mail
2026-01-01 07:00:00,12.23581808608541,3.2060331198230316,0.2620203322137436,0,0,12,0.0,0.0,1.13291752,12,typeb,renault,mail
2026-01-01 08:00:00,12.23581808608541,6.237977706566563,0.509812884,0,0,12,0.0,0.0,1.13291752,12,typeb,renault,mail
2026-01-01 09:00:00,12.23581808608541,2.280963019171018,0.18641687896332265,0,0,12,0.0,0.0,1.13291752,12,typeb,renault,mail
2026-01-01 10:00:00,12.23581808608541,6.237977706566563,0.509812884,0,0,12,0.0,0.0,1.13291752,12,typeb,renault,mail
2026-01-01 11:00:00,12.23581808608541,3.567962317663765,0.2915998172383142,0,0,12,0.0,0.0,1.13291752,12,typeb,renault,mail
2026-01-01 12:00:00,0.0,0.0,0.0,1,1,12,45.0,80.0,1.13291752,12,typeb,renault,mail
2026-01-01 13:00:00,12.235818086085409,3.886956341631864,0.31767032774474774,0,0,12,0.0,0.0,1.13291752,12,typeb,renault,mail
2026-01-01 14:00:00,12.235818086085409,1.8468033888704274,0.15093419793243043,0,0,12,0.0,0.0,1.13291752,12,typeb,renault,mail
2026-01-01 15:00:00,12.235818086085409,2.3592184441446946,0.1928124811554367,0,0,12,0.0,0.0,1.13291752,12,typeb,renault,mail
2026-01-01 16:00:00,12.235818086085409,1.3862172681259028,0.113291752,0,0,12,0.0,0.0,1.13291752,12,typeb,renault,mail
2026-01-01 17:00:00,12.235818086085409,1.770049334306611,0.1446612986441433,0,0,12,0.0,0.0,1.13291752,12,typeb,renault,mail
2026-01-01 18:00:00,12.235818086085409,1.8159350206254643,0.14841141048758713,0,0,12,0.0,0.0,1.13291752,12,typeb,renault,mail
2026-01-01 19:00:00,0.0,0.0,0.0,1,1,12,45.0,80.0,1.13291752,12,typeb,renault,mail
2026-01-01 20:00:00,0.0,0.0,0.0,1,1,12,45.0,80.0,1.13291752,12,typeb,renault,mail
2026-01-01 21:00:00,0.0,0.0,0.0,1,1,12,45.0,80.0,1.13291752,12,typeb,renault,mail
2026-01-01 22:00:00,0.0,0.0,0.0,1,1,12,45.0,80.0,1.13291752,12,typeb,renault,mail
2026-01-01 23:00:00,0.0,0.0,0.0,1,1,12,45.0,80.0,1.13291752,12,typeb,renault,mail
2026-01-02 00:00:00,0.0,0.0,0.0,1,1,12,45.0,80.0,1.13291752,12,typeb,renault,mail
2026-01-02 01:00:00,0.0,0.0,0.0,1,1,12,45.0,80.0,1.13291752,12,typeb,renault,mail
2026-01-02 02:00:00,0.0,0.0,0.0,1,1,12,45.0,80.0,1.13291752,12,typeb,renault,mail
2026-01-02 03:00:00,0.0,0.0,0.0,1,1,12,45.0,80.0,1.13291752,12,typeb,renault,mail
2026-01-02 04:00:00,0.0,0.0,0.0,1,1,12,45.0,80.0,1.13291752,12,typeb,renault,mail
2026-01-02 05:00:00,0.0,0.0,0.0,1,1,12,45.0,80.0,1.13291752,12,typeb,renault,mail
2026-01-02 06:00:00,0.0,0.0,0.0,1,1,12,45.0,80.0,1.13291752,12,typeb,renault,mail
2026-01-02 07:00:00,0.0,0.0,0.0,1,1,12,45.0,80.0,1.13291752,12,typeb,renault,mail
2026-01-02 08:00:00,9.93375395611821,1.4440653351389623,0.14536954926788387,0,0,12,0.0,0.0,1.23134816,12,typeb,renault,mail
2026-01-02 09:00:00,9.93375395611821,2.8187190294172604,0.2837516453365757,0,0,12,0.0,0.0,1.23134816,12,typeb,renault,mail
2026-01-02 10:00:00,9.93375395611821,1.223190965575888,0.12313481600000001,0,0,12,0.0,0.0,1.23134816,12,typeb,renault,mail
2026-01-02 11:00:00,9.93375395611821,3.8295484310052057,0.385508685631033,0,0,12,0.0,0.0,1.23134816,12,typeb,renault,mail
2026-01-02 12:00:00,0.0,0.0,0.0,1,1,12,45.0,80.0,1.23134816,12,typeb,renault,mail
2026-01-02 13:00:00,9.93375395611821,2.114984408061257,0.21290887789289725,0,0,12,0.0,0.0,1.23134816,12,typeb,renault,mail
2026-01-02 14:00:00,9.93375395611821,1.223190965575888,0.12313481600000001,0,0,12,0.0,0.0,1.23134816,12,typeb,renault,mail
2026-01-02 15:00:00,9.93375395611821,2.4245661272692356,0.24407350312677545,0,0,12,0.0,0.0,1.23134816,12,typeb,renault,mail
2026-01-02 16:00:00,9.93375395611821,1.6456170614236139,0.16565913235751895,0,0,12,0.0,0.0,1.23134816,12,typeb,renault,mail
2026-01-02 17:00:00,9.93375395611821,1.5991045627891323,0.16097686432068736,0,0,12,0.0,0.0,1.23134816,12,typeb,renault,mail
2026-01-02 18:00:00,0.0,0.0,0.0,1,1,12,45.0,80.0,1.23134816,12,typeb,renault,mail
2026-01-02 19:00:00,0.0,0.0,0.0,1,1,12,45.0,80.0,1.23134816,12,typeb,renault,mail
2026-01-02 20:00:00,0.0,0.0,0.0,1,1,12,45.0,80.0,1.23134816,12,typeb,renault,mail
2026-01-02 21:00:00,0.0,0.0,0.0,1,1,12,45.0,80.0,1.23134816,12,typeb,renault,mail
2026-01-02 22:00:00,0.0,0.0,0.0,1,1,12,45.0,80.0,1.23134816,12,typeb,renault,mail
2026-01-02 23:00:00,0.0,0.0,0.0,1,1,12,45.0,80.0,1.23134816,12,typeb,renault,mail
2026-01-03 00:00:00,0.0,0.0,0.0,1,1,12,45.0,80.0,1.23134816,12,typeb,renault,mail
2026-01-03 01:00:00,0.0,0.0,0.0,1,1,12,45.0,80.0,1.23134816,12,typeb,renault,mail
2026-01-03 02:00:00,0.0,0.0,0.0,1,1,12,45.0,80.0,1.23134816,12,typeb,renault,mail
2026-01-03 03:00:00,0.0,0.0,0.0,1,1,12,45.0,80.0,1.23134816,12,typeb,renault,mail
2026-01-03 04:00:00,0.0,0.0,0.0,1,1,12,45.0,80.0,1.23134816,12,typeb,renault,mail
2026-01-03 05:00:00,0.0,0.0,0.0,1,1,12,45.0,80.0,1.23134816,12,typeb,renault,mail
2026-01-03 06:00:00,0.0,0.0,0.0,1,1,12,45.0,80.0,1.23134816,12,typeb,renault,mail
2026-01-03 07:00:00,0.0,0.0,0.0,1,1,12,45.0,80.0,1.23134816,12,typeb,renault,mail
2026-01-03 08:00:00,0.0,0.0,0.0,1,1,12,45.0,80.0,1.23134816,12,typeb,renault,mail
2026-01-03 09:00:00,0.0,0.0,0.0,1,1,12,45.0,80.0,1.23134816,12,typeb,renault,mail
2026-01-03 10:00:00,9.10974432393545,2.117135327263312,0.23240337510907225,0,0,12,0.0,0.0,1.20636853,12,typeb,renault,mail
2026-01-03 11:00:00,9.10974432393545,1.0989708868741852,0.120636853,0,0,12,0.0,0.0,1.20636853,12,typeb,renault,mail
2026-01-03 12:00:00,9.10974432393545,1.9055807917354484,0.20918049112845233,0,0,12,0.0,0.0,1.20636853,12,typeb,renault,mail
2026-01-03 13:00:00,9.10974432393545,1.0989708868741852,0.120636853,0,0,12,0.0,0.0,1.20636853,12,typeb,renault,mail
2026-01-03 14:00:00,9.10974432393545,2.819638478793316,0.3095189479011876,0,0,12,0.0,0.0,1.20636853,12,typeb,renault,mail
2026-01-03 15:00:00,9.10974432393545,3.189327429722252,0.35010065225897014,0,0,12,0.0,0.0,1.20636853,12,typeb,renault,mail
2026-01-03 16:00:00,9.10974432393545,2.329888638328366,0.2557578517551461,0,0,12,0.0,0.0,1.20636853,12,typeb,renault,mail
2026-01-03 17:00:00,9.10974432393545,2.488142985547832,0.2731298373556266,0,0,12,0.0,0.0,1.20636853,12,typeb,renault,mail
2026-01-03 18:00:00,9.10974432393545,1.8864880986249728,0.20708463723491216,0,0,12,0.0,0.0,1.20636853,12,typeb,renault,mail
2026-01-03 19:00:00,0.0,0.0,0.0,1,1,12,45.0,80.0,1.20636853,12,typeb,renault,mail
2026-01-03 20:00:00,0.0,0.0,0.0,1,1,12,45.0,80.0,1.20636853,12,typeb,renault,mail
2026-01-03 21:00:00,0.0,0.0,0.0,1,1,12,45.0,80.0,1.20636853,12,typeb,renault,mail
2026-01-03 22:00:00,0.0,0.0,0.0,1,1,12,45.0,80.0,1.20636853,12,typeb,renault,mail
2026-01-03 23:00:00,0.0,0.0,0.0,1,1,12,45.0,80.0,1.20636853,12,typeb,renault,mail
2026-01-04 00:00:00,0.0,0.0,0.0,1,1,12,45.0,80.0,1.20636853,12,typeb,renault,mail
2026-01-04 01:00:00,0.0,0.0,0.0,1,1,12,45.0,80.0,1.20636853,12,typeb,renault,mail
2026-01-04 02:00:00,0.0,0.0,0.0,1,1,12,45.0,80.0,1.20636853,12,typeb,renault,mail
2026-01-04 03:00:00,0.0,0.0,0.0,1,1,12,45.0,80.0,1.20636853,12,typeb,renault,mail
2026-01-04 04:00:00,0.0,0.0,0.0,1,1,12,45.0,80.0,1.20636853,12,typeb,renault,mail
2026-01-04 05:00:00,0.0,0.0,0.0,1,1,12,45.0,80.0,1.20636853,12,typeb,renault,mail
2026-01-04 06:00:00,0.0,0.0,0.0,1,1,12,45.0,80.0,1.20636853,12,typeb,renault,mail
2026-01-04 07:00:00,0.0,0.0,0.0,1,1,12,45.0,80.0,1.20636853,12,typeb,renault,mail
2026-01-04 08:00:00,4.2515628069948574,0.6408359062938336,0.15072949298537994,0,0,12,0.0,0.0,1.3029730700000002,12,typeb,renault,mail
2026-01-04 09:00:00,4.2515628069948574,0.7369118998523185,0.17332729946736736,0,0,12,0.0,0.0,1.3029730700000002,12,typeb,renault,mail
2026-01-04 10:00:00,4.2515628069948574,1.4009289684252557,0.3295091786296526,0,0,12,0.0,0.0,1.3029730700000002,12,typeb,renault,mail
2026-01-04 11:00:00,4.2515628069948574,1.6813536794120971,0.39546720952724973,0,0,12,0.0,0.0,1.3029730700000002,12,typeb,renault,mail
2026-01-04 12:00:00,4.2515628069948574,0.5539671842927908,0.13029730700000003,0,0,12,0.0,0.0,1.3029730700000002,12,typeb,renault,mail
2026-01-04 13:00:00,4.2515628069948574,0.5539671842927908,0.13029730700000003,0,0,12,0.0,0.0,1.3029730700000002,12,typeb,renault,mail
2026-01-04 14:00:00,4.2515628069948574,1.4234704361647077,0.3348111037717123,0,0,12,0.0,0.0,1.3029730700000002,12,typeb,renault,mail
2026-01-04 15:00:00,4.2515628069948574,1.1633040704599904,0.27361799020023214,0,0,12,0.0,0.0,1.3029730700000002,12,typeb,renault,mail
2026-01-04 16:00:00,4.251562806994858,0.618486975888405,0.1454728540928157,0,0,12,0.0,0.0,1.3029730700000002,12,typeb,renault,mail
2026-01-04 17:00:00,4.251562806994858,0.5539671842927909,0.13029730700000003,0,0,12,0.0,0.0,1.3029730700000002,12,typeb,renault,mail
2026-01-04 18:00:00,4.251562806994858,1.2820092866807502,0.30153836245145715,0,0,12,0.0,0.0,1.3029730700000002,12,typeb,renault,mail
2026-01-04 19:00:00,4.251562806994858,1.6532111119041897,0.3888478629985788,0,0,12,0.0,0.0,1.3029730700000002,12,typeb,renault,mail
2026-01-04 20:00:00,0.0,0.0,0.0,1,1,12,45.0,80.0,1.3029730700000002,12,typeb,renault,mail
2026-01-04 21:00:00,0.0,0.0,0.0,1,1,12,45.0,80.0,1.3029730700000002,12,typeb,renault,mail
2026-01-04 22:00:00,0.0,0.0,0.0,1,1,12,45.0,80.0,1.3029730700000002,12,typeb,renault,mail
2026-01-04 23:00:00,0.0,0.0,0.0,1,1,12,45.0,80.0,1.3029730700000002,12,typeb,renault,mail
2026-01-05 00:00:00,0.0,0.0,0.0,1,1,12,45.0,80.0,1.3029730700000002,12,typeb,renault,mail
2026-01-05 01:00:00,0.0,0.0,0.0,1,1,12,45.0,80.0,1.3029730700000002,12,typeb,renault,mail
2026-01-05 02:00:00,0.0,0.0,0.0,1,1,12,45.0,80.0,1.3029730700000002,12,typeb,renault,mail
2026-01-05 03:00:00,0.0,0.0,0.0,1,1,12,45.0,80.0,1.3029730700000002,12,typeb,renault,mail
2026-01-05 04:00:00,0.0,0.0,0.0,1,1,12,45.0,80.0,1.3029730700000002,12,typeb,renault,mail
2026-01-05 05:00:00,9.695710587664621,3.8608685144807233,0.3982037705820879,0,0,12,0.0,0.0,1.21493373,12,typeb,renault,mail
2026-01-05 06:00:00,9.695710587664621,2.1333963652336974,0.2200350707608696,0,0,12,0.0,0.0,1.21493373,12,typeb,renault,mail
2026-01-05 07:00:00,9.695710587664621,1.177964582927187,0.12149337300000002,0,0,12,0.0,0.0,1.21493373,12,typeb,renault,mail
2026-01-05 08:00:00,9.695710587664621,4.184518383353169,0.4315844976516654,0,0,12,0.0,0.0,1.21493373,12,typeb,renault,mail
2026-01-05 09:00:00,9.695710587664621,3.676126171391596,0.37914974236839866,0,0,12,0.0,0.0,1.21493373,12,typeb,renault,mail
2026-01-05 10:00:00,9.695710587664621,2.3477878597810413,0.2421470647822365,0,0,12,0.0,0.0,1.21493373,12,typeb,renault,mail
2026-01-05 11:00:00,9.695710587664621,1.177964582927187,0.12149337300000002,0,0,12,0.0,0.0,1.21493373,12,typeb,renault,mail
2026-01-05 12:00:00,9.695710587664621,5.070197395169337,0.5229320068216456,0,0,12,0.0,0.0,1.21493373,12,typeb,renault,mail
2026-01-05 13:00:00,9.695710587664623,1.8984282935303007,0.1958008416572972,0,0,12,0.0,0.0,1.21493373,12,typeb,renault,mail
2026-01-05 14:00:00,9.695710587664623,2.491926139002665,0.2570132551370727,0,0,12,0.0,0.0,1.21493373,12,typeb,renault,mail
2026-01-05 15:00:00,9.695710587664623,1.1779645829271874,0.12149337300000002,0,0,12,0.0,0.0,1.21493373,12,typeb,renault,mail
2026-01-05 16:00:00,9.695710587664623,1.1779645829271874,0.12149337300000002,0,0,12,0.0,0.0,1.21493373,12,typeb,renault,mail
2026-01-05 17:00:00,9.695710587664623,1.4268585117895558,0.14716389261916274,0,0,12,0.0,0.0,1.21493373,12,typeb,renault,mail
2026-01-05 18:00:00,9.695710587664623,1.1779645829271874,0.12149337300000002,0,0,12,0.0,0.0,1.21493373,12,typeb,renault,mail
2026-01-05 19:00:00,0.0,0.0,0.0,1,1,12,45.0,80.0,1.21493373,12,typeb,renault,mail
2026-01-05 20:00:00,0.0,0.0,0.0,1,1,12,45.0,80.0,1.21493373,12,typeb,renault,mail
2026-01-05 21:00:00,0.0,0.0,0.0,1,1,12,45.0,80.0,1.21493373,12,typeb,renault,mail
2026-01-05 22:00:00,0.0,0.0,0.0,1,1,12,45.0,80.0,1.21493373,12,typeb,renault,mail
2026-01-05 23:00:00,0.0,0.0,0.0,1,1,12,45.0,80.0,1.21493373,12,typeb,renault,mail
2026-01-06 00:00:00,0.0,0.0,0.0,1,1,12,45.0,80.0,1.21493373,12,typeb,renault,mail
2026-01-06 01:00:00,0.0,0.0,0.0,1,1,12,45.0,80.0,1.21493373,12,typeb,renault,mail
2026-01-06 02:00:00,0.0,0.0,0.0,1,1,12,45.0,80.0,1.21493373,12,typeb,renault,mail
2026-01-06 03:00:00,0.0,0.0,0.0,1,1,12,45.0,80.0,1.21493373,12,typeb,renault,mail
2026-01-06 04:00:00,0.0,0.0,0.0,1,1,12,45.0,80.0,1.21493373,12,typeb,renault,mail
2026-01-06 05:00:00,0.0,0.0,0.0,1,1,12,45.0,80.0,1.21493373,12,typeb,renault,mail
2026-01-06 06:00:00,7.7840074141452735,4.153024712126198,0.5335329851535378,0,0,12,0.0,0.0,1.31556704,12,typeb,renault,mail
2026-01-06 07:00:00,7.7840074141452735,1.5513832073044211,0.1993039221012576,0,0,12,0.0,0.0,1.31556704,12,typeb,renault,mail
2026-01-06 08:00:00,7.7840074141452735,1.5719809708352506,0.201950086529801,0,0,12,0.0,0.0,1.31556704,12,typeb,renault,mail
2026-01-06 09:00:00,7.7840074141452735,1.0240383593165152,0.131556704,0,0,12,0.0,0.0,1.31556704,12,typeb,renault,mail
2026-01-06 10:00:00,7.7840074141452735,3.2688042349059696,0.419938479113705,0,0,12,0.0,0.0,1.31556704,12,typeb,renault,mail
2026-01-06 11:00:00,7.7840074141452735,2.835079172135461,0.36421845731846186,0,0,12,0.0,0.0,1.31556704,12,typeb,renault,mail
2026-01-06 12:00:00,7.7840074141452735,1.0939783448052949,0.1405417912137767,0,0,12,0.0,0.0,1.31556704,12,typeb,renault,mail
2026-01-06 13:00:00,0.0,0.0,0.0,1,1,12,45.0,80.0,1.31556704,12,typeb,renault,mail
2026-01-06 14:00:00,7.784007414145274,1.5450466685775293,0.1984898762775888,0,0,12,0.0,0.0,1.31556704,12,typeb,renault,mail
2026-01-06 15:00:00,7.784007414145274,1.0240383593165154,0.131556704,0,0,12,0.0,0.0,1.31556704,12,typeb,renault,mail
2026-01-06 16:00:00,7.784007414145274,1.5596997332828324,0.20037233397909038,0,0,12,0.0,0.0,1.31556704,12,typeb,renault,mail
2026-01-06 17:00:00,7.784007414145274,1.8116963634896368,0.23274597095030783,0,0,12,0.0,0.0,1.31556704,12,typeb,renault,mail
2026-01-06 18:00:00,7.784007414145274,1.2987172460301977,0.16684429715086593,0,0,12,0.0,0.0,1.31556704,12,typeb,renault,mail
2026-01-06 19:00:00,7.784007414145274,4.213268315660947,0.5412723924189102,0,0,12,0.0,0.0,1.31556704,12,typeb,renault,mail
2026-01-06 20:00:00,0.0,0.0,0.0,1,1,12,45.0,80.0,1.31556704,12,typeb,renault,mail
2026-01-06 21:00:00,0.0,0.0,0.0,1,1,12,45.0,80.0,1.31556704,12,typeb,renault,mail
2026-01-06 22:00:00,0.0,0.0,0.0,1,1,12,45.0,80.0,1.31556704,12,typeb,renault,mail
2026-01-06 23:00:00,0.0,0.0,0.0,1,1,12,45.0,80.0,1.31556704,12,typeb,renault,mail
2026-01-07 00:00:00,0.0,0.0,0.0,1,1,12,45.0,80.0,1.31556704,12,typeb,renault,mail
2026-01-07 01:00:00,0.0,0.0,0.0,1,1,12,45.0,80.0,1.31556704,12,typeb,renault,mail
2026-01-07 02:00:00,0.0,0.0,0.0,1,1,12,45.0,80.0,1.31556704,12,typeb,renault,mail
2026-01-07 03:00:00,0.0,0.0,0.0,1,1,12,45.0,80.0,1.31556704,12,typeb,renault,mail
2026-01-07 04:00:00,0.0,0.0,0.0,1,1,12,45.0,80.0,1.31556704,12,typeb,renault,mail
2026-01-07 05:00:00,0.0,0.0,0.0,1,1,12,45.0,80.0,1.31556704,12,typeb,renault,mail
2026-01-07 06:00:00,0.0,0.0,0.0,1,1,12,45.0,80.0,1.31556704,12,typeb,renault,mail
2026-01-07 07:00:00,0.0,0.0,0.0,1,1,12,45.0,80.0,1.31556704,12,typeb,renault,mail
2026-01-07 08:00:00,10.124652008767455,3.9168392257639058,0.3868616148359582,0,0,12,0.0,0.0,1.25926432,12,typeb,renault,mail
2026-01-07 09:00:00,10.124652008767455,2.0861815372464485,0.20604970278878887,0,0,12,0.0,0.0,1.25926432,12,typeb,renault,mail
2026-01-07 10:00:00,10.124652008767455,2.818147231650817,0.2783450956349353,0,0,12,0.0,0.0,1.25926432,12,typeb,renault,mail
2026-01-07 11:00:00,10.124652008767455,1.5566957393529173,0.15375301175831965,0,0,12,0.0,0.0,1.25926432,12,typeb,renault,mail
2026-01-07 12:00:00,10.124652008767455,3.043039084163063,0.3005574000496945,0,0,12,0.0,0.0,1.25926432,12,typeb,renault,mail
2026-01-07 13:00:00,10.124652008767457,1.9391641288623374,0.19152896585315873,0,0,12,0.0,0.0,1.25926432,12,typeb,renault,mail
2026-01-07 14:00:00,10.124652008767457,2.0872015736077714,0.20615045058342313,0,0,12,0.0,0.0,1.25926432,12,typeb,renault,mail
2026-01-07 15:00:00,10.124652008767457,1.2749613027057187,0.125926432,0,0,12,0.0,0.0,1.25926432,12,typeb,renault,mail
2026-01-07 16:00:00,10.124652008767457,2.0065644064360217,0.1981860121906841,0,0,12,0.0,0.0,1.25926432,12,typeb,renault,mail
2026-01-07 17:00:00,10.124652008767457,1.9417053804839604,0.1917799622942633,0,0,12,0.0,0.0,1.25926432,12,typeb,renault,mail
2026-01-07 18:00:00,10.124652008767457,1.2749613027057187,0.125926432,0,0,12,0.0,0.0,1.25926432,12,typeb,renault,mail
2026-01-07 19:00:00,0.0,0.0,0.0,1,1,12,45.0,80.0,1.25926432,12,typeb,renault,mail
2026-01-07 20:00:00,0.0,0.0,0.0,1,1,12,45.0,80.0,1.25926432,12,typeb,renault,mail
2026-01-07 21:00:00,0.0,0.0,0.0,1,1,12,45.0,80.0,1.25926432,12,typeb,renault,mail
2026-01-07 22:00:00,0.0,0.0,0.0,1,1,12,45.0,80.0,1.25926432,12,typeb,renault,mail
2026-01-07 23:00:00,0.0,0.0,0.0,1,1,12,45.0,80.0,1.25926432,12,typeb,renault,mail
2026-01-08 00:00:00,0.0,0.0,0.0,1,1,12,45.0,80.0,1.25926432,12,typeb,renault,mail
2026-01-08 01:00:00,0.0,0.0,0.0,1,1,12,45.0,80.0,1.25926432,12,typeb,renault,mail
2026-01-08 02:00:00,0.0,0.0,0.0,1,1,12,45.0,80.0,1.25926432,12,typeb,renault,mail
2026-01-08 03:00:00,0.0,0.0,0.0,1,1,12,45.0,80.0,1.25926432,12,typeb,renault,mail
2026-01-08 04:00:00,0.0,0.0,0.0,1,1,12,45.0,80.0,1.25926432,12,typeb,renault,mail
2026-01-08 05:00:00,0.0,0.0,0.0,1,1,12,45.0,80.0,1.25926432,12,typeb,renault,mail
2026-01-08 06:00:00,0.0,0.0,0.0,1,1,12,45.0,80.0,1.25926432,12,typeb,renault,mail
2026-01-08 07:00:00,10.986487151199077,1.4793255054663637,0.1346495458564213,0,0,12,0.0,0.0,1.16541536,12,typeb,renault,mail
2026-01-08 08:00:00,10.986487151199077,3.0843986961492122,0.2807447597854404,0,0,12,0.0,0.0,1.16541536,12,typeb,renault,mail
2026-01-08 09:00:00,10.986487151199077,1.2803820878450047,0.116541536,0,0,12,0.0,0.0,1.16541536,12,typeb,renault,mail
2026-01-08 10:00:00,10.986487151199077,1.2803820878450047,0.116541536,0,0,12,0.0,0.0,1.16541536,12,typeb,renault,mail
2026-01-08 11:00:00,10.986487151199077,1.8093027902046501,0.16468437684443848,0,0,12,0.0,0.0,1.16541536,12,typeb,renault,mail
2026-01-08 12:00:00,10.986487151199077,1.2803820878450047,0.116541536,0,0,12,0.0,0.0,1.16541536,12,typeb,renault,mail
2026-01-08 13:00:00,10.986487151199077,1.4087439982599472,0.12822515321525638,0,0,12,0.0,0.0,1.16541536,12,typeb,renault,mail
2026-01-08 14:00:00,10.986487151199077,1.2803820878450047,0.116541536,0,0,12,0.0,0.0,1.16541536,12,typeb,renault,mail
2026-01-08 15:00:00,10.986487151199077,1.2803820878450047,0.116541536,0,0,12,0.0,0.0,1.16541536,12,typeb,renault,mail
2026-01-08 16:00:00,10.986487151199077,1.5603851576955488,0.14202766873715833,0,0,12,0.0,0.0,1.16541536,12,typeb,renault,mail
2026-01-08 17:00:00,10.986487151199077,2.6417323367411556,0.24045286727093965,0,0,12,0.0,0.0,1.16541536,12,typeb,renault,mail
2026-01-08 18:00:00,10.986487151199077,1.7648229055511142,0.16063577750222915,0,0,12,0.0,0.0,1.16541536,12,typeb,renault,mail
2026-01-08 19:00:00,0.0,0.0,0.0,1,1,12,45.0,80.0,1.16541536,12,typeb,renault,mail
2026-01-08 20:00:00,0.0,0.0,0.0,1,1,12,45.0,80.0,1.16541536,12,typeb,renault,mail
2026-01-08 21:00:00,0.0,0.0,0.0,1,1,12,45.0,80.0,1.16541536,12,typeb,renault,mail
2026-01-08 22:00:00,0.0,0.0,0.0,1,1,12,45.0,80.0,1.16541536,12,typeb,renault,mail
2026-01-08 23:00:00,0.0,0.0,0.0,1,1,12,45.0,80.0,1.16541536,12,typeb,renault,mail
2026-01-09 00:00:00,0.0,0.0,0.0,1,1,12,45.0,80.0,1.16541536,12,typeb,renault,mail
2026-01-09 01:00:00,0.0,0.0,0.0,1,1,12,45.0,80.0,1.16541536,12,typeb,renault,mail
2026-01-09 02:00:00,0.0,0.0,0.0,1,1,12,45.0,80.0,1.16541536,12,typeb,renault,mail
2026-01-09 03:00:00,0.0,0.0,0.0,1,1,12,45.0,80.0,1.16541536,12,typeb,renault,mail
2026-01-09 04:00:00,0.0,0.0,0.0,1,1,12,45.0,80.0,1.16541536,12,typeb,renault,mail
2026-01-09 05:00:00,0.0,0.0,0.0,1,1,12,45.0,80.0,1.16541536,12,typeb,renault,mail
2026-01-09 06:00:00,0.0,0.0,0.0,1,1,12,45.0,80.0,1.16541536,12,typeb,renault,mail
2026-01-09 07:00:00,0.0,0.0,0.0,1,1,12,45.0,80.0,1.16541536,12,typeb,renault,mail
2026-01-09 08:00:00,15.391473380264765,1.7466283394096311,0.113480256,0,0,12,0.0,0.0,1.13480256,12,typeb,renault,mail
2026-01-09 09:00:00,15.391473380264765,2.7634425261297824,0.1795437290411144,0,0,12,0.0,0.0,1.13480256,12,typeb,renault,mail
2026-01-09 10:00:00,15.391473380264765,7.85982752734334,0.5106611520000001,0,0,12,0.0,0.0,1.13480256,12,typeb,renault,mail
2026-01-09 11:00:00,15.391473380264765,3.9062650580490548,0.2537940950512081,0,0,12,0.0,0.0,1.13480256,12,typeb,renault,mail
2026-01-09 12:00:00,0.0,0.0,0.0,1,1,12,45.0,80.0,1.13480256,12,typeb,renault,mail
2026-01-09 13:00:00,0.0,0.0,0.0,1,1,12,45.0,80.0,1.13480256,12,typeb,renault,mail
2026-01-09 14:00:00,15.391473380264765,1.7466283394096311,0.113480256,0,0,12,0.0,0.0,1.13480256,12,typeb,renault,mail
2026-01-09 15:00:00,15.391473380264765,7.495629248367151,0.4869988118212377,0,0,12,0.0,0.0,1.13480256,12,typeb,renault,mail
2026-01-09 16:00:00,15.391473380264765,6.696270823637314,0.43506366532936336,0,0,12,0.0,0.0,1.13480256,12,typeb,renault,mail
2026-01-09 17:00:00,15.391473380264765,2.6482980356400376,0.172062671987968,0,0,12,0.0,0.0,1.13480256,12,typeb,renault,mail
2026-01-09 18:00:00,15.391473380264765,2.848875483244134,0.18509439693389038,0,0,12,0.0,0.0,1.13480256,12,typeb,renault,mail
2026-01-09 19:00:00,0.0,0.0,0.0,1,1,12,45.0,80.0,1.13480256,12,typeb,renault,mail
2026-01-09 20:00:00,0.0,0.0,0.0,1,1,12,45.0,80.0,1.13480256,12,typeb,renault,mail
2026-01-09 21:00:00,0.0,0.0,0.0,1,1,12,45.0,80.0,1.13480256,12,typeb,renault,mail
2026-01-09 22:00:00,0.0,0.0,0.0,1,1,12,45.0,80.0,1.13480256,12,typeb,renault,mail
2026-01-09 23:00:00,0.0,0.0,0.0,1,1,12,45.0,80.0,1.13480256,12,typeb,renault,mail
2026-01-10 00:00:00,0.0,0.0,0.0,1,1,12,45.0,80.0,1.13480256,12,typeb,renault,mail
2026-01-10 01:00:00,0.0,0.0,0.0,1,1,12,45.0,80.0,1.13480256,12,typeb,renault,mail
2026-01-10 02:00:00,0.0,0.0,0.0,1,1,12,45.0,80.0,1.13480256,12,typeb,renault,mail
2026-01-10 03:00:00,0.0,0.0,0.0,1,1,12,45.0,80.0,1.13480256,12,typeb,renault,mail
2026-01-10 04:00:00,0.0,0.0,0.0,1,1,12,45.0,80.0,1.13480256,12,typeb,renault,mail
2026-01-10 05:00:00,0.0,0.0,0.0,1,1,12,45.0,80.0,1.13480256,12,typeb,renault,mail
2026-01-10 06:00:00,0.0,0.0,0.0,1,1,12,45.0,80.0,1.13480256,12,typeb,renault,mail
2026-01-10 07:00:00,0.0,0.0,0.0,1,1,12,45.0,80.0,1.13480256,12,typeb,renault,mail
2026-01-10 08:00:00,5.036715197035431,0.5991626031241377,0.118959,0,0,12,0.0,0.0,1.18959,12,typeb,renault,mail
2026-01-10 09:00:00,5.036715197035431,1.133608067623813,0.22506892354982577,0,0,12,0.0,0.0,1.18959,12,typeb,renault,mail
2026-01-10 10:00:00,5.036715197035431,2.1567651377993466,0.4282086743893721,0,0,12,0.0,0.0,1.18959,12,typeb,renault,mail
2026-01-10 11:00:00,5.036715197035431,1.0024688415515477,0.19903226653386968,0,0,12,0.0,0.0,1.18959,12,typeb,renault,mail
2026-01-10 12:00:00,5.036715197035431,0.5991626031241377,0.118959,0,0,12,0.0,0.0,1.18959,12,typeb,renault,mail
2026-01-10 13:00:00,5.036715197035431,2.0393724321672364,0.4049012803756691,0,0,12,0.0,0.0,1.18959,12,typeb,renault,mail
2026-01-10 14:00:00,5.036715197035431,1.780654387498808,0.35353485711220806,0,0,12,0.0,0.0,1.18959,12,typeb,renault,mail
2026-01-10 15:00:00,0.0,0.0,0.0,1,1,12,45.0,80.0,1.18959,12,typeb,renault,mail
2026-01-10 16:00:00,5.036715197035432,0.5991626031241379,0.118959,0,0,12,0.0,0.0,1.18959,12,typeb,renault,mail
2026-01-10 17:00:00,5.036715197035432,0.8335756961011788,0.16549986717371162,0,0,12,0.0,0.0,1.18959,12,typeb,renault,mail
2026-01-10 18:00:00,5.036715197035432,0.9257768320409686,0.18380567410003112,0,0,12,0.0,0.0,1.18959,12,typeb,renault,mail
2026-01-10 19:00:00,0.0,0.0,0.0,1,1,12,45.0,80.0,1.18959,12,typeb,renault,mail
2026-01-10 20:00:00,0.0,0.0,0.0,1,1,12,45.0,80.0,1.18959,12,typeb,renault,mail
2026-01-10 21:00:00,0.0,0.0,0.0,1,1,12,45.0,80.0,1.18959,12,typeb,renault,mail
2026-01-10 22:00:00,0.0,0.0,0.0,1,1,12,45.0,80.0,1.18959,12,typeb,renault,mail
2026-01-10 23:00:00,0.0,0.0,0.0,1,1,12,45.0,80.0,1.18959,12,typeb,renault,mail
2026-01-11 00:00:00,0.0,0.0,0.0,1,1,12,45.0,80.0,1.18959,12,typeb,renault,mail
2026-01-11 01:00:00,0.0,0.0,0.0,1,1,12,45.0,80.0,1.18959,12,typeb,renault,mail
2026-01-11 02:00:00,0.0,0.0,0.0,1,1,12,45.0,80.0,1.18959,12,typeb,renault,mail
2026-01-11 03:00:00,0.0,0.0,0.0,1,1,12,45.0,80.0,1.18959,12,typeb,renault,mail
2026-01-11 04:00:00,0.0,0.0,0.0,1,1,12,45.0,80.0,1.18959,12,typeb,renault,mail
2026-01-11 05:00:00,0.0,0.0,0.0,1,1,12,45.0,80.0,1.18959,12,typeb,renault,mail
2026-01-11 06:00:00,0.0,0.0,0.0,1,1,12,45.0,80.0,1.18959,12,typeb,renault,mail
2026-01-11 07:00:00,0.0,0.0,0.0,1,1,12,45.0,80.0,1.18959,12,typeb,renault,mail
2026-01-11 08:00:00,0.0,0.0,0.0,1,1,12,45.0,80.0,1.18959,12,typeb,renault,mail
2026-01-11 09:00:00,8.770178822919693,4.318893265154024,0.4924521326597324,0,0,12,0.0,0.0,1.12204732,12,typeb,renault,mail
2026-01-11 10:00:00,8.770178822919693,4.428250039880009,0.5049212940000001,0,0,12,0.0,0.0,1.12204732,12,typeb,renault,mail
2026-01-11 11:00:00,8.770178822919693,0.9840555644177796,0.11220473200000002,0,0,12,0.0,0.0,1.12204732,12,typeb,renault,mail
2026-01-11 12:00:00,8.770178822919693,1.5581669091644987,0.17766649239721743,0,0,12,0.0,0.0,1.12204732,12,typeb,renault,mail
2026-01-11 13:00:00,8.770178822919693,2.214347526461292,0.2524860178078,0,0,12,0.0,0.0,1.12204732,12,typeb,renault,mail
2026-01-11 14:00:00,8.770178822919693,0.9840555644177796,0.11220473200000002,0,0,12,0.0,0.0,1.12204732,12,typeb,renault,mail
2026-01-11 15:00:00,0.0,0.0,0.0,1,1,12,45.0,80.0,1.12204732,12,typeb,renault,mail
2026-01-11 16:00:00,8.770178822919695,1.6544159198672594,0.18864107029877927,0,0,12,0.0,0.0,1.12204732,12,typeb,renault,mail
2026-01-11 17:00:00,8.770178822919695,1.5873823380447816,0.180997716249111,0,0,12,0.0,0.0,1.12204732,12,typeb,renault,mail
2026-01-11 18:00:00,8.770178822919695,2.0378987468168606,0.23236684085518114,0,0,12,0.0,0.0,1.12204732,12,typeb,renault,mail
2026-01-11 19:00:00,0.0,0.0,0.0,1,1,12,45.0,80.0,1.12204732,12,typeb,renault,mail
2026-01-11 20:00:00,0.0,0.0,0.0,1,1,12,45.0,80.0,1.12204732,12,typeb,renault,mail
2026-01-11 21:00:00,0.0,0.0,0.0,1,1,12,45.0,80.0,1.12204732,12,typeb,renault,mail
2026-01-11 22:00:00,0.0,0.0,0.0,1,1,12,45.0,80.0,1.12204732,12,typeb,renault,mail
2026-01-11 23:00:00,0.0,0.0,0.0,1,1,12,45.0,80.0,1.12204732,12,typeb,renault,mail
2026-01-12 00:00:00,0.0,0.0,0.0,1,1,12,45.0,80.0,1.12204732,12,typeb,renault,mail
2026-01-12 01:00:00,0.0,0.0,0.0,1,1,12,45.0,80.0,1.12204732,12,typeb,renault,mail
2026-01-12 02:00:00,0.0,0.0,0.0,1,1,12,45.0,80.0,1.12204732,12,typeb,renault,mail
2026-01-12 03:00:00,0.0,0.0,0.0,1,1,12,45.0,80.0,1.12204732,12,typeb,renault,mail
2026-01-12 04:00:00,0.0,0.0,0.0,1,1,12,45.0,80.0,1.12204732,12,typeb,renault,mail
2026-01-12 05:00:00,0.0,0.0,0.0,1,1,12,45.0,80.0,1.12204732,12,typeb,renault,mail
2026-01-12 06:00:00,0.0,0.0,0.0,1,1,12,45.0,80.0,1.12204732,12,typeb,renault,mail
2026-01-12 07:00:00,12.521502725917097,1.5802202247528323,0.12620052555529784,0,0,12,0.0,0.0,1.1197747500000002,12,typeb,renault,mail
2026-01-12 08:00:00,12.521502725917097,2.88873351559579,0.23070182380080215,0,0,12,0.0,0.0,1.1197747500000002,12,typeb,renault,mail
2026-01-12 09:00:00,12.521502725917097,1.402126258453814,0.11197747500000002,0,0,12,0.0,0.0,1.1197747500000002,12,typeb,renault,mail
2026-01-12 10:00:00,12.521502725917097,6.3095681630421625,0.5038986375000001,0,0,12,0.0,0.0,1.1197747500000002,12,typeb,renault,mail
2026-01-12 11:00:00,12.521502725917097,1.9881797939080044,0.15878124514503003,0,0,12,0.0,0.0,1.1197747500000002,12,typeb,renault,mail
2026-01-12 12:00:00,12.521502725917097,1.402126258453814,0.11197747500000002,0,0,12,0.0,0.0,1.1197747500000002,12,typeb,renault,mail
2026-01-12 13:00:00,12.521502725917099,3.0466250406810826,0.2433114544930103,0,0,12,0.0,0.0,1.1197747500000002,12,typeb,renault,mail
2026-01-12 14:00:00,12.521502725917099,1.6655225127148294,0.13301298966836614,0,0,12,0.0,0.0,1.1197747500000002,12,typeb,renault,mail
2026-01-12 15:00:00,12.521502725917099,2.3131425062518165,0.18473361839103042,0,0,12,0.0,0.0,1.1197747500000002,12,typeb,renault,mail
2026-01-12 16:00:00,12.521502725917099,2.9030028686086493,0.2318414117021268,0,0,12,0.0,0.0,1.1197747500000002,12,typeb,renault,mail
2026-01-12 17:00:00,12.521502725917099,5.0495607497099195,0.4032711456635554,0,0,12,0.0,0.0,1.1197747500000002,12,typeb,renault,mail
2026-01-12 18:00:00,12.521502725917099,1.4021262584538141,0.11197747500000002,0,0,12,0.0,0.0,1.1197747500000002,12,typeb,renault,mail
2026-01-12 19:00:00,0.0,0.0,0.0,1,1,12,45.0,80.0,1.1197747500000002,12,typeb,renault,mail
2026-01-12 20:00:00,0.0,0.0,0.0,1,1,12,45.0,80.0,1.1197747500000002,12,typeb,renault,mail
2026-01-12 21:00:00,0.0,0.0,0.0,1,1,12,45.0,80.0,1.1197747500000002,12,typeb,renault,mail
2026-01-12 22:00:00,0.0,0.0,0.0,1,1,12,45.0,80.0,1.1197747500000002,12,typeb,renault,mail
2026-01-12 23:00:00,0.0,0.0,0.0,1,1,12,45.0,80.0,1.1197747500000002,12,typeb,renault,mail
2026-01-13 00:00:00,0.0,0.0,0.0,1,1,12,45.0,80.0,1.1197747500000002,12,typeb,renault,mail
2026-01-13 01:00:00,0.0,0.0,0.0,1,1,12,45.0,80.0,1.1197747500000002,12,typeb,renault,mail
2026-01-13 02:00:00,0.0,0.0,0.0,1,1,12,45.0,80.0,1.1197747500000002,12,typeb,renault,mail
2026-01-13 03:00:00,0.0,0.0,0.0,1,1,12,45.0,80.0,1.1197747500000002,12,typeb,renault,mail
2026-01-13 04:00:00,0.0,0.0,0.0,1,1,12,45.0,80.0,1.1197747500000002,12,typeb,renault,mail
2026-01-13 05:00:00,0.0,0.0,0.0,1,1,12,45.0,80.0,1.1197747500000002,12,typeb,renault,mail
2026-01-13 06:00:00,0.0,0.0,0.0,1,1,12,45.0,80.0,1.1197747500000002,12,typeb,renault,mail
2026-01-13 07:00:00,0.0,0.0,0.0,1,1,12,45.0,80.0,1.1197747500000002,12,typeb,renault,mail
2026-01-13 08:00:00,9.181775968231133,4.122698561882678,0.4490088383932673,0,0,12,0.0,0.0,1.12415904,12,typeb,renault,mail
2026-01-13 09:00:00,9.181775968231133,1.5553923411946025,0.16939994469220843,0,0,12,0.0,0.0,1.12415904,12,typeb,renault,mail
2026-01-13 10:00:00,9.181775968231133,1.0321776457941783,0.11241590400000001,0,0,12,0.0,0.0,1.12415904,12,typeb,renault,mail
2026-01-13 11:00:00,9.181775968231133,1.6980057353550415,0.1849321679411616,0,0,12,0.0,0.0,1.12415904,12,typeb,renault,mail
2026-01-13 12:00:00,9.181775968231133,1.045471848941195,0.11386379416776436,0,0,12,0.0,0.0,1.12415904,12,typeb,renault,mail
2026-01-13 13:00:00,0.0,0.0,0.0,1,1,12,45.0,80.0,1.12415904,12,typeb,renault,mail
2026-01-13 14:00:00,9.181775968231133,2.6892298978355313,0.29288777107394515,0,0,12,0.0,0.0,1.12415904,12,typeb,renault,mail
2026-01-13 15:00:00,9.181775968231133,1.0321776457941783,0.11241590400000001,0,0,12,0.0,0.0,1.12415904,12,typeb,renault,mail
2026-01-13 16:00:00,9.181775968231133,1.0967068616316444,0.11944387070935307,0,0,12,0.0,0.0,1.12415904,12,typeb,renault,mail
2026-01-13 17:00:00,9.181775968231133,2.869663939015428,0.312539093628993,0,0,12,0.0,0.0,1.12415904,12,typeb,renault,mail
2026-01-13 18:00:00,9.181775968231133,1.0321776457941783,0.11241590400000001,0,0,12,0.0,0.0,1.12415904,12,typeb,renault,mail
2026-01-13 19:00:00,9.181775968231133,3.0695605891359747,0.33431011601204697,0,0,12,0.0,0.0,1.12415904,12,typeb,renault,mail
2026-01-13 20:00:00,0.0,0.0,0.0,1,1,12,45.0,80.0,1.12415904,12,typeb,renault,mail
2026-01-13 21:00:00,0.0,0.0,0.0,1,1,12,45.0,80.0,1.12415904,12,typeb,renault,mail
2026-01-13 22:00:00,0.0,0.0,0.0,1,1,12,45.0,80.0,1.12415904,12,typeb,renault,mail
2026-01-13 23:00:00,0.0,0.0,0.0,1,1,12,45.0,80.0,1.12415904,12,typeb,renault,mail
2026-01-14 00:00:00,0.0,0.0,0.0,1,1,12,45.0,80.0,1.12415904,12,typeb,renault,mail
2026-01-14 01:00:00,0.0,0.0,0.0,1,1,12,45.0,80.0,1.12415904,12,typeb,renault,mail
2026-01-14 02:00:00,0.0,0.0,0.0,1,1,12,45.0,80.0,1.12415904,12,typeb,renault,mail
2026-01-14 03:00:00,0.0,0.0,0.0,1,1,12,45.0,80.0,1.12415904,12,typeb,renault,mail
2026-01-14 04:00:00,0.0,0.0,0.0,1,1,12,45.0,80.0,1.12415904,12,typeb,renault,mail
2026-01-14 05:00:00,7.642796321300877,0.8421750122367863,0.11019200000000001,0,0,12,0.0,0.0,1.10192,12,typeb,renault,mail
2026-01-14 06:00:00,7.642796321300877,1.1116557599390802,0.14545144384403347,0,0,12,0.0,0.0,1.10192,12,typeb,renault,mail
2026-01-14 07:00:00,7.642796321300877,0.857905602152352,0.11225022440560449,0,0,12,0.0,0.0,1.10192,12,typeb,renault,mail
2026-01-14 08:00:00,7.642796321300877,2.9300797822245532,0.3833779756838824,0,0,12,0.0,0.0,1.10192,12,typeb,renault,mail
2026-01-14 09:00:00,7.642796321300877,0.8421750122367863,0.11019200000000001,0,0,12,0.0,0.0,1.10192,12,typeb,renault,mail
2026-01-14 10:00:00,7.642796321300877,3.278147998651001,0.428919973899426,0,0,12,0.0,0.0,1.10192,12,typeb,renault,mail
2026-01-14 11:00:00,7.642796321300877,1.3662883943238349,0.17876812842910872,0,0,12,0.0,0.0,1.10192,12,typeb,renault,mail
2026-01-14 12:00:00,7.642796321300877,3.789787555065538,0.495864,0,0,12,0.0,0.0,1.10192,12,typeb,renault,mail
2026-01-14 13:00:00,0.0,0.0,0.0,1,1,12,45.0,80.0,1.10192,12,typeb,renault,mail
2026-01-14 14:00:00,7.642796321300879,0.8421750122367866,0.11019200000000001,0,0,12,0.0,0.0,1.10192,12,typeb,renault,mail
2026-01-14 15:00:00,7.642796321300879,1.492145306622629,0.19523551902906805,0,0,12,0.0,0.0,1.10192,12,typeb,renault,mail
2026-01-14 16:00:00,7.642796321300879,0.8421750122367866,0.11019200000000001,0,0,12,0.0,0.0,1.10192,12,typeb,renault,mail
2026-01-14 17:00:00,7.642796321300879,1.4367527978803265,0.187987843386068,0,0,12,0.0,0.0,1.10192,12,typeb,renault,mail
2026-01-14 18:00:00,7.642796321300879,1.4964693249679308,0.19580128294106064,0,0,12,0.0,0.0,1.10192,12,typeb,renault,mail
2026-01-14 19:00:00,7.642796321300879,0.8421750122367866,0.11019200000000001,0,0,12,0.0,0.0,1.10192,12,typeb,renault,mail
2026-01-14 20:00:00,0.0,0.0,0.0,1,1,12,45.0,80.0,1.10192,12,typeb,renault,mail
2026-01-14 21:00:00,0.0,0.0,0.0,1,1,12,45.0,80.0,1.10192,12,typeb,renault,mail
2026-01-14 22:00:00,0.0,0.0,0.0,1,1,12,45.0,80.0,1.10192,12,typeb,renault,mail
2026-01-14 23:00:00,0.0,0.0,0.0,1,1,12,45.0,80.0,1.10192,12,typeb,renault,mail
2026-01-01 00:00:00,0.0,0.0,0.0,1,1,13,45.0,80.0,1.0,13,typeb,renault,mail
2026-01-01 01:00:00,0.0,0.0,0.0,1,1,13,45.0,80.0,1.0,13,typeb,renault,mail
2026-01-01 02:00:00,0.0,0.0,0.0,1,1,13,45.0,80.0,1.0,13,typeb,renault,mail
2026-01-01 03:00:00,0.0,0.0,0.0,1,1,13,45.0,80.0,1.0,13,typeb,renault,mail
2026-01-01 04:00:00,0.0,0.0,0.0,1,1,13,45.0,80.0,1.0,13,typeb,renault,mail
2026-01-01 05:00:00,0.0,0.0,0.0,1,1,13,45.0,80.0,1.0,13,typeb,renault,mail
2026-01-01 06:00:00,12.938814574922963,1.4658609719961577,0.113291752,0,0,13,0.0,0.0,1.13291752,13,typeb,renault,mail
2026-01-01 07:00:00,12.938814574922963,1.4658609719961577,0.113291752,0,0,13,0.0,0.0,1.13291752,13,typeb,renault,mail
2026-01-01 08:00:00,12.938814574922963,1.9029920990419635,0.14707623237218342,0,0,13,0.0,0.0,1.13291752,13,typeb,renault,mail
2026-01-01 09:00:00,12.938814574922963,1.4658609719961577,0.113291752,0,0,13,0.0,0.0,1.13291752,13,typeb,renault,mail
2026-01-01 10:00:00,12.938814574922963,1.4658609719961577,0.113291752,0,0,13,0.0,0.0,1.13291752,13,typeb,renault,mail
2026-01-01 11:00:00,12.938814574922963,1.4658609719961577,0.113291752,0,0,13,0.0,0.0,1.13291752,13,typeb,renault,mail
2026-01-01 12:00:00,0.0,0.0,0.0,1,1,13,45.0,80.0,1.13291752,13,typeb,renault,mail
2026-01-01 13:00:00,12.938814574922963,2.997692095874907,0.23168212810505903,0,0,13,0.0,0.0,1.13291752,13,typeb,renault,mail
2026-01-01 14:00:00,12.938814574922963,6.59637437398271,0.509812884,0,0,13,0.0,0.0,1.13291752,13,typeb,renault,mail
2026-01-01 15:00:00,12.938814574922963,2.5495786314552698,0.19704885765939265,0,0,13,0.0,0.0,1.13291752,13,typeb,renault,mail
2026-01-01 16:00:00,12.938814574922963,3.030700904865263,0.23423327440978553,0,0,13,0.0,0.0,1.13291752,13,typeb,renault,mail
2026-01-01 17:00:00,12.938814574922963,4.221997293772638,0.3263047993558386,0,0,13,0.0,0.0,1.13291752,13,typeb,renault,mail
2026-01-01 18:00:00,12.938814574922963,2.820551157170455,0.21799146597533245,0,0,13,0.0,0.0,1.13291752,13,typeb,renault,mail
2026-01-01 19:00:00,0.0,0.0,0.0,1,1,13,45.0,80.0,1.13291752,13,typeb,renault,mail
2026-01-01 20:00:00,0.0,0.0,0.0,1,1,13,45.0,80.0,1.13291752,13,typeb,renault,mail
2026-01-01 21:00:00,0.0,0.0,0.0,1,1,13,45.0,80.0,1.13291752,13,typeb,renault,mail
2026-01-01 22:00:00,0.0,0.0,0.0,1,1,13,45.0,80.0,1.13291752,13,typeb,renault,mail
2026-01-01 23:00:00,0.0,0.0,0.0,1,1,13,45.0,80.0,1.13291752,13,typeb,renault,mail
2026-01-02 00:00:00,0.0,0.0,0.0,1,1,13,45.0,80.0,1.13291752,13,typeb,renault,mail
2026-01-02 01:00:00,0.0,0.0,0.0,1,1,13,45.0,80.0,1.13291752,13,typeb,renault,mail
2026-01-02 02:00:00,0.0,0.0,0.0,1,1,13,45.0,80.0,1.13291752,13,typeb,renault,mail
2026-01-02 03:00:00,0.0,0.0,0.0,1,1,13,45.0,80.0,1.13291752,13,typeb,renault,mail
2026-01-02 04:00:00,0.0,0.0,0.0,1,1,13,45.0,80.0,1.13291752,13,typeb,renault,mail
2026-01-02 05:00:00,0.0,0.0,0.0,1,1,13,45.0,80.0,1.13291752,13,typeb,renault,mail
2026-01-02 06:00:00,9.386992355879455,1.1647483002010626,0.12408109605751763,0,0,13,0.0,0.0,1.23134816,13,typeb,renault,mail
2026-01-02 07:00:00,9.386992355879455,1.814544807440528,0.19330417439873643,0,0,13,0.0,0.0,1.23134816,13,typeb,renault,mail
2026-01-02 08:00:00,9.386992355879455,4.742073888160427,0.5051750026397192,0,0,13,0.0,0.0,1.23134816,13,typeb,renault,mail
2026-01-02 09:00:00,9.386992355879455,1.5807504699622699,0.1683979713664283,0,0,13,0.0,0.0,1.23134816,13,typeb,renault,mail
2026-01-02 10:00:00,9.386992355879455,1.3889154578898801,0.1479617118277449,0,0,13,0.0,0.0,1.23134816,13,typeb,renault,mail
2026-01-02 11:00:00,9.386992355879455,1.3648104475409386,0.1453937955628676,0,0,13,0.0,0.0,1.23134816,13,typeb,renault,mail
2026-01-02 12:00:00,0.0,0.0,0.0,1,1,13,45.0,80.0,1.23134816,13,typeb,renault,mail
2026-01-02 13:00:00,9.386992355879455,3.16842266208451,0.3375333165260327,0,0,13,0.0,0.0,1.23134816,13,typeb,renault,mail
2026-01-02 14:00:00,9.386992355879455,1.1558655765346233,0.12313481600000001,0,0,13,0.0,0.0,1.23134816,13,typeb,renault,mail
2026-01-02 15:00:00,9.386992355879455,5.201395094405805,0.5541066720000001,0,0,13,0.0,0.0,1.23134816,13,typeb,renault,mail
2026-01-02 16:00:00,9.386992355879455,1.1558655765346233,0.12313481600000001,0,0,13,0.0,0.0,1.23134816,13,typeb,renault,mail
2026-01-02 17:00:00,9.386992355879455,3.245199631376556,0.34571239736271386,0,0,13,0.0,0.0,1.23134816,13,typeb,renault,mail
2026-01-02 18:00:00,0.0,0.0,0.0,1,1,13,45.0,80.0,1.23134816,13,typeb,renault,mail
2026-01-02 19:00:00,0.0,0.0,0.0,1,1,13,45.0,80.0,1.23134816,13,typeb,renault,mail
2026-01-02 20:00:00,0.0,0.0,0.0,1,1,13,45.0,80.0,1.23134816,13,typeb,renault,mail
2026-01-02 21:00:00,0.0,0.0,0.0,1,1,13,45.0,80.0,1.23134816,13,typeb,renault,mail
2026-01-02 22:00:00,0.0,0.0,0.0,1,1,13,45.0,80.0,1.23134816,13,typeb,renault,mail
2026-01-02 23:00:00,0.0,0.0,0.0,1,1,13,45.0,80.0,1.23134816,13,typeb,renault,mail
2026-01-03 00:00:00,0.0,0.0,0.0,1,1,13,45.0,80.0,1.23134816,13,typeb,renault,mail
2026-01-03 01:00:00,0.0,0.0,0.0,1,1,13,45.0,80.0,1.23134816,13,typeb,renault,mail
2026-01-03 02:00:00,0.0,0.0,0.0,1,1,13,45.0,80.0,1.23134816,13,typeb,renault,mail
2026-01-03 03:00:00,0.0,0.0,0.0,1,1,13,45.0,80.0,1.23134816,13,typeb,renault,mail
2026-01-03 04:00:00,0.0,0.0,0.0,1,1,13,45.0,80.0,1.23134816,13,typeb,renault,mail
2026-01-03 05:00:00,0.0,0.0,0.0,1,1,13,45.0,80.0,1.23134816,13,typeb,renault,mail
2026-01-03 06:00:00,0.0,0.0,0.0,1,1,13,45.0,80.0,1.23134816,13,typeb,renault,mail
2026-01-03 07:00:00,0.0,0.0,0.0,1,1,13,45.0,80.0,1.23134816,13,typeb,renault,mail
2026-01-03 08:00:00,0.0,0.0,0.0,1,1,13,45.0,80.0,1.23134816,13,typeb,renault,mail
2026-01-03 09:00:00,0.0,0.0,0.0,1,1,13,45.0,80.0,1.23134816,13,typeb,renault,mail
2026-01-03 10:00:00,6.763268126648877,1.476136854869171,0.21825792312637177,0,0,13,0.0,0.0,1.20636853,13,typeb,renault,mail
2026-01-03 11:00:00,6.763268126648877,0.8158993827941261,0.120636853,0,0,13,0.0,0.0,1.20636853,13,typeb,renault,mail
2026-01-03 12:00:00,6.763268126648877,2.1737166650225324,0.32140033846323113,0,0,13,0.0,0.0,1.20636853,13,typeb,renault,mail
2026-01-03 13:00:00,6.763268126648877,1.9659415918079675,0.2906792330266624,0,0,13,0.0,0.0,1.20636853,13,typeb,renault,mail
2026-01-03 14:00:00,6.763268126648877,0.8158993827941261,0.120636853,0,0,13,0.0,0.0,1.20636853,13,typeb,renault,mail
2026-01-03 15:00:00,6.763268126648877,1.4604119572406968,0.21593287888237467,0,0,13,0.0,0.0,1.20636853,13,typeb,renault,mail
2026-01-03 16:00:00,6.763268126648878,1.0749684489443279,0.15894216062626554,0,0,13,0.0,0.0,1.20636853,13,typeb,renault,mail
2026-01-03 17:00:00,6.763268126648878,0.8399047724563027,0.12418623019644587,0,0,13,0.0,0.0,1.20636853,13,typeb,renault,mail
2026-01-03 18:00:00,6.763268126648878,1.3879072509845882,0.20521251338770746,0,0,13,0.0,0.0,1.20636853,13,typeb,renault,mail
2026-01-03 19:00:00,0.0,0.0,0.0,1,1,13,45.0,80.0,1.20636853,13,typeb,renault,mail
2026-01-03 20:00:00,0.0,0.0,0.0,1,1,13,45.0,80.0,1.20636853,13,typeb,renault,mail
2026-01-03 21:00:00,0.0,0.0,0.0,1,1,13,45.0,80.0,1.20636853,13,typeb,renault,mail
2026-01-03 22:00:00,0.0,0.0,0.0,1,1,13,45.0,80.0,1.20636853,13,typeb,renault,mail
2026-01-03 23:00:00,0.0,0.0,0.0,1,1,13,45.0,80.0,1.20636853,13,typeb,renault,mail
2026-01-04 00:00:00,0.0,0.0,0.0,1,1,13,45.0,80.0,1.20636853,13,typeb,renault,mail
2026-01-04 01:00:00,0.0,0.0,0.0,1,1,13,45.0,80.0,1.20636853,13,typeb,renault,mail
2026-01-04 02:00:00,0.0,0.0,0.0,1,1,13,45.0,80.0,1.20636853,13,typeb,renault,mail
2026-01-04 03:00:00,0.0,0.0,0.0,1,1,13,45.0,80.0,1.20636853,13,typeb,renault,mail
2026-01-04 04:00:00,0.0,0.0,0.0,1,1,13,45.0,80.0,1.20636853,13,typeb,renault,mail
2026-01-04 05:00:00,0.0,0.0,0.0,1,1,13,45.0,80.0,1.20636853,13,typeb,renault,mail
2026-01-04 06:00:00,0.0,0.0,0.0,1,1,13,45.0,80.0,1.20636853,13,typeb,renault,mail
2026-01-04 07:00:00,0.0,0.0,0.0,1,1,13,45.0,80.0,1.20636853,13,typeb,renault,mail
2026-01-04 08:00:00,0.0,0.0,0.0,1,1,13,45.0,80.0,1.20636853,13,typeb,renault,mail
2026-01-04 09:00:00,5.920480573283706,3.4249636110245327,0.5784941895561238,0,0,13,0.0,0.0,1.3029730700000002,13,typeb,renault,mail
2026-01-04 10:00:00,5.920480573283706,1.3716901595812967,0.23168561109229502,0,0,13,0.0,0.0,1.3029730700000002,13,typeb,renault,mail
2026-01-04 11:00:00,5.920480573283706,1.396255592454117,0.2358348406301255,0,0,13,0.0,0.0,1.3029730700000002,13,typeb,renault,mail
2026-01-04 12:00:00,5.920480573283706,0.7714226748446832,0.13029730700000003,0,0,13,0.0,0.0,1.3029730700000002,13,typeb,renault,mail
2026-01-04 13:00:00,5.920480573283706,0.7714226748446832,0.13029730700000003,0,0,13,0.0,0.0,1.3029730700000002,13,typeb,renault,mail
2026-01-04 14:00:00,5.920480573283706,1.8959344017857844,0.3202331936264141,0,0,13,0.0,0.0,1.3029730700000002,13,typeb,renault,mail
2026-01-04 15:00:00,5.920480573283706,0.7714226748446832,0.13029730700000003,0,0,13,0.0,0.0,1.3029730700000002,13,typeb,renault,mail
2026-01-04 16:00:00,5.920480573283707,0.9781669425107163,0.1652174904389882,0,0,13,0.0,0.0,1.3029730700000002,13,typeb,renault,mail
2026-01-04 17:00:00,5.920480573283707,1.8860852163425161,0.31856961491496405,0,0,13,0.0,0.0,1.3029730700000002,13,typeb,renault,mail
2026-01-04 18:00:00,5.920480573283707,0.9431084179586715,0.15929592307328364,0,0,13,0.0,0.0,1.3029730700000002,13,typeb,renault,mail
2026-01-04 19:00:00,0.0,0.0,0.0,1,1,13,45.0,80.0,1.3029730700000002,13,typeb,renault,mail
2026-01-04 20:00:00,0.0,0.0,0.0,1,1,13,45.0,80.0,1.3029730700000002,13,typeb,renault,mail
2026-01-04 21:00:00,0.0,0.0,0.0,1,1,13,45.0,80.0,1.3029730700000002,13,typeb,renault,mail
2026-01-04 22:00:00,0.0,0.0,0.0,1,1,13,45.0,80.0,1.3029730700000002,13,typeb,renault,mail
2026-01-04 23:00:00,0.0,0.0,0.0,1,1,13,45.0,80.0,1.3029730700000002,13,typeb,renault,mail
2026-01-05 00:00:00,0.0,0.0,0.0,1,1,13,45.0,80.0,1.3029730700000002,13,typeb,renault,mail
2026-01-05 01:00:00,0.0,0.0,0.0,1,1,13,45.0,80.0,1.3029730700000002,13,typeb,renault,mail
2026-01-05 02:00:00,0.0,0.0,0.0,1,1,13,45.0,80.0,1.3029730700000002,13,typeb,renault,mail
2026-01-05 03:00:00,0.0,0.0,0.0,1,1,13,45.0,80.0,1.3029730700000002,13,typeb,renault,mail
2026-01-05 04:00:00,0.0,0.0,0.0,1,1,13,45.0,80.0,1.3029730700000002,13,typeb,renault,mail
2026-01-05 05:00:00,0.0,0.0,0.0,1,1,13,45.0,80.0,1.3029730700000002,13,typeb,renault,mail
2026-01-05 06:00:00,0.0,0.0,0.0,1,1,13,45.0,80.0,1.3029730700000002,13,typeb,renault,mail
2026-01-05 07:00:00,0.0,0.0,0.0,1,1,13,45.0,80.0,1.3029730700000002,13,typeb,renault,mail
2026-01-05 08:00:00,12.418381885855784,2.0360386968237685,0.16395362258449822,0,0,13,0.0,0.0,1.21493373,13,typeb,renault,mail
2026-01-05 09:00:00,12.418381885855784,1.5087511025147204,0.12149337300000002,0,0,13,0.0,0.0,1.21493373,13,typeb,renault,mail
2026-01-05 10:00:00,12.418381885855784,2.608544719839519,0.21005512181990346,0,0,13,0.0,0.0,1.21493373,13,typeb,renault,mail
2026-01-05 11:00:00,12.418381885855784,1.5087511025147204,0.12149337300000002,0,0,13,0.0,0.0,1.21493373,13,typeb,renault,mail
2026-01-05 12:00:00,0.0,0.0,0.0,1,1,13,45.0,80.0,1.21493373,13,typeb,renault,mail
2026-01-05 13:00:00,12.418381885855782,6.789379961316239,0.5467201785,0,0,13,0.0,0.0,1.21493373,13,typeb,renault,mail
2026-01-05 14:00:00,12.418381885855782,4.947287617352149,0.3983842390116044,0,0,13,0.0,0.0,1.21493373,13,typeb,renault,mail
2026-01-05 15:00:00,12.418381885855782,3.3210600244691526,0.2674309789306572,0,0,13,0.0,0.0,1.21493373,13,typeb,renault,mail
2026-01-05 16:00:00,12.418381885855782,3.902038325671545,0.3142147150520364,0,0,13,0.0,0.0,1.21493373,13,typeb,renault,mail
2026-01-05 17:00:00,12.418381885855782,1.50875110251472,0.12149337300000002,0,0,13,0.0,0.0,1.21493373,13,typeb,renault,mail
2026-01-05 18:00:00,0.0,0.0,0.0,1,1,13,45.0,80.0,1.21493373,13,typeb,renault,mail
2026-01-05 19:00:00,0.0,0.0,0.0,1,1,13,45.0,80.0,1.21493373,13,typeb,renault,mail
2026-01-05 20:00:00,0.0,0.0,0.0,1,1,13,45.0,80.0,1.21493373,13,typeb,renault,mail
2026-01-05 21:00:00,0.0,0.0,0.0,1,1,13,45.0,80.0,1.21493373,13,typeb,renault,mail
2026-01-05 22:00:00,0.0,0.0,0.0,1,1,13,45.0,80.0,1.21493373,13,typeb,renault,mail
2026-01-05 23:00:00,0.0,0.0,0.0,1,1,13,45.0,80.0,1.21493373,13,typeb,renault,mail
2026-01-06 00:00:00,0.0,0.0,0.0,1,1,13,45.0,80.0,1.21493373,13,typeb,renault,mail
2026-01-06 01:00:00,0.0,0.0,0.0,1,1,13,45.0,80.0,1.21493373,13,typeb,renault,mail
2026-01-06 02:00:00,0.0,0.0,0.0,1,1,13,45.0,80.0,1.21493373,13,typeb,renault,mail
2026-01-06 03:00:00,0.0,0.0,0.0,1,1,13,45.0,80.0,1.21493373,13,typeb,renault,mail
2026-01-06 04:00:00,0.0,0.0,0.0,1,1,13,45.0,80.0,1.21493373,13,typeb,renault,mail
2026-01-06 05:00:00,0.0,0.0,0.0,1,1,13,45.0,80.0,1.21493373,13,typeb,renault,mail
2026-01-06 06:00:00,0.0,0.0,0.0,1,1,13,45.0,80.0,1.21493373,13,typeb,renault,mail
2026-01-06 07:00:00,0.0,0.0,0.0,1,1,13,45.0,80.0,1.21493373,13,typeb,renault,mail
2026-01-06 08:00:00,8.431804687783826,1.1092604334965892,0.131556704,0,0,13,0.0,0.0,1.31556704,13,typeb,renault,mail
2026-01-06 09:00:00,8.431804687783826,1.1092604334965892,0.131556704,0,0,13,0.0,0.0,1.31556704,13,typeb,renault,mail
2026-01-06 10:00:00,8.431804687783826,1.1092604334965892,0.131556704,0,0,13,0.0,0.0,1.31556704,13,typeb,renault,mail
2026-01-06 11:00:00,8.431804687783826,4.991671950734651,0.592005168,0,0,13,0.0,0.0,1.31556704,13,typeb,renault,mail
2026-01-06 12:00:00,0.0,0.0,0.0,1,1,13,45.0,80.0,1.31556704,13,typeb,renault,mail
2026-01-06 13:00:00,8.431804687783826,1.612459997023072,0.19123545394252758,0,0,13,0.0,0.0,1.31556704,13,typeb,renault,mail
2026-01-06 14:00:00,8.431804687783826,3.6663442201217524,0.43482319098705263,0,0,13,0.0,0.0,1.31556704,13,typeb,renault,mail
2026-01-06 15:00:00,8.431804687783826,2.80423869477991,0.33257870629317937,0,0,13,0.0,0.0,1.31556704,13,typeb,renault,mail
2026-01-06 16:00:00,8.431804687783826,2.058717752067478,0.24416098668060837,0,0,13,0.0,0.0,1.31556704,13,typeb,renault,mail
2026-01-06 17:00:00,8.431804687783826,1.943324957204125,0.23047556592714424,0,0,13,0.0,0.0,1.31556704,13,typeb,renault,mail
2026-01-06 18:00:00,8.431804687783826,2.1929631531441247,0.2600822996198353,0,0,13,0.0,0.0,1.31556704,13,typeb,renault,mail
2026-01-06 19:00:00,8.431804687783826,2.413351155185594,0.28622000206932063,0,0,13,0.0,0.0,1.31556704,13,typeb,renault,mail
2026-01-06 20:00:00,0.0,0.0,0.0,1,1,13,45.0,80.0,1.31556704,13,typeb,renault,mail
2026-01-06 21:00:00,0.0,0.0,0.0,1,1,13,45.0,80.0,1.31556704,13,typeb,renault,mail
2026-01-06 22:00:00,0.0,0.0,0.0,1,1,13,45.0,80.0,1.31556704,13,typeb,renault,mail
2026-01-06 23:00:00,0.0,0.0,0.0,1,1,13,45.0,80.0,1.31556704,13,typeb,renault,mail
2026-01-07 00:00:00,0.0,0.0,0.0,1,1,13,45.0,80.0,1.31556704,13,typeb,renault,mail
2026-01-07 01:00:00,0.0,0.0,0.0,1,1,13,45.0,80.0,1.31556704,13,typeb,renault,mail
2026-01-07 02:00:00,0.0,0.0,0.0,1,1,13,45.0,80.0,1.31556704,13,typeb,renault,mail
2026-01-07 03:00:00,0.0,0.0,0.0,1,1,13,45.0,80.0,1.31556704,13,typeb,renault,mail
2026-01-07 04:00:00,0.0,0.0,0.0,1,1,13,45.0,80.0,1.31556704,13,typeb,renault,mail
2026-01-07 05:00:00,0.0,0.0,0.0,1,1,13,45.0,80.0,1.31556704,13,typeb,renault,mail
2026-01-07 06:00:00,0.0,0.0,0.0,1,1,13,45.0,80.0,1.31556704,13,typeb,renault,mail
2026-01-07 07:00:00,0.0,0.0,0.0,1,1,13,45.0,80.0,1.31556704,13,typeb,renault,mail
2026-01-07 08:00:00,11.109186060778958,1.3989401630580296,0.125926432,0,0,13,0.0,0.0,1.25926432,13,typeb,renault,mail
2026-01-07 09:00:00,11.109186060778958,2.2883726057355593,0.20598922308220863,0,0,13,0.0,0.0,1.25926432,13,typeb,renault,mail
2026-01-07 10:00:00,11.109186060778958,1.3989401630580296,0.125926432,0,0,13,0.0,0.0,1.25926432,13,typeb,renault,mail
2026-01-07 11:00:00,11.109186060778958,3.761485811013519,0.3385923856558191,0,0,13,0.0,0.0,1.25926432,13,typeb,renault,mail
2026-01-07 12:00:00,11.109186060778958,1.3989401630580296,0.125926432,0,0,13,0.0,0.0,1.25926432,13,typeb,renault,mail
2026-01-07 13:00:00,0.0,0.0,0.0,1,1,13,45.0,80.0,1.25926432,13,typeb,renault,mail
2026-01-07 14:00:00,11.10918606077896,1.9455289131941345,0.17512794389706324,0,0,13,0.0,0.0,1.25926432,13,typeb,renault,mail
2026-01-07 15:00:00,11.10918606077896,1.3989401630580296,0.125926432,0,0,13,0.0,0.0,1.25926432,13,typeb,renault,mail
2026-01-07 16:00:00,11.10918606077896,1.3989401630580296,0.125926432,0,0,13,0.0,0.0,1.25926432,13,typeb,renault,mail
2026-01-07 17:00:00,11.10918606077896,2.1180066690593167,0.1906536318206921,0,0,13,0.0,0.0,1.25926432,13,typeb,renault,mail
2026-01-07 18:00:00,11.10918606077896,2.0413432293834197,0.1837527266367779,0,0,13,0.0,0.0,1.25926432,13,typeb,renault,mail
2026-01-07 19:00:00,0.0,0.0,0.0,1,1,13,45.0,80.0,1.25926432,13,typeb,renault,mail
2026-01-07 20:00:00,0.0,0.0,0.0,1,1,13,45.0,80.0,1.25926432,13,typeb,renault,mail
2026-01-07 21:00:00,0.0,0.0,0.0,1,1,13,45.0,80.0,1.25926432,13,typeb,renault,mail
2026-01-07 22:00:00,0.0,0.0,0.0,1,1,13,45.0,80.0,1.25926432,13,typeb,renault,mail
2026-01-07 23:00:00,0.0,0.0,0.0,1,1,13,45.0,80.0,1.25926432,13,typeb,renault,mail
2026-01-08 00:00:00,0.0,0.0,0.0,1,1,13,45.0,80.0,1.25926432,13,typeb,renault,mail
2026-01-08 01:00:00,0.0,0.0,0.0,1,1,13,45.0,80.0,1.25926432,13,typeb,renault,mail
2026-01-08 02:00:00,0.0,0.0,0.0,1,1,13,45.0,80.0,1.25926432,13,typeb,renault,mail
2026-01-08 03:00:00,0.0,0.0,0.0,1,1,13,45.0,80.0,1.25926432,13,typeb,renault,mail
2026-01-08 04:00:00,0.0,0.0,0.0,1,1,13,45.0,80.0,1.25926432,13,typeb,renault,mail
2026-01-08 05:00:00,0.0,0.0,0.0,1,1,13,45.0,80.0,1.25926432,13,typeb,renault,mail
2026-01-08 06:00:00,0.0,0.0,0.0,1,1,13,45.0,80.0,1.25926432,13,typeb,renault,mail
2026-01-08 07:00:00,6.852113796124241,0.7985558666471099,0.116541536,0,0,13,0.0,0.0,1.16541536,13,typeb,renault,mail
2026-01-08 08:00:00,6.852113796124241,3.5935013999119945,0.524436912,0,0,13,0.0,0.0,1.16541536,13,typeb,renault,mail
2026-01-08 09:00:00,6.852113796124241,0.921167640080003,0.13443554317516482,0,0,13,0.0,0.0,1.16541536,13,typeb,renault,mail
2026-01-08 10:00:00,6.852113796124241,3.573617384024273,0.5215350314300993,0,0,13,0.0,0.0,1.16541536,13,typeb,renault,mail
2026-01-08 11:00:00,6.852113796124241,0.7985558666471099,0.116541536,0,0,13,0.0,0.0,1.16541536,13,typeb,renault,mail
2026-01-08 12:00:00,6.852113796124241,1.8225158890256121,0.26597863714062675,0,0,13,0.0,0.0,1.16541536,13,typeb,renault,mail
2026-01-08 13:00:00,6.852113796124242,2.6418466343288802,0.3855520665496225,0,0,13,0.0,0.0,1.16541536,13,typeb,renault,mail
2026-01-08 14:00:00,6.852113796124242,0.9168577100811401,0.13380655041072756,0,0,13,0.0,0.0,1.16541536,13,typeb,renault,mail
2026-01-08 15:00:00,6.852113796124242,0.8980619308043984,0.13106348749087746,0,0,13,0.0,0.0,1.16541536,13,typeb,renault,mail
2026-01-08 16:00:00,6.852113796124242,1.381233362761992,0.20157770344433834,0,0,13,0.0,0.0,1.16541536,13,typeb,renault,mail
2026-01-08 17:00:00,6.852113796124242,0.7985558666471101,0.116541536,0,0,13,0.0,0.0,1.16541536,13,typeb,renault,mail
2026-01-08 18:00:00,6.852113796124242,1.7322930834783326,0.2528114878153613,0,0,13,0.0,0.0,1.16541536,13,typeb,renault,mail
2026-01-08 19:00:00,0.0,0.0,0.0,1,1,13,45.0,80.0,1.16541536,13,typeb,renault,mail
2026-01-08 20:00:00,0.0,0.0,0.0,1,1,13,45.0,80.0,1.16541536,13,typeb,renault,mail
2026-01-08 21:00:00,0.0,0.0,0.0,1,1,13,45.0,80.0,1.16541536,13,typeb,renault,mail
2026-01-08 22:00:00,0.0,0.0,0.0,1,1,13,45.0,80.0,1.16541536,13,typeb,renault,mail
2026-01-08 23:00:00,0.0,0.0,0.0,1,1,13,45.0,80.0,1.16541536,13,typeb,renault,mail
2026-01-09 00:00:00,0.0,0.0,0.0,1,1,13,45.0,80.0,1.16541536,13,typeb,renault,mail
2026-01-09 01:00:00,0.0,0.0,0.0,1,1,13,45.0,80.0,1.16541536,13,typeb,renault,mail
2026-01-09 02:00:00,0.0,0.0,0.0,1,1,13,45.0,80.0,1.16541536,13,typeb,renault,mail
2026-01-09 03:00:00,0.0,0.0,0.0,1,1,13,45.0,80.0,1.16541536,13,typeb,renault,mail
2026-01-09 04:00:00,0.0,0.0,0.0,1,1,13,45.0,80.0,1.16541536,13,typeb,renault,mail
2026-01-09 05:00:00,0.0,0.0,0.0,1,1,13,45.0,80.0,1.16541536,13,typeb,renault,mail
2026-01-09 06:00:00,8.430917604588526,0.9567426880836127,0.113480256,0,0,13,0.0,0.0,1.13480256,13,typeb,renault,mail
2026-01-09 07:00:00,8.430917604588526,1.115106391366697,0.13226394132470237,0,0,13,0.0,0.0,1.13480256,13,typeb,renault,mail
2026-01-09 08:00:00,8.430917604588526,2.422800243784744,0.28737088386039206,0,0,13,0.0,0.0,1.13480256,13,typeb,renault,mail
2026-01-09 09:00:00,8.430917604588526,0.9567426880836127,0.113480256,0,0,13,0.0,0.0,1.13480256,13,typeb,renault,mail
2026-01-09 10:00:00,8.430917604588526,1.7498550324170161,0.20755214491298762,0,0,13,0.0,0.0,1.13480256,13,typeb,renault,mail
2026-01-09 11:00:00,8.430917604588526,3.7094390941295203,0.43998047046630584,0,0,13,0.0,0.0,1.13480256,13,typeb,renault,mail
2026-01-09 12:00:00,0.0,0.0,0.0,1,1,13,45.0,80.0,1.13480256,13,typeb,renault,mail
2026-01-09 13:00:00,8.430917604588526,0.9567426880836127,0.113480256,0,0,13,0.0,0.0,1.13480256,13,typeb,renault,mail
2026-01-09 14:00:00,8.430917604588526,1.7101931891058397,0.20284781198372373,0,0,13,0.0,0.0,1.13480256,13,typeb,renault,mail
2026-01-09 15:00:00,8.430917604588526,1.8994683085019408,0.22529793286891517,0,0,13,0.0,0.0,1.13480256,13,typeb,renault,mail
2026-01-09 16:00:00,8.430917604588526,0.9567426880836127,0.113480256,0,0,13,0.0,0.0,1.13480256,13,typeb,renault,mail
2026-01-09 17:00:00,8.430917604588526,3.5574987547648265,0.42195866708846236,0,0,13,0.0,0.0,1.13480256,13,typeb,renault,mail
2026-01-09 18:00:00,8.430917604588526,1.8109011395149488,0.214792887849997,0,0,13,0.0,0.0,1.13480256,13,typeb,renault,mail
2026-01-09 19:00:00,8.430917604588526,1.557368499319291,0.18472111487267928,0,0,13,0.0,0.0,1.13480256,13,typeb,renault,mail
2026-01-09 20:00:00,8.430917604588526,1.4611969084263299,0.1733141013774199,0,0,13,0.0,0.0,1.13480256,13,typeb,renault,mail
2026-01-09 21:00:00,0.0,0.0,0.0,1,1,13,45.0,80.0,1.13480256,13,typeb,renault,mail
2026-01-09 22:00:00,0.0,0.0,0.0,1,1,13,45.0,80.0,1.13480256,13,typeb,renault,mail
2026-01-09 23:00:00,0.0,0.0,0.0,1,1,13,45.0,80.0,1.13480256,13,typeb,renault,mail
2026-01-10 00:00:00,0.0,0.0,0.0,1,1,13,45.0,80.0,1.13480256,13,typeb,renault,mail
2026-01-10 01:00:00,0.0,0.0,0.0,1,1,13,45.0,80.0,1.13480256,13,typeb,renault,mail
2026-01-10 02:00:00,0.0,0.0,0.0,1,1,13,45.0,80.0,1.13480256,13,typeb,renault,mail
2026-01-10 03:00:00,0.0,0.0,0.0,1,1,13,45.0,80.0,1.13480256,13,typeb,renault,mail
2026-01-10 04:00:00,0.0,0.0,0.0,1,1,13,45.0,80.0,1.13480256,13,typeb,renault,mail
2026-01-10 05:00:00,0.0,0.0,0.0,1,1,13,45.0,80.0,1.13480256,13,typeb,renault,mail
2026-01-10 06:00:00,0.0,0.0,0.0,1,1,13,45.0,80.0,1.13480256,13,typeb,renault,mail
2026-01-10 07:00:00,0.0,0.0,0.0,1,1,13,45.0,80.0,1.13480256,13,typeb,renault,mail
2026-01-10 08:00:00,0.0,0.0,0.0,1,1,13,45.0,80.0,1.13480256,13,typeb,renault,mail
2026-01-10 09:00:00,0.0,0.0,0.0,1,1,13,45.0,80.0,1.13480256,13,typeb,renault,mail
2026-01-10 10:00:00,5.931362436088805,1.547106574025436,0.26083494149880554,0,0,13,0.0,0.0,1.18959,13,typeb,renault,mail
2026-01-10 11:00:00,5.931362436088805,0.7055889440346881,0.118959,0,0,13,0.0,0.0,1.18959,13,typeb,renault,mail
2026-01-10 12:00:00,5.931362436088805,1.6661735531273956,0.2809090779868252,0,0,13,0.0,0.0,1.18959,13,typeb,renault,mail
2026-01-10 13:00:00,5.931362436088805,0.7055889440346881,0.118959,0,0,13,0.0,0.0,1.18959,13,typeb,renault,mail
2026-01-10 14:00:00,5.931362436088805,1.3980972730270078,0.235712669406344,0,0,13,0.0,0.0,1.18959,13,typeb,renault,mail
2026-01-10 15:00:00,5.931362436088805,0.7688783982284684,0.12962930633783254,0,0,13,0.0,0.0,1.18959,13,typeb,renault,mail
2026-01-10 16:00:00,5.931362436088805,3.175150248156097,0.5353154999999999,0,0,13,0.0,0.0,1.18959,13,typeb,renault,mail
2026-01-10 17:00:00,5.931362436088805,1.0442270520570427,0.1760518031579968,0,0,13,0.0,0.0,1.18959,13,typeb,renault,mail
2026-01-10 18:00:00,5.931362436088805,0.7055889440346881,0.118959,0,0,13,0.0,0.0,1.18959,13,typeb,renault,mail
2026-01-10 19:00:00,0.0,0.0,0.0,1,1,13,45.0,80.0,1.18959,13,typeb,renault,mail
2026-01-10 20:00:00,0.0,0.0,0.0,1,1,13,45.0,80.0,1.18959,13,typeb,renault,mail
2026-01-10 21:00:00,0.0,0.0,0.0,1,1,13,45.0,80.0,1.18959,13,typeb,renault,mail
2026-01-10 22:00:00,0.0,0.0,0.0,1,1,13,45.0,80.0,1.18959,13,typeb,renault,mail
2026-01-10 23:00:00,0.0,0.0,0.0,1,1,13,45.0,80.0,1.18959,13,typeb,renault,mail
2026-01-11 00:00:00,0.0,0.0,0.0,1,1,13,45.0,80.0,1.18959,13,typeb,renault,mail
2026-01-11 01:00:00,0.0,0.0,0.0,1,1,13,45.0,80.0,1.18959,13,typeb,renault,mail
2026-01-11 02:00:00,0.0,0.0,0.0,1,1,13,45.0,80.0,1.18959,13,typeb,renault,mail
2026-01-11 03:00:00,0.0,0.0,0.0,1,1,13,45.0,80.0,1.18959,13,typeb,renault,mail
2026-01-11 04:00:00,0.0,0.0,0.0,1,1,13,45.0,80.0,1.18959,13,typeb,renault,mail
2026-01-11 05:00:00,0.0,0.0,0.0,1,1,13,45.0,80.0,1.18959,13,typeb,renault,mail
2026-01-11 06:00:00,0.0,0.0,0.0,1,1,13,45.0,80.0,1.18959,13,typeb,renault,mail
2026-01-11 07:00:00,0.0,0.0,0.0,1,1,13,45.0,80.0,1.18959,13,typeb,renault,mail
2026-01-11 08:00:00,0.0,0.0,0.0,1,1,13,45.0,80.0,1.18959,13,typeb,renault,mail
2026-01-11 09:00:00,0.0,0.0,0.0,1,1,13,45.0,80.0,1.18959,13,typeb,renault,mail
2026-01-11 10:00:00,7.824858392190365,2.2188991300066503,0.283570515757989,0,0,13,0.0,0.0,1.12204732,13,typeb,renault,mail
2026-01-11 11:00:00,7.824858392190365,1.112515886465041,0.14217712713822303,0,0,13,0.0,0.0,1.12204732,13,typeb,renault,mail
2026-01-11 12:00:00,7.824858392190365,3.3409890422948276,0.4269711827155002,0,0,13,0.0,0.0,1.12204732,13,typeb,renault,mail
2026-01-11 13:00:00,7.824858392190365,0.8779861388336709,0.11220473200000002,0,0,13,0.0,0.0,1.12204732,13,typeb,renault,mail
2026-01-11 14:00:00,7.824858392190365,1.360183233159587,0.1738284790581161,0,0,13,0.0,0.0,1.12204732,13,typeb,renault,mail
2026-01-11 15:00:00,7.824858392190365,2.876533938419471,0.3676148237123893,0,0,13,0.0,0.0,1.12204732,13,typeb,renault,mail
2026-01-11 16:00:00,7.824858392190366,2.3758675129371754,0.303630736028197,0,0,13,0.0,0.0,1.12204732,13,typeb,renault,mail
2026-01-11 17:00:00,7.824858392190366,1.9167023625309307,0.24495042165157951,0,0,13,0.0,0.0,1.12204732,13,typeb,renault,mail
2026-01-11 18:00:00,7.824858392190366,1.8179002182568715,0.23232372103643878,0,0,13,0.0,0.0,1.12204732,13,typeb,renault,mail
2026-01-11 19:00:00,0.0,0.0,0.0,1,1,13,45.0,80.0,1.12204732,13,typeb,renault,mail
2026-01-11 20:00:00,0.0,0.0,0.0,1,1,13,45.0,80.0,1.12204732,13,typeb,renault,mail
2026-01-11 21:00:00,0.0,0.0,0.0,1,1,13,45.0,80.0,1.12204732,13,typeb,renault,mail
2026-01-11 22:00:00,0.0,0.0,0.0,1,1,13,45.0,80.0,1.12204732,13,typeb,renault,mail
2026-01-11 23:00:00,0.0,0.0,0.0,1,1,13,45.0,80.0,1.12204732,13,typeb,renault,mail
2026-01-12 00:00:00,0.0,0.0,0.0,1,1,13,45.0,80.0,1.12204732,13,typeb,renault,mail
2026-01-12 01:00:00,0.0,0.0,0.0,1,1,13,45.0,80.0,1.12204732,13,typeb,renault,mail
2026-01-12 02:00:00,0.0,0.0,0.0,1,1,13,45.0,80.0,1.12204732,13,typeb,renault,mail
2026-01-12 03:00:00,0.0,0.0,0.0,1,1,13,45.0,80.0,1.12204732,13,typeb,renault,mail
2026-01-12 04:00:00,0.0,0.0,0.0,1,1,13,45.0,80.0,1.12204732,13,typeb,renault,mail
2026-01-12 05:00:00,0.0,0.0,0.0,1,1,13,45.0,80.0,1.12204732,13,typeb,renault,mail
2026-01-12 06:00:00,9.577212405422518,2.984053490599569,0.3115785015804838,0,0,13,0.0,0.0,1.1197747500000002,13,typeb,renault,mail
2026-01-12 07:00:00,9.577212405422518,3.486836618057502,0.36407635859504284,0,0,13,0.0,0.0,1.1197747500000002,13,typeb,renault,mail
2026-01-12 08:00:00,9.577212405422518,1.9271569209330333,0.20122315756951334,0,0,13,0.0,0.0,1.1197747500000002,13,typeb,renault,mail
2026-01-12 09:00:00,9.577212405422518,4.8259442821405045,0.5038986375000001,0,0,13,0.0,0.0,1.1197747500000002,13,typeb,renault,mail
2026-01-12 10:00:00,9.577212405422518,1.07243206269789,0.11197747500000002,0,0,13,0.0,0.0,1.1197747500000002,13,typeb,renault,mail
2026-01-12 11:00:00,9.577212405422518,1.6101349120307948,0.16812145788049487,0,0,13,0.0,0.0,1.1197747500000002,13,typeb,renault,mail
2026-01-12 12:00:00,0.0,0.0,0.0,1,1,13,45.0,80.0,1.1197747500000002,13,typeb,renault,mail
2026-01-12 13:00:00,9.577212405422522,1.4603681362919283,0.15248363244664834,0,0,13,0.0,0.0,1.1197747500000002,13,typeb,renault,mail
2026-01-12 14:00:00,9.577212405422522,1.5110016353715943,0.1577705047573217,0,0,13,0.0,0.0,1.1197747500000002,13,typeb,renault,mail
2026-01-12 15:00:00,9.577212405422522,2.952183347335874,0.30825079598990385,0,0,13,0.0,0.0,1.1197747500000002,13,typeb,renault,mail
2026-01-12 16:00:00,9.577212405422522,1.958025386267161,0.2044462734436741,0,0,13,0.0,0.0,1.1197747500000002,13,typeb,renault,mail
2026-01-12 17:00:00,9.577212405422522,2.0920085702210844,0.21843606277716154,0,0,13,0.0,0.0,1.1197747500000002,13,typeb,renault,mail
2026-01-12 18:00:00,9.577212405422522,1.2871815980546335,0.13440044384165942,0,0,13,0.0,0.0,1.1197747500000002,13,typeb,renault,mail
2026-01-12 19:00:00,0.0,0.0,0.0,1,1,13,45.0,80.0,1.1197747500000002,13,typeb,renault,mail
2026-01-12 20:00:00,0.0,0.0,0.0,1,1,13,45.0,80.0,1.1197747500000002,13,typeb,renault,mail
2026-01-12 21:00:00,0.0,0.0,0.0,1,1,13,45.0,80.0,1.1197747500000002,13,typeb,renault,mail
2026-01-12 22:00:00,0.0,0.0,0.0,1,1,13,45.0,80.0,1.1197747500000002,13,typeb,renault,mail
2026-01-12 23:00:00,0.0,0.0,0.0,1,1,13,45.0,80.0,1.1197747500000002,13,typeb,renault,mail
2026-01-13 00:00:00,0.0,0.0,0.0,1,1,13,45.0,80.0,1.1197747500000002,13,typeb,renault,mail
2026-01-13 01:00:00,0.0,0.0,0.0,1,1,13,45.0,80.0,1.1197747500000002,13,typeb,renault,mail
2026-01-13 02:00:00,0.0,0.0,0.0,1,1,13,45.0,80.0,1.1197747500000002,13,typeb,renault,mail
2026-01-13 03:00:00,0.0,0.0,0.0,1,1,13,45.0,80.0,1.1197747500000002,13,typeb,renault,mail
2026-01-13 04:00:00,0.0,0.0,0.0,1,1,13,45.0,80.0,1.1197747500000002,13,typeb,renault,mail
2026-01-13 05:00:00,0.0,0.0,0.0,1,1,13,45.0,80.0,1.1197747500000002,13,typeb,renault,mail
2026-01-13 06:00:00,10.351114111768783,1.4967011831633317,0.1445932454228908,0,0,13,0.0,0.0,1.12415904,13,typeb,renault,mail
2026-01-13 07:00:00,10.351114111768783,1.1636298502816451,0.11241590400000001,0,0,13,0.0,0.0,1.12415904,13,typeb,renault,mail
2026-01-13 08:00:00,10.351114111768783,1.592485675603436,0.1538467896699976,0,0,13,0.0,0.0,1.12415904,13,typeb,renault,mail
2026-01-13 09:00:00,10.351114111768783,1.8658160826284644,0.18025268222162769,0,0,13,0.0,0.0,1.12415904,13,typeb,renault,mail
2026-01-13 10:00:00,10.351114111768783,1.9921399080619164,0.192456569075684,0,0,13,0.0,0.0,1.12415904,13,typeb,renault,mail
2026-01-13 11:00:00,10.351114111768783,1.1636298502816451,0.11241590400000001,0,0,13,0.0,0.0,1.12415904,13,typeb,renault,mail
2026-01-13 12:00:00,0.0,0.0,0.0,1,1,13,45.0,80.0,1.12415904,13,typeb,renault,mail
2026-01-13 13:00:00,10.351114111768783,3.9708968511156892,0.3836202372265364,0,0,13,0.0,0.0,1.12415904,13,typeb,renault,mail
2026-01-13 14:00:00,10.351114111768783,1.1636298502816451,0.11241590400000001,0,0,13,0.0,0.0,1.12415904,13,typeb,renault,mail
2026-01-13 15:00:00,10.351114111768783,5.236334326267403,0.5058715680000001,0,0,13,0.0,0.0,1.12415904,13,typeb,renault,mail
2026-01-13 16:00:00,10.351114111768783,2.6385682128126398,0.2549066877557362,0,0,13,0.0,0.0,1.12415904,13,typeb,renault,mail
2026-01-13 17:00:00,10.351114111768783,1.1636298502816451,0.11241590400000001,0,0,13,0.0,0.0,1.12415904,13,typeb,renault,mail
2026-01-13 18:00:00,10.351114111768783,4.17915897827374,0.4037400161130686,0,0,13,0.0,0.0,1.12415904,13,typeb,renault,mail
2026-01-13 19:00:00,0.0,0.0,0.0,1,1,13,45.0,80.0,1.12415904,13,typeb,renault,mail
2026-01-13 20:00:00,0.0,0.0,0.0,1,1,13,45.0,80.0,1.12415904,13,typeb,renault,mail
2026-01-13 21:00:00,0.0,0.0,0.0,1,1,13,45.0,80.0,1.12415904,13,typeb,renault,mail
2026-01-13 22:00:00,0.0,0.0,0.0,1,1,13,45.0,80.0,1.12415904,13,typeb,renault,mail
2026-01-13 23:00:00,0.0,0.0,0.0,1,1,13,45.0,80.0,1.12415904,13,typeb,renault,mail
2026-01-14 00:00:00,0.0,0.0,0.0,1,1,13,45.0,80.0,1.12415904,13,typeb,renault,mail
2026-01-14 01:00:00,0.0,0.0,0.0,1,1,13,45.0,80.0,1.12415904,13,typeb,renault,mail
2026-01-14 02:00:00,0.0,0.0,0.0,1,1,13,45.0,80.0,1.12415904,13,typeb,renault,mail
2026-01-14 03:00:00,0.0,0.0,0.0,1,1,13,45.0,80.0,1.12415904,13,typeb,renault,mail
2026-01-14 04:00:00,0.0,0.0,0.0,1,1,13,45.0,80.0,1.12415904,13,typeb,renault,mail
2026-01-14 05:00:00,0.0,0.0,0.0,1,1,13,45.0,80.0,1.12415904,13,typeb,renault,mail
2026-01-14 06:00:00,10.121397627910584,1.115297047414723,0.11019200000000001,0,0,13,0.0,0.0,1.10192,13,typeb,renault,mail
2026-01-14 07:00:00,10.121397627910584,1.115297047414723,0.11019200000000001,0,0,13,0.0,0.0,1.10192,13,typeb,renault,mail
2026-01-14 08:00:00,10.121397627910584,1.9672840465507062,0.19436881336681797,0,0,13,0.0,0.0,1.10192,13,typeb,renault,mail
2026-01-14 09:00:00,10.121397627910584,4.074360868017403,0.4025492345821904,0,0,13,0.0,0.0,1.10192,13,typeb,renault,mail
2026-01-14 10:00:00,10.121397627910584,4.621103750375668,0.45656775084427037,0,0,13,0.0,0.0,1.10192,13,typeb,renault,mail
2026-01-14 11:00:00,10.121397627910584,5.018836713366254,0.495864,0,0,13,0.0,0.0,1.10192,13,typeb,renault,mail
2026-01-14 12:00:00,0.0,0.0,0.0,1,1,13,45.0,80.0,1.10192,13,typeb,renault,mail
2026-01-14 13:00:00,10.121397627910586,1.1152970474147235,0.11019200000000001,0,0,13,0.0,0.0,1.10192,13,typeb,renault,mail
2026-01-14 14:00:00,10.121397627910586,2.738403342732309,0.27055585042731023,0,0,13,0.0,0.0,1.10192,13,typeb,renault,mail
2026-01-14 15:00:00,10.121397627910586,2.5506654490919707,0.2520072368324213,0,0,13,0.0,0.0,1.10192,13,typeb,renault,mail
2026-01-14 16:00:00,10.121397627910586,1.1152970474147235,0.11019200000000001,0,0,13,0.0,0.0,1.10192,13,typeb,renault,mail
2026-01-14 17:00:00,10.121397627910586,2.176796348413535,0.2150687512178002,0,0,13,0.0,0.0,1.10192,13,typeb,renault,mail
2026-01-14 18:00:00,10.121397627910586,3.468174010301553,0.3426576188191419,0,0,13,0.0,0.0,1.10192,13,typeb,renault,mail
2026-01-14 19:00:00,10.121397627910586,1.606257579617461,0.15869918747071785,0,0,13,0.0,0.0,1.10192,13,typeb,renault,mail
2026-01-14 20:00:00,0.0,0.0,0.0,1,1,13,45.0,80.0,1.10192,13,typeb,renault,mail
2026-01-14 21:00:00,0.0,0.0,0.0,1,1,13,45.0,80.0,1.10192,13,typeb,renault,mail
2026-01-14 22:00:00,0.0,0.0,0.0,1,1,13,45.0,80.0,1.10192,13,typeb,renault,mail
2026-01-14 23:00:00,0.0,0.0,0.0,1,1,13,45.0,80.0,1.10192,13,typeb,renault,mail
2026-01-01 00:00:00,0.0,0.0,0.0,1,1,14,45.0,80.0,1.0,14,typeb,renault,mail
2026-01-01 01:00:00,0.0,0.0,0.0,1,1,14,45.0,80.0,1.0,14,typeb,renault,mail
2026-01-01 02:00:00,0.0,0.0,0.0,1,1,14,45.0,80.0,1.0,14,typeb,renault,mail
2026-01-01 03:00:00,0.0,0.0,0.0,1,1,14,45.0,80.0,1.0,14,typeb,renault,mail
2026-01-01 04:00:00,0.0,0.0,0.0,1,1,14,45.0,80.0,1.0,14,typeb,renault,mail
2026-01-01 05:00:00,0.0,0.0,0.0,1,1,14,45.0,80.0,1.0,14,typeb,renault,mail
2026-01-01 06:00:00,0.0,0.0,0.0,1,1,14,45.0,80.0,1.0,14,typeb,renault,mail
2026-01-01 07:00:00,12.458455801308679,2.633128497269873,0.21135271812685483,0,0,14,0.0,0.0,1.13291752,14,typeb,renault,mail
2026-01-01 08:00:00,12.458455801308679,6.351481282251709,0.509812884,0,0,14,0.0,0.0,1.13291752,14,typeb,renault,mail
2026-01-01 09:00:00,12.458455801308679,3.417796337034708,0.2743354707471604,0,0,14,0.0,0.0,1.13291752,14,typeb,renault,mail
2026-01-01 10:00:00,12.458455801308679,1.689927382420407,0.13564501165890008,0,0,14,0.0,0.0,1.13291752,14,typeb,renault,mail
2026-01-01 11:00:00,12.458455801308679,2.8199025821778636,0.22634447054679532,0,0,14,0.0,0.0,1.13291752,14,typeb,renault,mail
2026-01-01 12:00:00,0.0,0.0,0.0,1,1,14,45.0,80.0,1.13291752,14,typeb,renault,mail
2026-01-01 13:00:00,12.458455801308679,1.411440284944824,0.113291752,0,0,14,0.0,0.0,1.13291752,14,typeb,renault,mail
2026-01-01 14:00:00,12.458455801308679,2.7217005321847436,0.21846210923659148,0,0,14,0.0,0.0,1.13291752,14,typeb,renault,mail
2026-01-01 15:00:00,12.458455801308679,1.5927769873115663,0.1278470632888753,0,0,14,0.0,0.0,1.13291752,14,typeb,renault,mail
2026-01-01 16:00:00,12.458455801308679,1.820372838257806,0.14611544699356624,0,0,14,0.0,0.0,1.13291752,14,typeb,renault,mail
2026-01-01 17:00:00,12.458455801308679,5.552326623046073,0.4456673211830023,0,0,14,0.0,0.0,1.13291752,14,typeb,renault,mail
2026-01-01 18:00:00,0.0,0.0,0.0,1,1,14,45.0,80.0,1.13291752,14,typeb,renault,mail
2026-01-01 19:00:00,0.0,0.0,0.0,1,1,14,45.0,80.0,1.13291752,14,typeb,renault,mail
2026-01-01 20:00:00,0.0,0.0,0.0,1,1,14,45.0,80.0,1.13291752,14,typeb,renault,mail
2026-01-01 21:00:00,0.0,0.0,0.0,1,1,14,45.0,80.0,1.13291752,14,typeb,renault,mail
2026-01-01 22:00:00,0.0,0.0,0.0,1,1,14,45.0,80.0,1.13291752,14,typeb,renault,mail
2026-01-01 23:00:00,0.0,0.0,0.0,1,1,14,45.0,80.0,1.13291752,14,typeb,renault,mail
2026-01-02 00:00:00,0.0,0.0,0.0,1,1,14,45.0,80.0,1.13291752,14,typeb,renault,mail
2026-01-02 01:00:00,0.0,0.0,0.0,1,1,14,45.0,80.0,1.13291752,14,typeb,renault,mail
2026-01-02 02:00:00,0.0,0.0,0.0,1,1,14,45.0,80.0,1.13291752,14,typeb,renault,mail
2026-01-02 03:00:00,0.0,0.0,0.0,1,1,14,45.0,80.0,1.13291752,14,typeb,renault,mail
2026-01-02 04:00:00,0.0,0.0,0.0,1,1,14,45.0,80.0,1.13291752,14,typeb,renault,mail
2026-01-02 05:00:00,0.0,0.0,0.0,1,1,14,45.0,80.0,1.13291752,14,typeb,renault,mail
2026-01-02 06:00:00,0.0,0.0,0.0,1,1,14,45.0,80.0,1.13291752,14,typeb,renault,mail
2026-01-02 07:00:00,9.119685826483645,3.0571805431719974,0.3352287130653031,0,0,14,0.0,0.0,1.23134816,14,typeb,renault,mail
2026-01-02 08:00:00,9.119685826483645,1.237962725938682,0.13574620326762002,0,0,14,0.0,0.0,1.23134816,14,typeb,renault,mail
2026-01-02 09:00:00,9.119685826483645,2.054590172199002,0.22529177115207794,0,0,14,0.0,0.0,1.23134816,14,typeb,renault,mail
2026-01-02 10:00:00,9.119685826483645,5.0532787629984215,0.5541066720000001,0,0,14,0.0,0.0,1.23134816,14,typeb,renault,mail
2026-01-02 11:00:00,9.119685826483645,1.1229508362218716,0.12313481600000001,0,0,14,0.0,0.0,1.23134816,14,typeb,renault,mail
2026-01-02 12:00:00,0.0,0.0,0.0,1,1,14,45.0,80.0,1.23134816,14,typeb,renault,mail
2026-01-02 13:00:00,0.0,0.0,0.0,1,1,14,45.0,80.0,1.23134816,14,typeb,renault,mail
2026-01-02 14:00:00,9.119685826483643,2.2681990761548247,0.24871460698437176,0,0,14,0.0,0.0,1.23134816,14,typeb,renault,mail
2026-01-02 15:00:00,9.119685826483643,1.1229508362218714,0.12313481600000001,0,0,14,0.0,0.0,1.23134816,14,typeb,renault,mail
2026-01-02 16:00:00,9.119685826483643,1.294122720833326,0.14190430958434805,0,0,14,0.0,0.0,1.23134816,14,typeb,renault,mail
2026-01-02 17:00:00,9.119685826483643,1.2427060728167256,0.13626632500956304,0,0,14,0.0,0.0,1.23134816,14,typeb,renault,mail
2026-01-02 18:00:00,9.119685826483643,5.0532787629984215,0.5541066720000001,0,0,14,0.0,0.0,1.23134816,14,typeb,renault,mail
2026-01-02 19:00:00,0.0,0.0,0.0,1,1,14,45.0,80.0,1.23134816,14,typeb,renault,mail
2026-01-02 20:00:00,0.0,0.0,0.0,1,1,14,45.0,80.0,1.23134816,14,typeb,renault,mail
2026-01-02 21:00:00,0.0,0.0,0.0,1,1,14,45.0,80.0,1.23134816,14,typeb,renault,mail
2026-01-02 22:00:00,0.0,0.0,0.0,1,1,14,45.0,80.0,1.23134816,14,typeb,renault,mail
2026-01-02 23:00:00,0.0,0.0,0.0,1,1,14,45.0,80.0,1.23134816,14,typeb,renault,mail
2026-01-03 00:00:00,0.0,0.0,0.0,1,1,14,45.0,80.0,1.23134816,14,typeb,renault,mail
2026-01-03 01:00:00,0.0,0.0,0.0,1,1,14,45.0,80.0,1.23134816,14,typeb,renault,mail
2026-01-03 02:00:00,0.0,0.0,0.0,1,1,14,45.0,80.0,1.23134816,14,typeb,renault,mail
2026-01-03 03:00:00,0.0,0.0,0.0,1,1,14,45.0,80.0,1.23134816,14,typeb,renault,mail
2026-01-03 04:00:00,0.0,0.0,0.0,1,1,14,45.0,80.0,1.23134816,14,typeb,renault,mail
2026-01-03 05:00:00,0.0,0.0,0.0,1,1,14,45.0,80.0,1.23134816,14,typeb,renault,mail
2026-01-03 06:00:00,0.0,0.0,0.0,1,1,14,45.0,80.0,1.23134816,14,typeb,renault,mail
2026-01-03 07:00:00,0.0,0.0,0.0,1,1,14,45.0,80.0,1.23134816,14,typeb,renault,mail
2026-01-03 08:00:00,0.0,0.0,0.0,1,1,14,45.0,80.0,1.23134816,14,typeb,renault,mail
2026-01-03 09:00:00,7.2065971699564475,1.6071836132599624,0.22301560297558234,0,0,14,0.0,0.0,1.20636853,14,typeb,renault,mail
2026-01-03 10:00:00,7.2065971699564475,1.2638798025479756,0.17537816707959736,0,0,14,0.0,0.0,1.20636853,14,typeb,renault,mail
2026-01-03 11:00:00,7.2065971699564475,2.771731787260577,0.38461033992792576,0,0,14,0.0,0.0,1.20636853,14,typeb,renault,mail
2026-01-03 12:00:00,7.2065971699564475,0.869381203422252,0.120636853,0,0,14,0.0,0.0,1.20636853,14,typeb,renault,mail
2026-01-03 13:00:00,7.2065971699564475,0.869381203422252,0.120636853,0,0,14,0.0,0.0,1.20636853,14,typeb,renault,mail
2026-01-03 14:00:00,7.2065971699564475,2.799028290335143,0.388398050331438,0,0,14,0.0,0.0,1.20636853,14,typeb,renault,mail
2026-01-03 15:00:00,7.2065971699564475,1.4360440599307385,0.19926797988896294,0,0,14,0.0,0.0,1.20636853,14,typeb,renault,mail
2026-01-03 16:00:00,7.206597169956449,3.7899840749970726,0.5259048043918869,0,0,14,0.0,0.0,1.20636853,14,typeb,renault,mail
2026-01-03 17:00:00,7.206597169956449,0.8693812034222523,0.120636853,0,0,14,0.0,0.0,1.20636853,14,typeb,renault,mail
2026-01-03 18:00:00,7.206597169956449,1.0496483652611783,0.14565103897260315,0,0,14,0.0,0.0,1.20636853,14,typeb,renault,mail
2026-01-03 19:00:00,0.0,0.0,0.0,1,1,14,45.0,80.0,1.20636853,14,typeb,renault,mail
2026-01-03 20:00:00,0.0,0.0,0.0,1,1,14,45.0,80.0,1.20636853,14,typeb,renault,mail
2026-01-03 21:00:00,0.0,0.0,0.0,1,1,14,45.0,80.0,1.20636853,14,typeb,renault,mail
2026-01-03 22:00:00,0.0,0.0,0.0,1,1,14,45.0,80.0,1.20636853,14,typeb,renault,mail
2026-01-03 23:00:00,0.0,0.0,0.0,1,1,14,45.0,80.0,1.20636853,14,typeb,renault,mail
2026-01-04 00:00:00,0.0,0.0,0.0,1,1,14,45.0,80.0,1.20636853,14,typeb,renault,mail
2026-01-04 01:00:00,0.0,0.0,0.0,1,1,14,45.0,80.0,1.20636853,14,typeb,renault,mail
2026-01-04 02:00:00,0.0,0.0,0.0,1,1,14,45.0,80.0,1.20636853,14,typeb,renault,mail
2026-01-04 03:00:00,0.0,0.0,0.0,1,1,14,45.0,80.0,1.20636853,14,typeb,renault,mail
2026-01-04 04:00:00,0.0,0.0,0.0,1,1,14,45.0,80.0,1.20636853,14,typeb,renault,mail
2026-01-04 05:00:00,0.0,0.0,0.0,1,1,14,45.0,80.0,1.20636853,14,typeb,renault,mail
2026-01-04 06:00:00,0.0,0.0,0.0,1,1,14,45.0,80.0,1.20636853,14,typeb,renault,mail
2026-01-04 07:00:00,0.0,0.0,0.0,1,1,14,45.0,80.0,1.20636853,14,typeb,renault,mail
2026-01-04 08:00:00,0.0,0.0,0.0,1,1,14,45.0,80.0,1.20636853,14,typeb,renault,mail
2026-01-04 09:00:00,0.0,0.0,0.0,1,1,14,45.0,80.0,1.20636853,14,typeb,renault,mail
2026-01-04 10:00:00,0.0,0.0,0.0,1,1,14,45.0,80.0,1.20636853,14,typeb,renault,mail
2026-01-04 11:00:00,9.312941344110858,5.317342655376299,0.5709627559008283,0,0,14,0.0,0.0,1.3029730700000002,14,typeb,renault,mail
2026-01-04 12:00:00,9.312941344110858,1.2134511773866052,0.13029730700000003,0,0,14,0.0,0.0,1.3029730700000002,14,typeb,renault,mail
2026-01-04 13:00:00,9.312941344110858,1.5236340933167696,0.16360396109229838,0,0,14,0.0,0.0,1.3029730700000002,14,typeb,renault,mail
2026-01-04 14:00:00,9.312941344110858,1.2134511773866052,0.13029730700000003,0,0,14,0.0,0.0,1.3029730700000002,14,typeb,renault,mail
2026-01-04 15:00:00,0.0,0.0,0.0,1,1,14,45.0,80.0,1.3029730700000002,14,typeb,renault,mail
2026-01-04 16:00:00,9.312941344110858,1.2134511773866052,0.13029730700000003,0,0,14,0.0,0.0,1.3029730700000002,14,typeb,renault,mail
2026-01-04 17:00:00,9.312941344110858,2.092966256287293,0.22473740346392315,0,0,14,0.0,0.0,1.3029730700000002,14,typeb,renault,mail
2026-01-04 18:00:00,9.312941344110858,1.6912063846578755,0.18159744834292646,0,0,14,0.0,0.0,1.3029730700000002,14,typeb,renault,mail
2026-01-04 19:00:00,0.0,0.0,0.0,1,1,14,45.0,80.0,1.3029730700000002,14,typeb,renault,mail
2026-01-04 20:00:00,0.0,0.0,0.0,1,1,14,45.0,80.0,1.3029730700000002,14,typeb,renault,mail
2026-01-04 21:00:00,0.0,0.0,0.0,1,1,14,45.0,80.0,1.3029730700000002,14,typeb,renault,mail
2026-01-04 22:00:00,0.0,0.0,0.0,1,1,14,45.0,80.0,1.3029730700000002,14,typeb,renault,mail
2026-01-04 23:00:00,0.0,0.0,0.0,1,1,14,45.0,80.0,1.3029730700000002,14,typeb,renault,mail
2026-01-05 00:00:00,0.0,0.0,0.0,1,1,14,45.0,80.0,1.3029730700000002,14,typeb,renault,mail
2026-01-05 01:00:00,0.0,0.0,0.0,1,1,14,45.0,80.0,1.3029730700000002,14,typeb,renault,mail
2026-01-05 02:00:00,0.0,0.0,0.0,1,1,14,45.0,80.0,1.3029730700000002,14,typeb,renault,mail
2026-01-05 03:00:00,0.0,0.0,0.0,1,1,14,45.0,80.0,1.3029730700000002,14,typeb,renault,mail
2026-01-05 04:00:00,0.0,0.0,0.0,1,1,14,45.0,80.0,1.3029730700000002,14,typeb,renault,mail
2026-01-05 05:00:00,0.0,0.0,0.0,1,1,14,45.0,80.0,1.3029730700000002,14,typeb,renault,mail
2026-01-05 06:00:00,0.0,0.0,0.0,1,1,14,45.0,80.0,1.3029730700000002,14,typeb,renault,mail
2026-01-05 07:00:00,9.049653441298881,1.7195410786640268,0.1900118153493869,0,0,14,0.0,0.0,1.21493373,14,typeb,renault,mail
2026-01-05 08:00:00,9.049653441298881,2.8762302286685903,0.31782766570293874,0,0,14,0.0,0.0,1.21493373,14,typeb,renault,mail
2026-01-05 09:00:00,9.049653441298881,1.0994729210644587,0.12149337300000002,0,0,14,0.0,0.0,1.21493373,14,typeb,renault,mail
2026-01-05 10:00:00,9.049653441298881,1.0994729210644587,0.12149337300000002,0,0,14,0.0,0.0,1.21493373,14,typeb,renault,mail
2026-01-05 11:00:00,9.049653441298881,1.801420692585446,0.19905963297605472,0,0,14,0.0,0.0,1.21493373,14,typeb,renault,mail
2026-01-05 12:00:00,0.0,0.0,0.0,1,1,14,45.0,80.0,1.21493373,14,typeb,renault,mail
2026-01-05 13:00:00,9.04965344129888,3.8339171142433814,0.42365347348517984,0,0,14,0.0,0.0,1.21493373,14,typeb,renault,mail
2026-01-05 14:00:00,9.04965344129888,1.0994729210644585,0.12149337300000002,0,0,14,0.0,0.0,1.21493373,14,typeb,renault,mail
2026-01-05 15:00:00,9.04965344129888,1.0994729210644585,0.12149337300000002,0,0,14,0.0,0.0,1.21493373,14,typeb,renault,mail
2026-01-05 16:00:00,9.04965344129888,1.8181967926047833,0.20091341667375728,0,0,14,0.0,0.0,1.21493373,14,typeb,renault,mail
2026-01-05 17:00:00,9.04965344129888,1.253372964125297,0.1384995538509155,0,0,14,0.0,0.0,1.21493373,14,typeb,renault,mail
2026-01-05 18:00:00,0.0,0.0,0.0,1,1,14,45.0,80.0,1.21493373,14,typeb,renault,mail
2026-01-05 19:00:00,0.0,0.0,0.0,1,1,14,45.0,80.0,1.21493373,14,typeb,renault,mail
2026-01-05 20:00:00,0.0,0.0,0.0,1,1,14,45.0,80.0,1.21493373,14,typeb,renault,mail
2026-01-05 21:00:00,0.0,0.0,0.0,1,1,14,45.0,80.0,1.21493373,14,typeb,renault,mail
2026-01-05 22:00:00,0.0,0.0,0.0,1,1,14,45.0,80.0,1.21493373,14,typeb,renault,mail
2026-01-05 23:00:00,0.0,0.0,0.0,1,1,14,45.0,80.0,1.21493373,14,typeb,renault,mail
2026-01-06 00:00:00,0.0,0.0,0.0,1,1,14,45.0,80.0,1.21493373,14,typeb,renault,mail
2026-01-06 01:00:00,0.0,0.0,0.0,1,1,14,45.0,80.0,1.21493373,14,typeb,renault,mail
2026-01-06 02:00:00,0.0,0.0,0.0,1,1,14,45.0,80.0,1.21493373,14,typeb,renault,mail
2026-01-06 03:00:00,0.0,0.0,0.0,1,1,14,45.0,80.0,1.21493373,14,typeb,renault,mail
2026-01-06 04:00:00,0.0,0.0,0.0,1,1,14,45.0,80.0,1.21493373,14,typeb,renault,mail
2026-01-06 05:00:00,0.0,0.0,0.0,1,1,14,45.0,80.0,1.21493373,14,typeb,renault,mail
2026-01-06 06:00:00,0.0,0.0,0.0,1,1,14,45.0,80.0,1.21493373,14,typeb,renault,mail
2026-01-06 07:00:00,0.0,0.0,0.0,1,1,14,45.0,80.0,1.21493373,14,typeb,renault,mail
2026-01-06 08:00:00,14.118286903472951,1.895874304473171,0.13428501045738103,0,0,14,0.0,0.0,1.31556704,14,typeb,renault,mail
2026-01-06 09:00:00,14.118286903472951,2.125643649766023,0.1505596014799173,0,0,14,0.0,0.0,1.31556704,14,typeb,renault,mail
2026-01-06 10:00:00,14.118286903472951,7.429333539129715,0.526220609477923,0,0,14,0.0,0.0,1.31556704,14,typeb,renault,mail
2026-01-06 11:00:00,14.118286903472951,1.8717366107057916,0.13257533463534898,0,0,14,0.0,0.0,1.31556704,14,typeb,renault,mail
2026-01-06 12:00:00,0.0,0.0,0.0,1,1,14,45.0,80.0,1.31556704,14,typeb,renault,mail
2026-01-06 13:00:00,14.118286903472955,3.0563400005095422,0.21648093861569803,0,0,14,0.0,0.0,1.31556704,14,typeb,renault,mail
2026-01-06 14:00:00,14.118286903472955,4.334635522752289,0.30702276787462174,0,0,14,0.0,0.0,1.31556704,14,typeb,renault,mail
2026-01-06 15:00:00,14.118286903472955,2.6678213963762056,0.18896211803996904,0,0,14,0.0,0.0,1.31556704,14,typeb,renault,mail
2026-01-06 16:00:00,14.118286903472955,2.3763039234782712,0.16831389953505796,0,0,14,0.0,0.0,1.31556704,14,typeb,renault,mail
2026-01-06 17:00:00,14.118286903472955,2.077319809093757,0.14713681789415667,0,0,14,0.0,0.0,1.31556704,14,typeb,renault,mail
2026-01-06 18:00:00,14.118286903472955,6.162145562085544,0.43646552901327706,0,0,14,0.0,0.0,1.31556704,14,typeb,renault,mail
2026-01-06 19:00:00,0.0,0.0,0.0,1,1,14,45.0,80.0,1.31556704,14,typeb,renault,mail
2026-01-06 20:00:00,0.0,0.0,0.0,1,1,14,45.0,80.0,1.31556704,14,typeb,renault,mail
2026-01-06 21:00:00,0.0,0.0,0.0,1,1,14,45.0,80.0,1.31556704,14,typeb,renault,mail
2026-01-06 22:00:00,0.0,0.0,0.0,1,1,14,45.0,80.0,1.31556704,14,typeb,renault,mail
2026-01-06 23:00:00,0.0,0.0,0.0,1,1,14,45.0,80.0,1.31556704,14,typeb,renault,mail
2026-01-07 00:00:00,0.0,0.0,0.0,1,1,14,45.0,80.0,1.31556704,14,typeb,renault,mail
2026-01-07 01:00:00,0.0,0.0,0.0,1,1,14,45.0,80.0,1.31556704,14,typeb,renault,mail
2026-01-07 02:00:00,0.0,0.0,0.0,1,1,14,45.0,80.0,1.31556704,14,typeb,renault,mail
2026-01-07 03:00:00,0.0,0.0,0.0,1,1,14,45.0,80.0,1.31556704,14,typeb,renault,mail
2026-01-07 04:00:00,0.0,0.0,0.0,1,1,14,45.0,80.0,1.31556704,14,typeb,renault,mail
2026-01-07 05:00:00,0.0,0.0,0.0,1,1,14,45.0,80.0,1.31556704,14,typeb,renault,mail
2026-01-07 06:00:00,0.0,0.0,0.0,1,1,14,45.0,80.0,1.31556704,14,typeb,renault,mail
2026-01-07 07:00:00,15.755123058772861,1.9839864325121928,0.125926432,0,0,14,0.0,0.0,1.25926432,14,typeb,renault,mail
2026-01-07 08:00:00,15.755123058772861,2.698864780269545,0.17130077437045135,0,0,14,0.0,0.0,1.25926432,14,typeb,renault,mail
2026-01-07 09:00:00,15.755123058772861,2.513322054803047,0.1595241145008743,0,0,14,0.0,0.0,1.25926432,14,typeb,renault,mail
2026-01-07 10:00:00,15.755123058772861,1.9839864325121928,0.125926432,0,0,14,0.0,0.0,1.25926432,14,typeb,renault,mail
2026-01-07 11:00:00,15.755123058772861,2.3252762607385953,0.14758858131824118,0,0,14,0.0,0.0,1.25926432,14,typeb,renault,mail
2026-01-07 12:00:00,0.0,0.0,0.0,1,1,14,45.0,80.0,1.25926432,14,typeb,renault,mail
2026-01-07 13:00:00,15.755123058772865,3.1061328800475434,0.19715065813579713,0,0,14,0.0,0.0,1.25926432,14,typeb,renault,mail
2026-01-07 14:00:00,15.755123058772865,1.9839864325121934,0.125926432,0,0,14,0.0,0.0,1.25926432,14,typeb,renault,mail
2026-01-07 15:00:00,15.755123058772865,1.9839864325121934,0.125926432,0,0,14,0.0,0.0,1.25926432,14,typeb,renault,mail
2026-01-07 16:00:00,15.755123058772865,2.803860479343602,0.17796500026588744,0,0,14,0.0,0.0,1.25926432,14,typeb,renault,mail
2026-01-07 17:00:00,15.755123058772865,1.9839864325121934,0.125926432,0,0,14,0.0,0.0,1.25926432,14,typeb,renault,mail
2026-01-07 18:00:00,0.0,0.0,0.0,1,1,14,45.0,80.0,1.25926432,14,typeb,renault,mail
2026-01-07 19:00:00,0.0,0.0,0.0,1,1,14,45.0,80.0,1.25926432,14,typeb,renault,mail
2026-01-07 20:00:00,0.0,0.0,0.0,1,1,14,45.0,80.0,1.25926432,14,typeb,renault,mail
2026-01-07 21:00:00,0.0,0.0,0.0,1,1,14,45.0,80.0,1.25926432,14,typeb,renault,mail
2026-01-07 22:00:00,0.0,0.0,0.0,1,1,14,45.0,80.0,1.25926432,14,typeb,renault,mail
2026-01-07 23:00:00,0.0,0.0,0.0,1,1,14,45.0,80.0,1.25926432,14,typeb,renault,mail
2026-01-08 00:00:00,0.0,0.0,0.0,1,1,14,45.0,80.0,1.25926432,14,typeb,renault,mail
2026-01-08 01:00:00,0.0,0.0,0.0,1,1,14,45.0,80.0,1.25926432,14,typeb,renault,mail
2026-01-08 02:00:00,0.0,0.0,0.0,1,1,14,45.0,80.0,1.25926432,14,typeb,renault,mail
2026-01-08 03:00:00,0.0,0.0,0.0,1,1,14,45.0,80.0,1.25926432,14,typeb,renault,mail
2026-01-08 04:00:00,0.0,0.0,0.0,1,1,14,45.0,80.0,1.25926432,14,typeb,renault,mail
2026-01-08 05:00:00,9.65429005086829,3.4384408859964717,0.3561567829306334,0,0,14,0.0,0.0,1.16541536,14,typeb,renault,mail
2026-01-08 06:00:00,9.65429005086829,1.1251257915177086,0.116541536,0,0,14,0.0,0.0,1.16541536,14,typeb,renault,mail
2026-01-08 07:00:00,9.65429005086829,1.8867973599010106,0.1954361584289997,0,0,14,0.0,0.0,1.16541536,14,typeb,renault,mail
2026-01-08 08:00:00,9.65429005086829,2.3774158610453844,0.24625486167484306,0,0,14,0.0,0.0,1.16541536,14,typeb,renault,mail
2026-01-08 09:00:00,9.65429005086829,1.1251257915177086,0.116541536,0,0,14,0.0,0.0,1.16541536,14,typeb,renault,mail
2026-01-08 10:00:00,9.65429005086829,1.4677147072582908,0.15202720236546932,0,0,14,0.0,0.0,1.16541536,14,typeb,renault,mail
2026-01-08 11:00:00,9.65429005086829,1.1526320389529459,0.11939065771587008,0,0,14,0.0,0.0,1.16541536,14,typeb,renault,mail
2026-01-08 12:00:00,0.0,0.0,0.0,1,1,14,45.0,80.0,1.16541536,14,typeb,renault,mail
2026-01-08 13:00:00,9.65429005086829,4.710634601258613,0.4879317460360482,0,0,14,0.0,0.0,1.16541536,14,typeb,renault,mail
2026-01-08 14:00:00,9.65429005086829,4.150344293642705,0.4298963747489056,0,0,14,0.0,0.0,1.16541536,14,typeb,renault,mail
2026-01-08 15:00:00,9.65429005086829,2.1145041975772405,0.2190222363773984,0,0,14,0.0,0.0,1.16541536,14,typeb,renault,mail
2026-01-08 16:00:00,9.65429005086829,2.9640078028454453,0.30701457975968593,0,0,14,0.0,0.0,1.16541536,14,typeb,renault,mail
2026-01-08 17:00:00,9.65429005086829,1.1251257915177086,0.116541536,0,0,14,0.0,0.0,1.16541536,14,typeb,renault,mail
2026-01-08 18:00:00,9.65429005086829,1.1251257915177086,0.116541536,0,0,14,0.0,0.0,1.16541536,14,typeb,renault,mail
2026-01-08 19:00:00,0.0,0.0,0.0,1,1,14,45.0,80.0,1.16541536,14,typeb,renault,mail
2026-01-08 20:00:00,0.0,0.0,0.0,1,1,14,45.0,80.0,1.16541536,14,typeb,renault,mail
2026-01-08 21:00:00,0.0,0.0,0.0,1,1,14,45.0,80.0,1.16541536,14,typeb,renault,mail
2026-01-08 22:00:00,0.0,0.0,0.0,1,1,14,45.0,80.0,1.16541536,14,typeb,renault,mail
2026-01-08 23:00:00,0.0,0.0,0.0,1,1,14,45.0,80.0,1.16541536,14,typeb,renault,mail
2026-01-09 00:00:00,0.0,0.0,0.0,1,1,14,45.0,80.0,1.16541536,14,typeb,renault,mail
2026-01-09 01:00:00,0.0,0.0,0.0,1,1,14,45.0,80.0,1.16541536,14,typeb,renault,mail
2026-01-09 02:00:00,0.0,0.0,0.0,1,1,14,45.0,80.0,1.16541536,14,typeb,renault,mail
2026-01-09 03:00:00,0.0,0.0,0.0,1,1,14,45.0,80.0,1.16541536,14,typeb,renault,mail
2026-01-09 04:00:00,0.0,0.0,0.0,1,1,14,45.0,80.0,1.16541536,14,typeb,renault,mail
2026-01-09 05:00:00,9.796832866520983,1.8836025031669223,0.1922664731378459,0,0,14,0.0,0.0,1.13480256,14,typeb,renault,mail
2026-01-09 06:00:00,9.796832866520983,3.6340578155239522,0.3709421059884291,0,0,14,0.0,0.0,1.13480256,14,typeb,renault,mail
2026-01-09 07:00:00,9.796832866520983,1.6341871274478166,0.16680769690706618,0,0,14,0.0,0.0,1.13480256,14,typeb,renault,mail
2026-01-09 08:00:00,9.796832866520983,1.111747101682015,0.113480256,0,0,14,0.0,0.0,1.13480256,14,typeb,renault,mail
2026-01-09 09:00:00,9.796832866520983,1.2515207393112706,0.1277474829225811,0,0,14,0.0,0.0,1.13480256,14,typeb,renault,mail
2026-01-09 10:00:00,9.796832866520983,2.2421354578919135,0.22886329576510708,0,0,14,0.0,0.0,1.13480256,14,typeb,renault,mail
2026-01-09 11:00:00,9.796832866520983,1.111747101682015,0.113480256,0,0,14,0.0,0.0,1.13480256,14,typeb,renault,mail
2026-01-09 12:00:00,0.0,0.0,0.0,1,1,14,45.0,80.0,1.13480256,14,typeb,renault,mail
2026-01-09 13:00:00,9.796832866520985,1.4221179865206621,0.1451609929348197,0,0,14,0.0,0.0,1.13480256,14,typeb,renault,mail
2026-01-09 14:00:00,9.796832866520985,1.450899376855313,0.14809881893703786,0,0,14,0.0,0.0,1.13480256,14,typeb,renault,mail
2026-01-09 15:00:00,9.796832866520985,1.1117471016820153,0.113480256,0,0,14,0.0,0.0,1.13480256,14,typeb,renault,mail
2026-01-09 16:00:00,9.796832866520985,1.4298384352404685,0.14594904850594104,0,0,14,0.0,0.0,1.13480256,14,typeb,renault,mail
2026-01-09 17:00:00,9.796832866520985,4.080894377146587,0.4165524136981402,0,0,14,0.0,0.0,1.13480256,14,typeb,renault,mail
2026-01-09 18:00:00,9.796832866520985,1.1117471016820153,0.113480256,0,0,14,0.0,0.0,1.13480256,14,typeb,renault,mail
2026-01-09 19:00:00,9.796832866520985,1.4231431556967093,0.14526563585258861,0,0,14,0.0,0.0,1.13480256,14,typeb,renault,mail
2026-01-09 20:00:00,0.0,0.0,0.0,1,1,14,45.0,80.0,1.13480256,14,typeb,renault,mail
2026-01-09 21:00:00,0.0,0.0,0.0,1,1,14,45.0,80.0,1.13480256,14,typeb,renault,mail
2026-01-09 22:00:00,0.0,0.0,0.0,1,1,14,45.0,80.0,1.13480256,14,typeb,renault,mail
2026-01-09 23:00:00,0.0,0.0,0.0,1,1,14,45.0,80.0,1.13480256,14,typeb,renault,mail
2026-01-10 00:00:00,0.0,0.0,0.0,1,1,14,45.0,80.0,1.13480256,14,typeb,renault,mail
2026-01-10 01:00:00,0.0,0.0,0.0,1,1,14,45.0,80.0,1.13480256,14,typeb,renault,mail
2026-01-10 02:00:00,0.0,0.0,0.0,1,1,14,45.0,80.0,1.13480256,14,typeb,renault,mail
2026-01-10 03:00:00,0.0,0.0,0.0,1,1,14,45.0,80.0,1.13480256,14,typeb,renault,mail
2026-01-10 04:00:00,0.0,0.0,0.0,1,1,14,45.0,80.0,1.13480256,14,typeb,renault,mail
2026-01-10 05:00:00,0.0,0.0,0.0,1,1,14,45.0,80.0,1.13480256,14,typeb,renault,mail
2026-01-10 06:00:00,0.0,0.0,0.0,1,1,14,45.0,80.0,1.13480256,14,typeb,renault,mail
2026-01-10 07:00:00,0.0,0.0,0.0,1,1,14,45.0,80.0,1.13480256,14,typeb,renault,mail
2026-01-10 08:00:00,0.0,0.0,0.0,1,1,14,45.0,80.0,1.13480256,14,typeb,renault,mail
2026-01-10 09:00:00,4.2849381697097675,0.7026875930703782,0.16399013596921366,0,0,14,0.0,0.0,1.18959,14,typeb,renault,mail
2026-01-10 10:00:00,4.2849381697097675,0.5097319597305042,0.118959,0,0,14,0.0,0.0,1.18959,14,typeb,renault,mail
2026-01-10 11:00:00,4.2849381697097675,1.4357985078890583,0.33508033278956495,0,0,14,0.0,0.0,1.18959,14,typeb,renault,mail
2026-01-10 12:00:00,4.2849381697097675,0.9664749642496002,0.2255516709859696,0,0,14,0.0,0.0,1.18959,14,typeb,renault,mail
2026-01-10 13:00:00,4.2849381697097675,0.7631355819854887,0.17809722142085851,0,0,14,0.0,0.0,1.18959,14,typeb,renault,mail
2026-01-10 14:00:00,4.2849381697097675,0.8589369703636024,0.20045492754958025,0,0,14,0.0,0.0,1.18959,14,typeb,renault,mail
2026-01-10 15:00:00,4.2849381697097675,0.5739568202490185,0.1339475151138282,0,0,14,0.0,0.0,1.18959,14,typeb,renault,mail
2026-01-10 16:00:00,4.284938169709767,0.7235857671509547,0.16886725980458328,0,0,14,0.0,0.0,1.18959,14,typeb,renault,mail
2026-01-10 17:00:00,4.284938169709767,0.5863753498925967,0.13684569687322087,0,0,14,0.0,0.0,1.18959,14,typeb,renault,mail
2026-01-10 18:00:00,4.284938169709767,0.6782888911316011,0.15829607435795132,0,0,14,0.0,0.0,1.18959,14,typeb,renault,mail
2026-01-10 19:00:00,0.0,0.0,0.0,1,1,14,45.0,80.0,1.18959,14,typeb,renault,mail
2026-01-10 20:00:00,0.0,0.0,0.0,1,1,14,45.0,80.0,1.18959,14,typeb,renault,mail
2026-01-10 21:00:00,0.0,0.0,0.0,1,1,14,45.0,80.0,1.18959,14,typeb,renault,mail
2026-01-10 22:00:00,0.0,0.0,0.0,1,1,14,45.0,80.0,1.18959,14,typeb,renault,mail
2026-01-10 23:00:00,0.0,0.0,0.0,1,1,14,45.0,80.0,1.18959,14,typeb,renault,mail
2026-01-11 00:00:00,0.0,0.0,0.0,1,1,14,45.0,80.0,1.18959,14,typeb,renault,mail
2026-01-11 01:00:00,0.0,0.0,0.0,1,1,14,45.0,80.0,1.18959,14,typeb,renault,mail
2026-01-11 02:00:00,0.0,0.0,0.0,1,1,14,45.0,80.0,1.18959,14,typeb,renault,mail
2026-01-11 03:00:00,0.0,0.0,0.0,1,1,14,45.0,80.0,1.18959,14,typeb,renault,mail
2026-01-11 04:00:00,0.0,0.0,0.0,1,1,14,45.0,80.0,1.18959,14,typeb,renault,mail
2026-01-11 05:00:00,0.0,0.0,0.0,1,1,14,45.0,80.0,1.18959,14,typeb,renault,mail
2026-01-11 06:00:00,0.0,0.0,0.0,1,1,14,45.0,80.0,1.18959,14,typeb,renault,mail
2026-01-11 07:00:00,0.0,0.0,0.0,1,1,14,45.0,80.0,1.18959,14,typeb,renault,mail
2026-01-11 08:00:00,0.0,0.0,0.0,1,1,14,45.0,80.0,1.18959,14,typeb,renault,mail
2026-01-11 09:00:00,8.801767917451913,1.4758916078046989,0.16768126831410082,0,0,14,0.0,0.0,1.12204732,14,typeb,renault,mail
2026-01-11 10:00:00,8.801767917451913,2.7853253556096087,0.3164506701076427,0,0,14,0.0,0.0,1.12204732,14,typeb,renault,mail
2026-01-11 11:00:00,8.801767917451913,1.5005688402016197,0.17048493601226763,0,0,14,0.0,0.0,1.12204732,14,typeb,renault,mail
2026-01-11 12:00:00,8.801767917451913,1.7184255165570275,0.19523640394445968,0,0,14,0.0,0.0,1.12204732,14,typeb,renault,mail
2026-01-11 13:00:00,8.801767917451913,0.9876000103038901,0.11220473200000002,0,0,14,0.0,0.0,1.12204732,14,typeb,renault,mail
2026-01-11 14:00:00,8.801767917451913,2.4552924925786472,0.27895446864832213,0,0,14,0.0,0.0,1.12204732,14,typeb,renault,mail
2026-01-11 15:00:00,8.801767917451913,0.9876000103038901,0.11220473200000002,0,0,14,0.0,0.0,1.12204732,14,typeb,renault,mail
2026-01-11 16:00:00,8.801767917451913,1.3529671082758417,0.15371538092855344,0,0,14,0.0,0.0,1.12204732,14,typeb,renault,mail
2026-01-11 17:00:00,8.801767917451913,4.013770887248515,0.45601871406880834,0,0,14,0.0,0.0,1.12204732,14,typeb,renault,mail
2026-01-11 18:00:00,8.801767917451913,0.9876000103038901,0.11220473200000002,0,0,14,0.0,0.0,1.12204732,14,typeb,renault,mail
2026-01-11 19:00:00,0.0,0.0,0.0,1,1,14,45.0,80.0,1.12204732,14,typeb,renault,mail
2026-01-11 20:00:00,0.0,0.0,0.0,1,1,14,45.0,80.0,1.12204732,14,typeb,renault,mail
2026-01-11 21:00:00,0.0,0.0,0.0,1,1,14,45.0,80.0,1.12204732,14,typeb,renault,mail
2026-01-11 22:00:00,0.0,0.0,0.0,1,1,14,45.0,80.0,1.12204732,14,typeb,renault,mail
2026-01-11 23:00:00,0.0,0.0,0.0,1,1,14,45.0,80.0,1.12204732,14,typeb,renault,mail
2026-01-12 00:00:00,0.0,0.0,0.0,1,1,14,45.0,80.0,1.12204732,14,typeb,renault,mail
2026-01-12 01:00:00,0.0,0.0,0.0,1,1,14,45.0,80.0,1.12204732,14,typeb,renault,mail
2026-01-12 02:00:00,0.0,0.0,0.0,1,1,14,45.0,80.0,1.12204732,14,typeb,renault,mail
2026-01-12 03:00:00,0.0,0.0,0.0,1,1,14,45.0,80.0,1.12204732,14,typeb,renault,mail
2026-01-12 04:00:00,0.0,0.0,0.0,1,1,14,45.0,80.0,1.12204732,14,typeb,renault,mail
2026-01-12 05:00:00,0.0,0.0,0.0,1,1,14,45.0,80.0,1.12204732,14,typeb,renault,mail
2026-01-12 06:00:00,10.4976792022031,4.347959129664463,0.4141828918483217,0,0,14,0.0,0.0,1.1197747500000002,14,typeb,renault,mail
2026-01-12 07:00:00,10.4976792022031,1.4361452847408456,0.1368059794053764,0,0,14,0.0,0.0,1.1197747500000002,14,typeb,renault,mail
2026-01-12 08:00:00,10.4976792022031,3.111857359428089,0.29643288764006215,0,0,14,0.0,0.0,1.1197747500000002,14,typeb,renault,mail
2026-01-12 09:00:00,10.4976792022031,1.3125049502040433,0.12502810620547386,0,0,14,0.0,0.0,1.1197747500000002,14,typeb,renault,mail
2026-01-12 10:00:00,10.4976792022031,5.256060174258087,0.5006878256629352,0,0,14,0.0,0.0,1.1197747500000002,14,typeb,renault,mail
2026-01-12 11:00:00,10.4976792022031,1.8114451159303773,0.17255672239919634,0,0,14,0.0,0.0,1.1197747500000002,14,typeb,renault,mail
2026-01-12 12:00:00,0.0,0.0,0.0,1,1,14,45.0,80.0,1.1197747500000002,14,typeb,renault,mail
2026-01-12 13:00:00,10.497679202203102,1.1895104210651724,0.11331175187898054,0,0,14,0.0,0.0,1.1197747500000002,14,typeb,renault,mail
2026-01-12 14:00:00,10.497679202203102,2.2840895225221947,0.21758042692358545,0,0,14,0.0,0.0,1.1197747500000002,14,typeb,renault,mail
2026-01-12 15:00:00,10.497679202203102,2.1823539827614735,0.20788918585962052,0,0,14,0.0,0.0,1.1197747500000002,14,typeb,renault,mail
2026-01-12 16:00:00,10.497679202203102,1.1755036104227181,0.11197747500000002,0,0,14,0.0,0.0,1.1197747500000002,14,typeb,renault,mail
2026-01-12 17:00:00,10.497679202203102,5.289766246902231,0.5038986375000001,0,0,14,0.0,0.0,1.1197747500000002,14,typeb,renault,mail
2026-01-12 18:00:00,10.497679202203102,4.518730744100133,0.43045045071979404,0,0,14,0.0,0.0,1.1197747500000002,14,typeb,renault,mail
2026-01-12 19:00:00,10.497679202203102,3.1614221624645724,0.3011543886577424,0,0,14,0.0,0.0,1.1197747500000002,14,typeb,renault,mail
2026-01-12 20:00:00,0.0,0.0,0.0,1,1,14,45.0,80.0,1.1197747500000002,14,typeb,renault,mail
2026-01-12 21:00:00,0.0,0.0,0.0,1,1,14,45.0,80.0,1.1197747500000002,14,typeb,renault,mail
2026-01-12 22:00:00,0.0,0.0,0.0,1,1,14,45.0,80.0,1.1197747500000002,14,typeb,renault,mail
2026-01-12 23:00:00,0.0,0.0,0.0,1,1,14,45.0,80.0,1.1197747500000002,14,typeb,renault,mail
2026-01-13 00:00:00,0.0,0.0,0.0,1,1,14,45.0,80.0,1.1197747500000002,14,typeb,renault,mail
2026-01-13 01:00:00,0.0,0.0,0.0,1,1,14,45.0,80.0,1.1197747500000002,14,typeb,renault,mail
2026-01-13 02:00:00,0.0,0.0,0.0,1,1,14,45.0,80.0,1.1197747500000002,14,typeb,renault,mail
2026-01-13 03:00:00,0.0,0.0,0.0,1,1,14,45.0,80.0,1.1197747500000002,14,typeb,renault,mail
2026-01-13 04:00:00,0.0,0.0,0.0,1,1,14,45.0,80.0,1.1197747500000002,14,typeb,renault,mail
2026-01-13 05:00:00,0.0,0.0,0.0,1,1,14,45.0,80.0,1.1197747500000002,14,typeb,renault,mail
2026-01-13 06:00:00,0.0,0.0,0.0,1,1,14,45.0,80.0,1.1197747500000002,14,typeb,renault,mail
2026-01-13 07:00:00,9.392395040329236,1.0558545791837275,0.11241590400000001,0,0,14,0.0,0.0,1.12415904,14,typeb,renault,mail
2026-01-13 08:00:00,9.392395040329236,1.0558545791837275,0.11241590400000001,0,0,14,0.0,0.0,1.12415904,14,typeb,renault,mail
2026-01-13 09:00:00,9.392395040329236,1.200328665955977,0.12779793234866976,0,0,14,0.0,0.0,1.12415904,14,typeb,renault,mail
2026-01-13 10:00:00,9.392395040329236,1.999158860754705,0.21284867727248274,0,0,14,0.0,0.0,1.12415904,14,typeb,renault,mail
2026-01-13 11:00:00,9.392395040329236,1.0558545791837275,0.11241590400000001,0,0,14,0.0,0.0,1.12415904,14,typeb,renault,mail
2026-01-13 12:00:00,9.392395040329236,1.0558545791837275,0.11241590400000001,0,0,14,0.0,0.0,1.12415904,14,typeb,renault,mail
2026-01-13 13:00:00,9.392395040329236,1.0558545791837275,0.11241590400000001,0,0,14,0.0,0.0,1.12415904,14,typeb,renault,mail
2026-01-13 14:00:00,9.392395040329236,1.2174132361209709,0.12961691143671236,0,0,14,0.0,0.0,1.12415904,14,typeb,renault,mail
2026-01-13 15:00:00,9.392395040329236,1.224763862482616,0.13039952612977868,0,0,14,0.0,0.0,1.12415904,14,typeb,renault,mail
2026-01-13 16:00:00,9.392395040329236,2.225640470686198,0.23696197414287865,0,0,14,0.0,0.0,1.12415904,14,typeb,renault,mail
2026-01-13 17:00:00,9.392395040329236,1.637675726415345,0.17436188739756614,0,0,14,0.0,0.0,1.12415904,14,typeb,renault,mail
2026-01-13 18:00:00,9.392395040329236,1.9721391744838863,0.20997191515219277,0,0,14,0.0,0.0,1.12415904,14,typeb,renault,mail
2026-01-13 19:00:00,9.392395040329236,2.2110781423361776,0.23541153591200223,0,0,14,0.0,0.0,1.12415904,14,typeb,renault,mail
2026-01-13 20:00:00,0.0,0.0,0.0,1,1,14,45.0,80.0,1.12415904,14,typeb,renault,mail
2026-01-13 21:00:00,0.0,0.0,0.0,1,1,14,45.0,80.0,1.12415904,14,typeb,renault,mail
2026-01-13 22:00:00,0.0,0.0,0.0,1,1,14,45.0,80.0,1.12415904,14,typeb,renault,mail
2026-01-13 23:00:00,0.0,0.0,0.0,1,1,14,45.0,80.0,1.12415904,14,typeb,renault,mail
2026-01-14 00:00:00,0.0,0.0,0.0,1,1,14,45.0,80.0,1.12415904,14,typeb,renault,mail
2026-01-14 01:00:00,0.0,0.0,0.0,1,1,14,45.0,80.0,1.12415904,14,typeb,renault,mail
2026-01-14 02:00:00,0.0,0.0,0.0,1,1,14,45.0,80.0,1.12415904,14,typeb,renault,mail
2026-01-14 03:00:00,0.0,0.0,0.0,1,1,14,45.0,80.0,1.12415904,14,typeb,renault,mail
2026-01-14 04:00:00,0.0,0.0,0.0,1,1,14,45.0,80.0,1.12415904,14,typeb,renault,mail
2026-01-14 05:00:00,0.0,0.0,0.0,1,1,14,45.0,80.0,1.12415904,14,typeb,renault,mail
2026-01-14 06:00:00,0.0,0.0,0.0,1,1,14,45.0,80.0,1.12415904,14,typeb,renault,mail
2026-01-14 07:00:00,13.065857227523727,1.4397529396152946,0.11019200000000001,0,0,14,0.0,0.0,1.10192,14,typeb,renault,mail
2026-01-14 08:00:00,13.065857227523727,1.8658806739321636,0.14280583672700897,0,0,14,0.0,0.0,1.10192,14,typeb,renault,mail
2026-01-14 09:00:00,13.065857227523727,3.036135724959795,0.23237172059128727,0,0,14,0.0,0.0,1.10192,14,typeb,renault,mail
2026-01-14 10:00:00,13.065857227523727,1.5831647276073924,0.12116807187150304,0,0,14,0.0,0.0,1.10192,14,typeb,renault,mail
2026-01-14 11:00:00,13.065857227523727,1.4397529396152946,0.11019200000000001,0,0,14,0.0,0.0,1.10192,14,typeb,renault,mail
2026-01-14 12:00:00,0.0,0.0,0.0,1,1,14,45.0,80.0,1.10192,14,typeb,renault,mail
2026-01-14 13:00:00,0.0,0.0,0.0,1,1,14,45.0,80.0,1.10192,14,typeb,renault,mail
2026-01-14 14:00:00,13.065857227523727,1.72489756638051,0.13201564477123992,0,0,14,0.0,0.0,1.10192,14,typeb,renault,mail
2026-01-14 15:00:00,13.065857227523727,1.4397529396152946,0.11019200000000001,0,0,14,0.0,0.0,1.10192,14,typeb,renault,mail
2026-01-14 16:00:00,13.065857227523727,1.4397529396152946,0.11019200000000001,0,0,14,0.0,0.0,1.10192,14,typeb,renault,mail
2026-01-14 17:00:00,13.065857227523727,1.5108146640483247,0.11563073419061522,0,0,14,0.0,0.0,1.10192,14,typeb,renault,mail
2026-01-14 18:00:00,0.0,0.0,0.0,1,1,14,45.0,80.0,1.10192,14,typeb,renault,mail
2026-01-14 19:00:00,0.0,0.0,0.0,1,1,14,45.0,80.0,1.10192,14,typeb,renault,mail
2026-01-14 20:00:00,0.0,0.0,0.0,1,1,14,45.0,80.0,1.10192,14,typeb,renault,mail
2026-01-14 21:00:00,0.0,0.0,0.0,1,1,14,45.0,80.0,1.10192,14,typeb,renault,mail
2026-01-14 22:00:00,0.0,0.0,0.0,1,1,14,45.0,80.0,1.10192,14,typeb,renault,mail
2026-01-14 23:00:00,0.0,0.0,0.0,1,1,14,45.0,80.0,1.10192,14,typeb,renault,mail
2026-01-01 00:00:00,0.0,0.0,0.0,1,1,15,45.0,80.0,1.0,15,typeb,renault,mail
2026-01-01 01:00:00,0.0,0.0,0.0,1,1,15,45.0,80.0,1.0,15,typeb,renault,mail
2026-01-01 02:00:00,0.0,0.0,0.0,1,1,15,45.0,80.0,1.0,15,typeb,renault,mail
2026-01-01 03:00:00,0.0,0.0,0.0,1,1,15,45.0,80.0,1.0,15,typeb,renault,mail
2026-01-01 04:00:00,0.0,0.0,0.0,1,1,15,45.0,80.0,1.0,15,typeb,renault,mail
2026-01-01 05:00:00,0.0,0.0,0.0,1,1,15,45.0,80.0,1.0,15,typeb,renault,mail
2026-01-01 06:00:00,0.0,0.0,0.0,1,1,15,45.0,80.0,1.0,15,typeb,renault,mail
2026-01-01 07:00:00,10.964303141312909,3.041477302093469,0.2773981403919183,0,0,15,0.0,0.0,1.13291752,15,typeb,renault,mail
2026-01-01 08:00:00,10.964303141312909,1.876951329115212,0.17118747128059233,0,0,15,0.0,0.0,1.13291752,15,typeb,renault,mail
2026-01-01 09:00:00,10.964303141312909,5.245580283925155,0.47842349999974804,0,0,15,0.0,0.0,1.13291752,15,typeb,renault,mail
2026-01-01 10:00:00,10.964303141312909,1.242165112338443,0.113291752,0,0,15,0.0,0.0,1.13291752,15,typeb,renault,mail
2026-01-01 11:00:00,10.964303141312909,5.589743005522993,0.509812884,0,0,15,0.0,0.0,1.13291752,15,typeb,renault,mail
2026-01-01 12:00:00,10.964303141312909,1.9138480112322616,0.17455263563636655,0,0,15,0.0,0.0,1.13291752,15,typeb,renault,mail
2026-01-01 13:00:00,10.964303141312907,1.5245255992943554,0.1390444590637069,0,0,15,0.0,0.0,1.13291752,15,typeb,renault,mail
2026-01-01 14:00:00,10.964303141312907,2.9232722812791336,0.26661724357696753,0,0,15,0.0,0.0,1.13291752,15,typeb,renault,mail
2026-01-01 15:00:00,10.964303141312907,1.719411782290788,0.15681906639484786,0,0,15,0.0,0.0,1.13291752,15,typeb,renault,mail
2026-01-01 16:00:00,10.964303141312907,5.190393836322078,0.47339021636176326,0,0,15,0.0,0.0,1.13291752,15,typeb,renault,mail
2026-01-01 17:00:00,10.964303141312907,1.3592192458378232,0.12396768206055503,0,0,15,0.0,0.0,1.13291752,15,typeb,renault,mail
2026-01-01 18:00:00,10.964303141312907,1.2421651123384427,0.113291752,0,0,15,0.0,0.0,1.13291752,15,typeb,renault,mail
2026-01-01 19:00:00,10.964303141312907,2.20611849762251,0.20120918486009143,0,0,15,0.0,0.0,1.13291752,15,typeb,renault,mail
2026-01-01 20:00:00,0.0,0.0,0.0,1,1,15,45.0,80.0,1.13291752,15,typeb,renault,mail
2026-01-01 21:00:00,0.0,0.0,0.0,1,1,15,45.0,80.0,1.13291752,15,typeb,renault,mail
2026-01-01 22:00:00,0.0,0.0,0.0,1,1,15,45.0,80.0,1.13291752,15,typeb,renault,mail
2026-01-01 23:00:00,0.0,0.0,0.0,1,1,15,45.0,80.0,1.13291752,15,typeb,renault,mail
2026-01-02 00:00:00,0.0,0.0,0.0,1,1,15,45.0,80.0,1.13291752,15,typeb,renault,mail
2026-01-02 01:00:00,0.0,0.0,0.0,1,1,15,45.0,80.0,1.13291752,15,typeb,renault,mail
2026-01-02 02:00:00,0.0,0.0,0.0,1,1,15,45.0,80.0,1.13291752,15,typeb,renault,mail
2026-01-02 03:00:00,0.0,0.0,0.0,1,1,15,45.0,80.0,1.13291752,15,typeb,renault,mail
2026-01-02 04:00:00,0.0,0.0,0.0,1,1,15,45.0,80.0,1.13291752,15,typeb,renault,mail
2026-01-02 05:00:00,0.0,0.0,0.0,1,1,15,45.0,80.0,1.13291752,15,typeb,renault,mail
2026-01-02 06:00:00,0.0,0.0,0.0,1,1,15,45.0,80.0,1.13291752,15,typeb,renault,mail
2026-01-02 07:00:00,7.588977679456685,0.934467370188006,0.12313481600000001,0,0,15,0.0,0.0,1.23134816,15,typeb,renault,mail
2026-01-02 08:00:00,7.588977679456685,1.3436747457839022,0.1770560940535141,0,0,15,0.0,0.0,1.23134816,15,typeb,renault,mail
2026-01-02 09:00:00,7.588977679456685,3.423417561222819,0.4511039175263341,0,0,15,0.0,0.0,1.23134816,15,typeb,renault,mail
2026-01-02 10:00:00,7.588977679456685,1.7370311001143444,0.228888682176056,0,0,15,0.0,0.0,1.23134816,15,typeb,renault,mail
2026-01-02 11:00:00,7.588977679456685,4.205103165846027,0.5541066720000001,0,0,15,0.0,0.0,1.23134816,15,typeb,renault,mail
2026-01-02 12:00:00,0.0,0.0,0.0,1,1,15,45.0,80.0,1.23134816,15,typeb,renault,mail
2026-01-02 13:00:00,0.0,0.0,0.0,1,1,15,45.0,80.0,1.23134816,15,typeb,renault,mail
2026-01-02 14:00:00,7.588977679456685,2.143364058505164,0.2824311981187185,0,0,15,0.0,0.0,1.23134816,15,typeb,renault,mail
2026-01-02 15:00:00,7.588977679456685,1.8416115297361197,0.24266925105358403,0,0,15,0.0,0.0,1.23134816,15,typeb,renault,mail
2026-01-02 16:00:00,7.588977679456685,1.930462280798627,0.25437711933510837,0,0,15,0.0,0.0,1.23134816,15,typeb,renault,mail
2026-01-02 17:00:00,7.588977679456685,1.7496040278961689,0.23054541755108016,0,0,15,0.0,0.0,1.23134816,15,typeb,renault,mail
2026-01-02 18:00:00,7.588977679456685,1.7300603149635774,0.2279701414390557,0,0,15,0.0,0.0,1.23134816,15,typeb,renault,mail
2026-01-02 19:00:00,7.588977679456685,1.7049724002078526,0.2246643055524069,0,0,15,0.0,0.0,1.23134816,15,typeb,renault,mail
2026-01-02 20:00:00,7.588977679456685,1.8174061164224875,0.23947970242977448,0,0,15,0.0,0.0,1.23134816,15,typeb,renault,mail
2026-01-02 21:00:00,0.0,0.0,0.0,1,1,15,45.0,80.0,1.23134816,15,typeb,renault,mail
2026-01-02 22:00:00,0.0,0.0,0.0,1,1,15,45.0,80.0,1.23134816,15,typeb,renault,mail
2026-01-02 23:00:00,0.0,0.0,0.0,1,1,15,45.0,80.0,1.23134816,15,typeb,renault,mail
2026-01-03 00:00:00,0.0,0.0,0.0,1,1,15,45.0,80.0,1.23134816,15,typeb,renault,mail
2026-01-03 01:00:00,0.0,0.0,0.0,1,1,15,45.0,80.0,1.23134816,15,typeb,renault,mail
2026-01-03 02:00:00,0.0,0.0,0.0,1,1,15,45.0,80.0,1.23134816,15,typeb,renault,mail
2026-01-03 03:00:00,0.0,0.0,0.0,1,1,15,45.0,80.0,1.23134816,15,typeb,renault,mail
2026-01-03 04:00:00,0.0,0.0,0.0,1,1,15,45.0,80.0,1.23134816,15,typeb,renault,mail
2026-01-03 05:00:00,0.0,0.0,0.0,1,1,15,45.0,80.0,1.23134816,15,typeb,renault,mail
2026-01-03 06:00:00,0.0,0.0,0.0,1,1,15,45.0,80.0,1.23134816,15,typeb,renault,mail
2026-01-03 07:00:00,0.0,0.0,0.0,1,1,15,45.0,80.0,1.23134816,15,typeb,renault,mail
2026-01-03 08:00:00,5.854505521419521,0.7062691219751752,0.120636853,0,0,15,0.0,0.0,1.20636853,15,typeb,renault,mail
2026-01-03 09:00:00,5.854505521419521,0.8480906732210243,0.14486119623906182,0,0,15,0.0,0.0,1.20636853,15,typeb,renault,mail
2026-01-03 10:00:00,5.854505521419521,0.9903116330508022,0.16915376190655376,0,0,15,0.0,0.0,1.20636853,15,typeb,renault,mail
2026-01-03 11:00:00,5.854505521419521,0.7062691219751752,0.120636853,0,0,15,0.0,0.0,1.20636853,15,typeb,renault,mail
2026-01-03 12:00:00,5.854505521419521,1.132588280955171,0.19345583957713244,0,0,15,0.0,0.0,1.20636853,15,typeb,renault,mail
2026-01-03 13:00:00,5.854505521419521,1.071780578497674,0.1830693599273954,0,0,15,0.0,0.0,1.20636853,15,typeb,renault,mail
2026-01-03 14:00:00,5.854505521419521,1.8372405602542021,0.31381652191332,0,0,15,0.0,0.0,1.20636853,15,typeb,renault,mail
2026-01-03 15:00:00,0.0,0.0,0.0,1,1,15,45.0,80.0,1.20636853,15,typeb,renault,mail
2026-01-03 16:00:00,5.8545055214195205,0.7062691219751751,0.120636853,0,0,15,0.0,0.0,1.20636853,15,typeb,renault,mail
2026-01-03 17:00:00,5.8545055214195205,1.0448061050361108,0.17846188738118748,0,0,15,0.0,0.0,1.20636853,15,typeb,renault,mail
2026-01-03 18:00:00,5.8545055214195205,0.7465194699925152,0.12751195933820034,0,0,15,0.0,0.0,1.20636853,15,typeb,renault,mail
2026-01-03 19:00:00,5.8545055214195205,1.7418958149488017,0.29753081768833156,0,0,15,0.0,0.0,1.20636853,15,typeb,renault,mail
2026-01-03 20:00:00,0.0,0.0,0.0,1,1,15,45.0,80.0,1.20636853,15,typeb,renault,mail
2026-01-03 21:00:00,0.0,0.0,0.0,1,1,15,45.0,80.0,1.20636853,15,typeb,renault,mail
2026-01-03 22:00:00,0.0,0.0,0.0,1,1,15,45.0,80.0,1.20636853,15,typeb,renault,mail
2026-01-03 23:00:00,0.0,0.0,0.0,1,1,15,45.0,80.0,1.20636853,15,typeb,renault,mail
2026-01-04 00:00:00,0.0,0.0,0.0,1,1,15,45.0,80.0,1.20636853,15,typeb,renault,mail
2026-01-04 01:00:00,0.0,0.0,0.0,1,1,15,45.0,80.0,1.20636853,15,typeb,renault,mail
2026-01-04 02:00:00,0.0,0.0,0.0,1,1,15,45.0,80.0,1.20636853,15,typeb,renault,mail
2026-01-04 03:00:00,0.0,0.0,0.0,1,1,15,45.0,80.0,1.20636853,15,typeb,renault,mail
2026-01-04 04:00:00,0.0,0.0,0.0,1,1,15,45.0,80.0,1.20636853,15,typeb,renault,mail
2026-01-04 05:00:00,0.0,0.0,0.0,1,1,15,45.0,80.0,1.20636853,15,typeb,renault,mail
2026-01-04 06:00:00,0.0,0.0,0.0,1,1,15,45.0,80.0,1.20636853,15,typeb,renault,mail
2026-01-04 07:00:00,0.0,0.0,0.0,1,1,15,45.0,80.0,1.20636853,15,typeb,renault,mail
2026-01-04 08:00:00,0.0,0.0,0.0,1,1,15,45.0,80.0,1.20636853,15,typeb,renault,mail
2026-01-04 09:00:00,6.846658385599038,2.0580799277887447,0.30059626344402113,0,0,15,0.0,0.0,1.3029730700000002,15,typeb,renault,mail
2026-01-04 10:00:00,6.846658385599038,2.383239304627512,0.3480879533350625,0,0,15,0.0,0.0,1.3029730700000002,15,typeb,renault,mail
2026-01-04 11:00:00,6.846658385599038,2.304220224844046,0.3365466911114833,0,0,15,0.0,0.0,1.3029730700000002,15,typeb,renault,mail
2026-01-04 12:00:00,6.846658385599038,3.1556333583192195,0.4609012427079232,0,0,15,0.0,0.0,1.3029730700000002,15,typeb,renault,mail
2026-01-04 13:00:00,6.846658385599038,0.8921011495925224,0.13029730700000003,0,0,15,0.0,0.0,1.3029730700000002,15,typeb,renault,mail
2026-01-04 14:00:00,6.846658385599038,1.664465012386502,0.24310618679142296,0,0,15,0.0,0.0,1.3029730700000002,15,typeb,renault,mail
2026-01-04 15:00:00,6.846658385599038,1.8412124892068236,0.26892133147457004,0,0,15,0.0,0.0,1.3029730700000002,15,typeb,renault,mail
2026-01-04 16:00:00,6.846658385599038,0.8921011495925224,0.13029730700000003,0,0,15,0.0,0.0,1.3029730700000002,15,typeb,renault,mail
2026-01-04 17:00:00,6.846658385599038,1.3658871558548786,0.1994969047568995,0,0,15,0.0,0.0,1.3029730700000002,15,typeb,renault,mail
2026-01-04 18:00:00,6.846658385599038,2.268440935669606,0.33132088792993464,0,0,15,0.0,0.0,1.3029730700000002,15,typeb,renault,mail
2026-01-04 19:00:00,0.0,0.0,0.0,1,1,15,45.0,80.0,1.3029730700000002,15,typeb,renault,mail
2026-01-04 20:00:00,0.0,0.0,0.0,1,1,15,45.0,80.0,1.3029730700000002,15,typeb,renault,mail
2026-01-04 21:00:00,0.0,0.0,0.0,1,1,15,45.0,80.0,1.3029730700000002,15,typeb,renault,mail
2026-01-04 22:00:00,0.0,0.0,0.0,1,1,15,45.0,80.0,1.3029730700000002,15,typeb,renault,mail
2026-01-04 23:00:00,0.0,0.0,0.0,1,1,15,45.0,80.0,1.3029730700000002,15,typeb,renault,mail
2026-01-05 00:00:00,0.0,0.0,0.0,1,1,15,45.0,80.0,1.3029730700000002,15,typeb,renault,mail
2026-01-05 01:00:00,0.0,0.0,0.0,1,1,15,45.0,80.0,1.3029730700000002,15,typeb,renault,mail
2026-01-05 02:00:00,0.0,0.0,0.0,1,1,15,45.0,80.0,1.3029730700000002,15,typeb,renault,mail
2026-01-05 03:00:00,0.0,0.0,0.0,1,1,15,45.0,80.0,1.3029730700000002,15,typeb,renault,mail
2026-01-05 04:00:00,0.0,0.0,0.0,1,1,15,45.0,80.0,1.3029730700000002,15,typeb,renault,mail
2026-01-05 05:00:00,0.0,0.0,0.0,1,1,15,45.0,80.0,1.3029730700000002,15,typeb,renault,mail
2026-01-05 06:00:00,0.0,0.0,0.0,1,1,15,45.0,80.0,1.3029730700000002,15,typeb,renault,mail
2026-01-05 07:00:00,12.66341039912986,1.5385204430735633,0.12149337300000002,0,0,15,0.0,0.0,1.21493373,15,typeb,renault,mail
2026-01-05 08:00:00,12.66341039912986,2.0497306684678755,0.16186245283566886,0,0,15,0.0,0.0,1.21493373,15,typeb,renault,mail
2026-01-05 09:00:00,12.66341039912986,6.131440121667515,0.4841855336291418,0,0,15,0.0,0.0,1.21493373,15,typeb,renault,mail
2026-01-05 10:00:00,12.66341039912986,3.7856077927731255,0.2989406229014931,0,0,15,0.0,0.0,1.21493373,15,typeb,renault,mail
2026-01-05 11:00:00,12.66341039912986,1.8631737241916613,0.147130485822341,0,0,15,0.0,0.0,1.21493373,15,typeb,renault,mail
2026-01-05 12:00:00,12.66341039912986,1.5385204430735633,0.12149337300000002,0,0,15,0.0,0.0,1.21493373,15,typeb,renault,mail
2026-01-05 13:00:00,0.0,0.0,0.0,1,1,15,45.0,80.0,1.21493373,15,typeb,renault,mail
2026-01-05 14:00:00,12.663410399129864,1.7585947672913453,0.13887212937615784,0,0,15,0.0,0.0,1.21493373,15,typeb,renault,mail
2026-01-05 15:00:00,12.663410399129864,1.8505350651407826,0.14613244037861536,0,0,15,0.0,0.0,1.21493373,15,typeb,renault,mail
2026-01-05 16:00:00,12.663410399129864,4.075051512944029,0.3217973187715717,0,0,15,0.0,0.0,1.21493373,15,typeb,renault,mail
2026-01-05 17:00:00,12.663410399129864,2.712953104143952,0.21423558256710734,0,0,15,0.0,0.0,1.21493373,15,typeb,renault,mail
2026-01-05 18:00:00,12.663410399129864,4.5238828462188945,0.3572404829057536,0,0,15,0.0,0.0,1.21493373,15,typeb,renault,mail
2026-01-05 19:00:00,0.0,0.0,0.0,1,1,15,45.0,80.0,1.21493373,15,typeb,renault,mail
2026-01-05 20:00:00,0.0,0.0,0.0,1,1,15,45.0,80.0,1.21493373,15,typeb,renault,mail
2026-01-05 21:00:00,0.0,0.0,0.0,1,1,15,45.0,80.0,1.21493373,15,typeb,renault,mail
2026-01-05 22:00:00,0.0,0.0,0.0,1,1,15,45.0,80.0,1.21493373,15,typeb,renault,mail
2026-01-05 23:00:00,0.0,0.0,0.0,1,1,15,45.0,80.0,1.21493373,15,typeb,renault,mail
2026-01-06 00:00:00,0.0,0.0,0.0,1,1,15,45.0,80.0,1.21493373,15,typeb,renault,mail
2026-01-06 01:00:00,0.0,0.0,0.0,1,1,15,45.0,80.0,1.21493373,15,typeb,renault,mail
2026-01-06 02:00:00,0.0,0.0,0.0,1,1,15,45.0,80.0,1.21493373,15,typeb,renault,mail
2026-01-06 03:00:00,0.0,0.0,0.0,1,1,15,45.0,80.0,1.21493373,15,typeb,renault,mail
2026-01-06 04:00:00,0.0,0.0,0.0,1,1,15,45.0,80.0,1.21493373,15,typeb,renault,mail
2026-01-06 05:00:00,0.0,0.0,0.0,1,1,15,45.0,80.0,1.21493373,15,typeb,renault,mail
2026-01-06 06:00:00,0.0,0.0,0.0,1,1,15,45.0,80.0,1.21493373,15,typeb,renault,mail
2026-01-06 07:00:00,0.0,0.0,0.0,1,1,15,45.0,80.0,1.21493373,15,typeb,renault,mail
2026-01-06 08:00:00,11.38979131737784,2.011809471430771,0.17663268934183862,0,0,15,0.0,0.0,1.31556704,15,typeb,renault,mail
2026-01-06 09:00:00,11.38979131737784,1.4984034049620465,0.131556704,0,0,15,0.0,0.0,1.31556704,15,typeb,renault,mail
2026-01-06 10:00:00,11.38979131737784,1.7021631848005667,0.14944638908383784,0,0,15,0.0,0.0,1.31556704,15,typeb,renault,mail
2026-01-06 11:00:00,11.38979131737784,2.967728810179422,0.2605604200712128,0,0,15,0.0,0.0,1.31556704,15,typeb,renault,mail
2026-01-06 12:00:00,11.38979131737784,3.2309387251291404,0.28366970342991044,0,0,15,0.0,0.0,1.31556704,15,typeb,renault,mail
2026-01-06 13:00:00,0.0,0.0,0.0,1,1,15,45.0,80.0,1.31556704,15,typeb,renault,mail
2026-01-06 14:00:00,11.38979131737784,1.4984034049620465,0.131556704,0,0,15,0.0,0.0,1.31556704,15,typeb,renault,mail
2026-01-06 15:00:00,11.38979131737784,2.888999264993634,0.2536481296708024,0,0,15,0.0,0.0,1.31556704,15,typeb,renault,mail
2026-01-06 16:00:00,11.38979131737784,2.2324888400750904,0.1960078791495413,0,0,15,0.0,0.0,1.31556704,15,typeb,renault,mail
2026-01-06 17:00:00,11.38979131737784,1.4984034049620465,0.131556704,0,0,15,0.0,0.0,1.31556704,15,typeb,renault,mail
2026-01-06 18:00:00,11.38979131737784,2.3832022656921246,0.20924020460813728,0,0,15,0.0,0.0,1.31556704,15,typeb,renault,mail
2026-01-06 19:00:00,0.0,0.0,0.0,1,1,15,45.0,80.0,1.31556704,15,typeb,renault,mail
2026-01-06 20:00:00,0.0,0.0,0.0,1,1,15,45.0,80.0,1.31556704,15,typeb,renault,mail
2026-01-06 21:00:00,0.0,0.0,0.0,1,1,15,45.0,80.0,1.31556704,15,typeb,renault,mail
2026-01-06 22:00:00,0.0,0.0,0.0,1,1,15,45.0,80.0,1.31556704,15,typeb,renault,mail
2026-01-06 23:00:00,0.0,0.0,0.0,1,1,15,45.0,80.0,1.31556704,15,typeb,renault,mail
2026-01-07 00:00:00,0.0,0.0,0.0,1,1,15,45.0,80.0,1.31556704,15,typeb,renault,mail
2026-01-07 01:00:00,0.0,0.0,0.0,1,1,15,45.0,80.0,1.31556704,15,typeb,renault,mail
2026-01-07 02:00:00,0.0,0.0,0.0,1,1,15,45.0,80.0,1.31556704,15,typeb,renault,mail
2026-01-07 03:00:00,0.0,0.0,0.0,1,1,15,45.0,80.0,1.31556704,15,typeb,renault,mail
2026-01-07 04:00:00,0.0,0.0,0.0,1,1,15,45.0,80.0,1.31556704,15,typeb,renault,mail
2026-01-07 05:00:00,0.0,0.0,0.0,1,1,15,45.0,80.0,1.31556704,15,typeb,renault,mail
2026-01-07 06:00:00,7.7468569044393,1.8469597736397123,0.23841408153303062,0,0,15,0.0,0.0,1.25926432,15,typeb,renault,mail
2026-01-07 07:00:00,7.7468569044393,0.9755340491906059,0.125926432,0,0,15,0.0,0.0,1.25926432,15,typeb,renault,mail
2026-01-07 08:00:00,7.7468569044393,1.5048610619644431,0.1942544028536386,0,0,15,0.0,0.0,1.25926432,15,typeb,renault,mail
2026-01-07 09:00:00,7.7468569044393,2.1901180630274704,0.2827105353878982,0,0,15,0.0,0.0,1.25926432,15,typeb,renault,mail
2026-01-07 10:00:00,7.7468569044393,2.7975138604690986,0.36111598484102586,0,0,15,0.0,0.0,1.25926432,15,typeb,renault,mail
2026-01-07 11:00:00,7.7468569044393,0.9755340491906059,0.125926432,0,0,15,0.0,0.0,1.25926432,15,typeb,renault,mail
2026-01-07 12:00:00,0.0,0.0,0.0,1,1,15,45.0,80.0,1.25926432,15,typeb,renault,mail
2026-01-07 13:00:00,7.746856904439299,1.2093681543884394,0.15611081620668854,0,0,15,0.0,0.0,1.25926432,15,typeb,renault,mail
2026-01-07 14:00:00,7.746856904439299,1.225172805308628,0.15815095340234678,0,0,15,0.0,0.0,1.25926432,15,typeb,renault,mail
2026-01-07 15:00:00,7.746856904439299,1.1184571585950998,0.144375605796226,0,0,15,0.0,0.0,1.25926432,15,typeb,renault,mail
2026-01-07 16:00:00,7.746856904439299,3.3088920430511513,0.42712703795458085,0,0,15,0.0,0.0,1.25926432,15,typeb,renault,mail
2026-01-07 17:00:00,7.746856904439299,0.9755340491906058,0.125926432,0,0,15,0.0,0.0,1.25926432,15,typeb,renault,mail
2026-01-07 18:00:00,7.746856904439299,2.4439703112737026,0.3154789537771373,0,0,15,0.0,0.0,1.25926432,15,typeb,renault,mail
2026-01-07 19:00:00,7.746856904439299,1.023528801345598,0.13212181585012495,0,0,15,0.0,0.0,1.25926432,15,typeb,renault,mail
2026-01-07 20:00:00,0.0,0.0,0.0,1,1,15,45.0,80.0,1.25926432,15,typeb,renault,mail
2026-01-07 21:00:00,0.0,0.0,0.0,1,1,15,45.0,80.0,1.25926432,15,typeb,renault,mail
2026-01-07 22:00:00,0.0,0.0,0.0,1,1,15,45.0,80.0,1.25926432,15,typeb,renault,mail
2026-01-07 23:00:00,0.0,0.0,0.0,1,1,15,45.0,80.0,1.25926432,15,typeb,renault,mail
2026-01-08 00:00:00,0.0,0.0,0.0,1,1,15,45.0,80.0,1.25926432,15,typeb,renault,mail
2026-01-08 01:00:00,0.0,0.0,0.0,1,1,15,45.0,80.0,1.25926432,15,typeb,renault,mail
2026-01-08 02:00:00,0.0,0.0,0.0,1,1,15,45.0,80.0,1.25926432,15,typeb,renault,mail
2026-01-08 03:00:00,0.0,0.0,0.0,1,1,15,45.0,80.0,1.25926432,15,typeb,renault,mail
2026-01-08 04:00:00,0.0,0.0,0.0,1,1,15,45.0,80.0,1.25926432,15,typeb,renault,mail
2026-01-08 05:00:00,0.0,0.0,0.0,1,1,15,45.0,80.0,1.25926432,15,typeb,renault,mail
2026-01-08 06:00:00,9.839982591236586,3.1554449327762617,0.3206758653807454,0,0,15,0.0,0.0,1.16541536,15,typeb,renault,mail
2026-01-08 07:00:00,9.839982591236586,5.160450084281873,0.524436912,0,0,15,0.0,0.0,1.16541536,15,typeb,renault,mail
2026-01-08 08:00:00,9.839982591236586,1.3296726276619717,0.13512957114844573,0,0,15,0.0,0.0,1.16541536,15,typeb,renault,mail
2026-01-08 09:00:00,9.839982591236586,2.3303633973436955,0.23682596749907867,0,0,15,0.0,0.0,1.16541536,15,typeb,renault,mail
2026-01-08 10:00:00,9.839982591236586,5.160450084281873,0.524436912,0,0,15,0.0,0.0,1.16541536,15,typeb,renault,mail
2026-01-08 11:00:00,9.839982591236586,1.313195300570222,0.1334550430749485,0,0,15,0.0,0.0,1.16541536,15,typeb,renault,mail
2026-01-08 12:00:00,0.0,0.0,0.0,1,1,15,45.0,80.0,1.16541536,15,typeb,renault,mail
2026-01-08 13:00:00,9.839982591236588,1.146766685395972,0.116541536,0,0,15,0.0,0.0,1.16541536,15,typeb,renault,mail
2026-01-08 14:00:00,9.839982591236588,1.146766685395972,0.116541536,0,0,15,0.0,0.0,1.16541536,15,typeb,renault,mail
2026-01-08 15:00:00,9.839982591236588,1.5209594842224434,0.15456932673610602,0,0,15,0.0,0.0,1.16541536,15,typeb,renault,mail
2026-01-08 16:00:00,9.839982591236588,1.3763164066508011,0.13986980097673524,0,0,15,0.0,0.0,1.16541536,15,typeb,renault,mail
2026-01-08 17:00:00,9.839982591236588,1.3261110838739891,0.13476762500118786,0,0,15,0.0,0.0,1.16541536,15,typeb,renault,mail
2026-01-08 18:00:00,9.839982591236588,1.615168964732202,0.16414347787268027,0,0,15,0.0,0.0,1.16541536,15,typeb,renault,mail
2026-01-08 19:00:00,9.839982591236588,2.9350535714198465,0.29827832968259343,0,0,15,0.0,0.0,1.16541536,15,typeb,renault,mail
2026-01-08 20:00:00,0.0,0.0,0.0,1,1,15,45.0,80.0,1.16541536,15,typeb,renault,mail
2026-01-08 21:00:00,0.0,0.0,0.0,1,1,15,45.0,80.0,1.16541536,15,typeb,renault,mail
2026-01-08 22:00:00,0.0,0.0,0.0,1,1,15,45.0,80.0,1.16541536,15,typeb,renault,mail
2026-01-08 23:00:00,0.0,0.0,0.0,1,1,15,45.0,80.0,1.16541536,15,typeb,renault,mail
2026-01-09 00:00:00,0.0,0.0,0.0,1,1,15,45.0,80.0,1.16541536,15,typeb,renault,mail
2026-01-09 01:00:00,0.0,0.0,0.0,1,1,15,45.0,80.0,1.16541536,15,typeb,renault,mail
2026-01-09 02:00:00,0.0,0.0,0.0,1,1,15,45.0,80.0,1.16541536,15,typeb,renault,mail
2026-01-09 03:00:00,0.0,0.0,0.0,1,1,15,45.0,80.0,1.16541536,15,typeb,renault,mail
2026-01-09 04:00:00,0.0,0.0,0.0,1,1,15,45.0,80.0,1.16541536,15,typeb,renault,mail
2026-01-09 05:00:00,0.0,0.0,0.0,1,1,15,45.0,80.0,1.16541536,15,typeb,renault,mail
2026-01-09 06:00:00,0.0,0.0,0.0,1,1,15,45.0,80.0,1.16541536,15,typeb,renault,mail
2026-01-09 07:00:00,11.495645105442076,2.681552553970453,0.23326681794491005,0,0,15,0.0,0.0,1.13480256,15,typeb,renault,mail
2026-01-09 08:00:00,11.495645105442076,1.3045287494507138,0.113480256,0,0,15,0.0,0.0,1.13480256,15,typeb,renault,mail
2026-01-09 09:00:00,11.495645105442076,5.8703793725282125,0.5106611520000001,0,0,15,0.0,0.0,1.13480256,15,typeb,renault,mail
2026-01-09 10:00:00,11.495645105442076,1.6525978526459413,0.14375860053852882,0,0,15,0.0,0.0,1.13480256,15,typeb,renault,mail
2026-01-09 11:00:00,11.495645105442076,1.9836188441308962,0.1725539389861509,0,0,15,0.0,0.0,1.13480256,15,typeb,renault,mail
2026-01-09 12:00:00,0.0,0.0,0.0,1,1,15,45.0,80.0,1.13480256,15,typeb,renault,mail
2026-01-09 13:00:00,11.495645105442074,1.3045287494507136,0.113480256,0,0,15,0.0,0.0,1.13480256,15,typeb,renault,mail
2026-01-09 14:00:00,11.495645105442074,4.597325354221815,0.3999188659752054,0,0,15,0.0,0.0,1.13480256,15,typeb,renault,mail
2026-01-09 15:00:00,11.495645105442074,2.608681750492128,0.22692782584747415,0,0,15,0.0,0.0,1.13480256,15,typeb,renault,mail
2026-01-09 16:00:00,11.495645105442074,1.6522260341615802,0.14372625624806487,0,0,15,0.0,0.0,1.13480256,15,typeb,renault,mail
2026-01-09 17:00:00,11.495645105442074,4.13873603308955,0.3600264269753996,0,0,15,0.0,0.0,1.13480256,15,typeb,renault,mail
2026-01-09 18:00:00,11.495645105442074,2.0038854182073798,0.1743169173915028,0,0,15,0.0,0.0,1.13480256,15,typeb,renault,mail
2026-01-09 19:00:00,0.0,0.0,0.0,1,1,15,45.0,80.0,1.13480256,15,typeb,renault,mail
2026-01-09 20:00:00,0.0,0.0,0.0,1,1,15,45.0,80.0,1.13480256,15,typeb,renault,mail
2026-01-09 21:00:00,0.0,0.0,0.0,1,1,15,45.0,80.0,1.13480256,15,typeb,renault,mail
2026-01-09 22:00:00,0.0,0.0,0.0,1,1,15,45.0,80.0,1.13480256,15,typeb,renault,mail
2026-01-09 23:00:00,0.0,0.0,0.0,1,1,15,45.0,80.0,1.13480256,15,typeb,renault,mail
2026-01-10 00:00:00,0.0,0.0,0.0,1,1,15,45.0,80.0,1.13480256,15,typeb,renault,mail
2026-01-10 01:00:00,0.0,0.0,0.0,1,1,15,45.0,80.0,1.13480256,15,typeb,renault,mail
2026-01-10 02:00:00,0.0,0.0,0.0,1,1,15,45.0,80.0,1.13480256,15,typeb,renault,mail
2026-01-10 03:00:00,0.0,0.0,0.0,1,1,15,45.0,80.0,1.13480256,15,typeb,renault,mail
2026-01-10 04:00:00,0.0,0.0,0.0,1,1,15,45.0,80.0,1.13480256,15,typeb,renault,mail
2026-01-10 05:00:00,0.0,0.0,0.0,1,1,15,45.0,80.0,1.13480256,15,typeb,renault,mail
2026-01-10 06:00:00,0.0,0.0,0.0,1,1,15,45.0,80.0,1.13480256,15,typeb,renault,mail
2026-01-10 07:00:00,0.0,0.0,0.0,1,1,15,45.0,80.0,1.13480256,15,typeb,renault,mail
2026-01-10 08:00:00,0.0,0.0,0.0,1,1,15,45.0,80.0,1.13480256,15,typeb,renault,mail
2026-01-10 09:00:00,0.0,0.0,0.0,1,1,15,45.0,80.0,1.13480256,15,typeb,renault,mail
2026-01-10 10:00:00,3.9927276702899688,0.47497089093002437,0.118959,0,0,15,0.0,0.0,1.18959,15,typeb,renault,mail
2026-01-10 11:00:00,3.9927276702899688,0.6397388156596434,0.16022600800449355,0,0,15,0.0,0.0,1.18959,15,typeb,renault,mail
2026-01-10 12:00:00,3.9927276702899688,0.8257313894401157,0.20680884288312795,0,0,15,0.0,0.0,1.18959,15,typeb,renault,mail
2026-01-10 13:00:00,3.9927276702899688,0.47497089093002437,0.118959,0,0,15,0.0,0.0,1.18959,15,typeb,renault,mail
2026-01-10 14:00:00,3.9927276702899688,0.47497089093002437,0.118959,0,0,15,0.0,0.0,1.18959,15,typeb,renault,mail
2026-01-10 15:00:00,3.9927276702899688,0.47497089093002437,0.118959,0,0,15,0.0,0.0,1.18959,15,typeb,renault,mail
2026-01-10 16:00:00,3.9927276702899683,2.024633295707244,0.5070802375961211,0,0,15,0.0,0.0,1.18959,15,typeb,renault,mail
2026-01-10 17:00:00,3.9927276702899683,0.4872020968728279,0.12202237094658781,0,0,15,0.0,0.0,1.18959,15,typeb,renault,mail
2026-01-10 18:00:00,3.9927276702899683,2.1373690091851096,0.5353154999999999,0,0,15,0.0,0.0,1.18959,15,typeb,renault,mail
2026-01-10 19:00:00,3.9927276702899683,0.4749708909300243,0.118959,0,0,15,0.0,0.0,1.18959,15,typeb,renault,mail
2026-01-10 20:00:00,0.0,0.0,0.0,1,1,15,45.0,80.0,1.18959,15,typeb,renault,mail
2026-01-10 21:00:00,0.0,0.0,0.0,1,1,15,45.0,80.0,1.18959,15,typeb,renault,mail
2026-01-10 22:00:00,0.0,0.0,0.0,1,1,15,45.0,80.0,1.18959,15,typeb,renault,mail
2026-01-10 23:00:00,0.0,0.0,0.0,1,1,15,45.0,80.0,1.18959,15,typeb,renault,mail
2026-01-11 00:00:00,0.0,0.0,0.0,1,1,15,45.0,80.0,1.18959,15,typeb,renault,mail
2026-01-11 01:00:00,0.0,0.0,0.0,1,1,15,45.0,80.0,1.18959,15,typeb,renault,mail
2026-01-11 02:00:00,0.0,0.0,0.0,1,1,15,45.0,80.0,1.18959,15,typeb,renault,mail
2026-01-11 03:00:00,0.0,0.0,0.0,1,1,15,45.0,80.0,1.18959,15,typeb,renault,mail
2026-01-11 04:00:00,0.0,0.0,0.0,1,1,15,45.0,80.0,1.18959,15,typeb,renault,mail
2026-01-11 05:00:00,0.0,0.0,0.0,1,1,15,45.0,80.0,1.18959,15,typeb,renault,mail
2026-01-11 06:00:00,0.0,0.0,0.0,1,1,15,45.0,80.0,1.18959,15,typeb,renault,mail
2026-01-11 07:00:00,0.0,0.0,0.0,1,1,15,45.0,80.0,1.18959,15,typeb,renault,mail
2026-01-11 08:00:00,4.418036515034566,0.9657132971708408,0.21858427242158843,0,0,15,0.0,0.0,1.12204732,15,typeb,renault,mail
2026-01-11 09:00:00,4.418036515034566,2.1342956119836307,0.48308691083032673,0,0,15,0.0,0.0,1.12204732,15,typeb,renault,mail
2026-01-11 10:00:00,4.418036515034566,0.7450872392180291,0.16864669105438565,0,0,15,0.0,0.0,1.12204732,15,typeb,renault,mail
2026-01-11 11:00:00,4.418036515034566,2.2307607141105037,0.5049212940000001,0,0,15,0.0,0.0,1.12204732,15,typeb,renault,mail
2026-01-11 12:00:00,4.418036515034566,0.6851424726586427,0.15507849931233134,0,0,15,0.0,0.0,1.12204732,15,typeb,renault,mail
2026-01-11 13:00:00,4.418036515034566,1.1065881602976613,0.2504705781701769,0,0,15,0.0,0.0,1.12204732,15,typeb,renault,mail
2026-01-11 14:00:00,4.418036515034566,1.2218019271952163,0.27654862585164874,0,0,15,0.0,0.0,1.12204732,15,typeb,renault,mail
2026-01-11 15:00:00,4.418036515034566,0.7662387386163456,0.17343422491164057,0,0,15,0.0,0.0,1.12204732,15,typeb,renault,mail
2026-01-11 16:00:00,4.418036515034566,0.4957246031356675,0.11220473200000002,0,0,15,0.0,0.0,1.12204732,15,typeb,renault,mail
2026-01-11 17:00:00,4.418036515034566,0.8074649077070766,0.18276555772214098,0,0,15,0.0,0.0,1.12204732,15,typeb,renault,mail
2026-01-11 18:00:00,4.418036515034566,1.1913741025817122,0.2696614431608859,0,0,15,0.0,0.0,1.12204732,15,typeb,renault,mail
2026-01-11 19:00:00,4.418036515034566,0.4957246031356675,0.11220473200000002,0,0,15,0.0,0.0,1.12204732,15,typeb,renault,mail
2026-01-11 20:00:00,0.0,0.0,0.0,1,1,15,45.0,80.0,1.12204732,15,typeb,renault,mail
2026-01-11 21:00:00,0.0,0.0,0.0,1,1,15,45.0,80.0,1.12204732,15,typeb,renault,mail
2026-01-11 22:00:00,0.0,0.0,0.0,1,1,15,45.0,80.0,1.12204732,15,typeb,renault,mail
2026-01-11 23:00:00,0.0,0.0,0.0,1,1,15,45.0,80.0,1.12204732,15,typeb,renault,mail
2026-01-12 00:00:00,0.0,0.0,0.0,1,1,15,45.0,80.0,1.12204732,15,typeb,renault,mail
2026-01-12 01:00:00,0.0,0.0,0.0,1,1,15,45.0,80.0,1.12204732,15,typeb,renault,mail
2026-01-12 02:00:00,0.0,0.0,0.0,1,1,15,45.0,80.0,1.12204732,15,typeb,renault,mail
2026-01-12 03:00:00,0.0,0.0,0.0,1,1,15,45.0,80.0,1.12204732,15,typeb,renault,mail
2026-01-12 04:00:00,0.0,0.0,0.0,1,1,15,45.0,80.0,1.12204732,15,typeb,renault,mail
2026-01-12 05:00:00,0.0,0.0,0.0,1,1,15,45.0,80.0,1.12204732,15,typeb,renault,mail
2026-01-12 06:00:00,12.24520230428428,1.6195382093729558,0.13225899982120518,0,0,15,0.0,0.0,1.1197747500000002,15,typeb,renault,mail
2026-01-12 07:00:00,12.24520230428428,1.9813653639884172,0.1618074830250202,0,0,15,0.0,0.0,1.1197747500000002,15,typeb,renault,mail
2026-01-12 08:00:00,12.24520230428428,3.0392405103679017,0.24819847274426407,0,0,15,0.0,0.0,1.1197747500000002,15,typeb,renault,mail
2026-01-12 09:00:00,12.24520230428428,2.375436389443902,0.19398915023337737,0,0,15,0.0,0.0,1.1197747500000002,15,typeb,renault,mail
2026-01-12 10:00:00,12.24520230428428,1.8049444729206343,0.1474001350136233,0,0,15,0.0,0.0,1.1197747500000002,15,typeb,renault,mail
2026-01-12 11:00:00,12.24520230428428,2.582303792401814,0.2108829015832864,0,0,15,0.0,0.0,1.1197747500000002,15,typeb,renault,mail
2026-01-12 12:00:00,0.0,0.0,0.0,1,1,15,45.0,80.0,1.1197747500000002,15,typeb,renault,mail
2026-01-12 13:00:00,0.0,0.0,0.0,1,1,15,45.0,80.0,1.1197747500000002,15,typeb,renault,mail
2026-01-12 14:00:00,12.245202304284282,4.895418254932042,0.3997825542840775,0,0,15,0.0,0.0,1.1197747500000002,15,typeb,renault,mail
2026-01-12 15:00:00,12.245202304284282,1.371186834897936,0.11197747500000002,0,0,15,0.0,0.0,1.1197747500000002,15,typeb,renault,mail
2026-01-12 16:00:00,12.245202304284282,2.1210880848173215,0.1732178882888041,0,0,15,0.0,0.0,1.1197747500000002,15,typeb,renault,mail
2026-01-12 17:00:00,12.245202304284282,1.371186834897936,0.11197747500000002,0,0,15,0.0,0.0,1.1197747500000002,15,typeb,renault,mail
2026-01-12 18:00:00,0.0,0.0,0.0,1,1,15,45.0,80.0,1.1197747500000002,15,typeb,renault,mail
2026-01-12 19:00:00,0.0,0.0,0.0,1,1,15,45.0,80.0,1.1197747500000002,15,typeb,renault,mail
2026-01-12 20:00:00,0.0,0.0,0.0,1,1,15,45.0,80.0,1.1197747500000002,15,typeb,renault,mail
2026-01-12 21:00:00,0.0,0.0,0.0,1,1,15,45.0,80.0,1.1197747500000002,15,typeb,renault,mail
2026-01-12 22:00:00,0.0,0.0,0.0,1,1,15,45.0,80.0,1.1197747500000002,15,typeb,renault,mail
2026-01-12 23:00:00,0.0,0.0,0.0,1,1,15,45.0,80.0,1.1197747500000002,15,typeb,renault,mail
2026-01-13 00:00:00,0.0,0.0,0.0,1,1,15,45.0,80.0,1.1197747500000002,15,typeb,renault,mail
2026-01-13 01:00:00,0.0,0.0,0.0,1,1,15,45.0,80.0,1.1197747500000002,15,typeb,renault,mail
2026-01-13 02:00:00,0.0,0.0,0.0,1,1,15,45.0,80.0,1.1197747500000002,15,typeb,renault,mail
2026-01-13 03:00:00,0.0,0.0,0.0,1,1,15,45.0,80.0,1.1197747500000002,15,typeb,renault,mail
2026-01-13 04:00:00,0.0,0.0,0.0,1,1,15,45.0,80.0,1.1197747500000002,15,typeb,renault,mail
2026-01-13 05:00:00,0.0,0.0,0.0,1,1,15,45.0,80.0,1.1197747500000002,15,typeb,renault,mail
2026-01-13 06:00:00,11.21795924779907,2.158263240922065,0.192393571169864,0,0,15,0.0,0.0,1.12415904,15,typeb,renault,mail
2026-01-13 07:00:00,11.21795924779907,3.1937308530933213,0.2846980259551149,0,0,15,0.0,0.0,1.12415904,15,typeb,renault,mail
2026-01-13 08:00:00,11.21795924779907,1.7744500866157171,0.15817940210148818,0,0,15,0.0,0.0,1.12415904,15,typeb,renault,mail
2026-01-13 09:00:00,11.21795924779907,1.538097583807868,0.13711028448508922,0,0,15,0.0,0.0,1.12415904,15,typeb,renault,mail
2026-01-13 10:00:00,11.21795924779907,1.2610770298764928,0.11241590400000001,0,0,15,0.0,0.0,1.12415904,15,typeb,renault,mail
2026-01-13 11:00:00,11.21795924779907,5.674846634444218,0.5058715680000001,0,0,15,0.0,0.0,1.12415904,15,typeb,renault,mail
2026-01-13 12:00:00,11.21795924779907,1.2610770298764928,0.11241590400000001,0,0,15,0.0,0.0,1.12415904,15,typeb,renault,mail
2026-01-13 13:00:00,11.21795924779907,4.170229866310468,0.3717458562820732,0,0,15,0.0,0.0,1.12415904,15,typeb,renault,mail
2026-01-13 14:00:00,11.21795924779907,2.0787552492707215,0.18530600828119137,0,0,15,0.0,0.0,1.12415904,15,typeb,renault,mail
2026-01-13 15:00:00,11.21795924779907,1.8904601360858992,0.1685208596614221,0,0,15,0.0,0.0,1.12415904,15,typeb,renault,mail
2026-01-13 16:00:00,11.21795924779907,1.5072752360111696,0.1343626949176957,0,0,15,0.0,0.0,1.12415904,15,typeb,renault,mail
2026-01-13 17:00:00,11.21795924779907,1.2610770298764928,0.11241590400000001,0,0,15,0.0,0.0,1.12415904,15,typeb,renault,mail
2026-01-13 18:00:00,0.0,0.0,0.0,1,1,15,45.0,80.0,1.12415904,15,typeb,renault,mail
2026-01-13 19:00:00,0.0,0.0,0.0,1,1,15,45.0,80.0,1.12415904,15,typeb,renault,mail
2026-01-13 20:00:00,0.0,0.0,0.0,1,1,15,45.0,80.0,1.12415904,15,typeb,renault,mail
2026-01-13 21:00:00,0.0,0.0,0.0,1,1,15,45.0,80.0,1.12415904,15,typeb,renault,mail
2026-01-13 22:00:00,0.0,0.0,0.0,1,1,15,45.0,80.0,1.12415904,15,typeb,renault,mail
2026-01-13 23:00:00,0.0,0.0,0.0,1,1,15,45.0,80.0,1.12415904,15,typeb,renault,mail
2026-01-14 00:00:00,0.0,0.0,0.0,1,1,15,45.0,80.0,1.12415904,15,typeb,renault,mail
2026-01-14 01:00:00,0.0,0.0,0.0,1,1,15,45.0,80.0,1.12415904,15,typeb,renault,mail
2026-01-14 02:00:00,0.0,0.0,0.0,1,1,15,45.0,80.0,1.12415904,15,typeb,renault,mail
2026-01-14 03:00:00,0.0,0.0,0.0,1,1,15,45.0,80.0,1.12415904,15,typeb,renault,mail
2026-01-14 04:00:00,6.394786570794746,2.290008181200206,0.35810549044103646,0,0,15,0.0,0.0,1.10192,15,typeb,renault,mail
2026-01-14 05:00:00,6.394786570794746,0.795334033627835,0.12437225618446099,0,0,15,0.0,0.0,1.10192,15,typeb,renault,mail
2026-01-14 06:00:00,6.394786570794746,0.8382938487403785,0.13109019972126998,0,0,15,0.0,0.0,1.10192,15,typeb,renault,mail
2026-01-14 07:00:00,6.394786570794746,1.5698369673000605,0.24548699943631744,0,0,15,0.0,0.0,1.10192,15,typeb,renault,mail
2026-01-14 08:00:00,6.394786570794746,0.7046543218090148,0.11019200000000001,0,0,15,0.0,0.0,1.10192,15,typeb,renault,mail
2026-01-14 09:00:00,6.394786570794746,2.4544796323731997,0.38382510584214163,0,0,15,0.0,0.0,1.10192,15,typeb,renault,mail
2026-01-14 10:00:00,6.394786570794746,0.941103864418916,0.14716736109958323,0,0,15,0.0,0.0,1.10192,15,typeb,renault,mail
2026-01-14 11:00:00,6.394786570794746,2.675763033692096,0.41842882542982995,0,0,15,0.0,0.0,1.10192,15,typeb,renault,mail
2026-01-14 12:00:00,6.394786570794746,0.7046543218090148,0.11019200000000001,0,0,15,0.0,0.0,1.10192,15,typeb,renault,mail
2026-01-14 13:00:00,6.3947865707947456,1.8425205169482728,0.28812853979570485,0,0,15,0.0,0.0,1.10192,15,typeb,renault,mail
2026-01-14 14:00:00,6.3947865707947456,1.1116632939344435,0.1738389986323321,0,0,15,0.0,0.0,1.10192,15,typeb,renault,mail
2026-01-14 15:00:00,6.3947865707947456,1.8429914098892195,0.28820217680230914,0,0,15,0.0,0.0,1.10192,15,typeb,renault,mail
2026-01-14 16:00:00,6.3947865707947456,0.99093040419506,0.1549591050811109,0,0,15,0.0,0.0,1.10192,15,typeb,renault,mail
2026-01-14 17:00:00,6.3947865707947456,1.462604466143429,0.22871826134482798,0,0,15,0.0,0.0,1.10192,15,typeb,renault,mail
2026-01-14 18:00:00,6.3947865707947456,1.6860373889273055,0.2636581174776822,0,0,15,0.0,0.0,1.10192,15,typeb,renault,mail
2026-01-14 19:00:00,0.0,0.0,0.0,1,1,15,45.0,80.0,1.10192,15,typeb,renault,mail
2026-01-14 20:00:00,0.0,0.0,0.0,1,1,15,45.0,80.0,1.10192,15,typeb,renault,mail
2026-01-14 21:00:00,0.0,0.0,0.0,1,1,15,45.0,80.0,1.10192,15,typeb,renault,mail
2026-01-14 22:00:00,0.0,0.0,0.0,1,1,15,45.0,80.0,1.10192,15,typeb,renault,mail
2026-01-14 23:00:00,0.0,0.0,0.0,1,1,15,45.0,80.0,1.10192,15,typeb,renault,mail
2026-01-01 00:00:00,0.0,0.0,0.0,1,1,16,45.0,80.0,1.0,16,typeb,renault,mail
2026-01-01 01:00:00,0.0,0.0,0.0,1,1,16,45.0,80.0,1.0,16,typeb,renault,mail
2026-01-01 02:00:00,0.0,0.0,0.0,1,1,16,45.0,80.0,1.0,16,typeb,renault,mail
2026-01-01 03:00:00,0.0,0.0,0.0,1,1,16,45.0,80.0,1.0,16,typeb,renault,mail
2026-01-01 04:00:00,0.0,0.0,0.0,1,1,16,45.0,80.0,1.0,16,typeb,renault,mail
2026-01-01 05:00:00,9.334181796873617,1.3659510641817232,0.14633859655907214,0,0,16,0.0,0.0,1.13291752,16,typeb,renault,mail
2026-01-01 06:00:00,9.334181796873617,1.0574858092543202,0.113291752,0,0,16,0.0,0.0,1.13291752,16,typeb,renault,mail
2026-01-01 07:00:00,9.334181796873617,1.9430904717720883,0.2081693408224495,0,0,16,0.0,0.0,1.13291752,16,typeb,renault,mail
2026-01-01 08:00:00,9.334181796873617,2.078766358416178,0.22270472159781998,0,0,16,0.0,0.0,1.13291752,16,typeb,renault,mail
2026-01-01 09:00:00,9.334181796873617,1.6823656792713235,0.1802370808585294,0,0,16,0.0,0.0,1.13291752,16,typeb,renault,mail
2026-01-01 10:00:00,9.334181796873617,2.433712256127636,0.2607311823456001,0,0,16,0.0,0.0,1.13291752,16,typeb,renault,mail
2026-01-01 11:00:00,9.334181796873617,1.1198131818641728,0.11996907776525653,0,0,16,0.0,0.0,1.13291752,16,typeb,renault,mail
2026-01-01 12:00:00,9.334181796873617,1.1268661858212194,0.1207246880705335,0,0,16,0.0,0.0,1.13291752,16,typeb,renault,mail
2026-01-01 13:00:00,9.334181796873617,1.0574858092543202,0.113291752,0,0,16,0.0,0.0,1.13291752,16,typeb,renault,mail
2026-01-01 14:00:00,9.334181796873617,4.426762709507638,0.47425289177358143,0,0,16,0.0,0.0,1.13291752,16,typeb,renault,mail
2026-01-01 15:00:00,9.334181796873617,1.0574858092543202,0.113291752,0,0,16,0.0,0.0,1.13291752,16,typeb,renault,mail
2026-01-01 16:00:00,9.334181796873617,2.834472975156092,0.30366592775228224,0,0,16,0.0,0.0,1.13291752,16,typeb,renault,mail
2026-01-01 17:00:00,9.334181796873617,1.0574858092543202,0.113291752,0,0,16,0.0,0.0,1.13291752,16,typeb,renault,mail
2026-01-01 18:00:00,9.334181796873617,1.2743761047927722,0.13652788562781268,0,0,16,0.0,0.0,1.13291752,16,typeb,renault,mail
2026-01-01 19:00:00,0.0,0.0,0.0,1,1,16,45.0,80.0,1.13291752,16,typeb,renault,mail
2026-01-01 20:00:00,0.0,0.0,0.0,1,1,16,45.0,80.0,1.13291752,16,typeb,renault,mail
2026-01-01 21:00:00,0.0,0.0,0.0,1,1,16,45.0,80.0,1.13291752,16,typeb,renault,mail
2026-01-01 22:00:00,0.0,0.0,0.0,1,1,16,45.0,80.0,1.13291752,16,typeb,renault,mail
2026-01-01 23:00:00,0.0,0.0,0.0,1,1,16,45.0,80.0,1.13291752,16,typeb,renault,mail
2026-01-02 00:00:00,0.0,0.0,0.0,1,1,16,45.0,80.0,1.13291752,16,typeb,renault,mail
2026-01-02 01:00:00,0.0,0.0,0.0,1,1,16,45.0,80.0,1.13291752,16,typeb,renault,mail
2026-01-02 02:00:00,0.0,0.0,0.0,1,1,16,45.0,80.0,1.13291752,16,typeb,renault,mail
2026-01-02 03:00:00,0.0,0.0,0.0,1,1,16,45.0,80.0,1.13291752,16,typeb,renault,mail
2026-01-02 04:00:00,0.0,0.0,0.0,1,1,16,45.0,80.0,1.13291752,16,typeb,renault,mail
2026-01-02 05:00:00,0.0,0.0,0.0,1,1,16,45.0,80.0,1.13291752,16,typeb,renault,mail
2026-01-02 06:00:00,10.042789420576568,2.9521066254358606,0.29395285530804016,0,0,16,0.0,0.0,1.23134816,16,typeb,renault,mail
2026-01-02 07:00:00,10.042789420576568,2.2474846776897794,0.22379087956229882,0,0,16,0.0,0.0,1.23134816,16,typeb,renault,mail
2026-01-02 08:00:00,10.042789420576568,1.5558556430081047,0.15492265921859597,0,0,16,0.0,0.0,1.23134816,16,typeb,renault,mail
2026-01-02 09:00:00,10.042789420576568,1.5814965419637372,0.15747582426884557,0,0,16,0.0,0.0,1.23134816,16,typeb,renault,mail
2026-01-02 10:00:00,10.042789420576568,2.0842061877576255,0.20753259881037797,0,0,16,0.0,0.0,1.23134816,16,typeb,renault,mail
2026-01-02 11:00:00,10.042789420576568,2.0468897269542854,0.2038168521945142,0,0,16,0.0,0.0,1.23134816,16,typeb,renault,mail
2026-01-02 12:00:00,10.042789420576568,1.7140023406781275,0.1706699472525358,0,0,16,0.0,0.0,1.23134816,16,typeb,renault,mail
2026-01-02 13:00:00,10.04278942057657,3.169344792572984,0.31558411312292833,0,0,16,0.0,0.0,1.23134816,16,typeb,renault,mail
2026-01-02 14:00:00,10.04278942057657,3.7809709533560216,0.3764861329870393,0,0,16,0.0,0.0,1.23134816,16,typeb,renault,mail
2026-01-02 15:00:00,10.04278942057657,1.2366170274294426,0.12313481600000001,0,0,16,0.0,0.0,1.23134816,16,typeb,renault,mail
2026-01-02 16:00:00,10.04278942057657,2.6501609663433543,0.26388693970954585,0,0,16,0.0,0.0,1.23134816,16,typeb,renault,mail
2026-01-02 17:00:00,10.04278942057657,1.5686629171116573,0.1561979298199402,0,0,16,0.0,0.0,1.23134816,16,typeb,renault,mail
2026-01-02 18:00:00,10.04278942057657,5.5647766234324925,0.5541066720000001,0,0,16,0.0,0.0,1.23134816,16,typeb,renault,mail
2026-01-02 19:00:00,0.0,0.0,0.0,1,1,16,45.0,80.0,1.23134816,16,typeb,renault,mail
2026-01-02 20:00:00,0.0,0.0,0.0,1,1,16,45.0,80.0,1.23134816,16,typeb,renault,mail
2026-01-02 21:00:00,0.0,0.0,0.0,1,1,16,45.0,80.0,1.23134816,16,typeb,renault,mail
2026-01-02 22:00:00,0.0,0.0,0.0,1,1,16,45.0,80.0,1.23134816,16,typeb,renault,mail
2026-01-02 23:00:00,0.0,0.0,0.0,1,1,16,45.0,80.0,1.23134816,16,typeb,renault,mail
2026-01-03 00:00:00,0.0,0.0,0.0,1,1,16,45.0,80.0,1.23134816,16,typeb,renault,mail
2026-01-03 01:00:00,0.0,0.0,0.0,1,1,16,45.0,80.0,1.23134816,16,typeb,renault,mail
2026-01-03 02:00:00,0.0,0.0,0.0,1,1,16,45.0,80.0,1.23134816,16,typeb,renault,mail
2026-01-03 03:00:00,0.0,0.0,0.0,1,1,16,45.0,80.0,1.23134816,16,typeb,renault,mail
2026-01-03 04:00:00,0.0,0.0,0.0,1,1,16,45.0,80.0,1.23134816,16,typeb,renault,mail
2026-01-03 05:00:00,0.0,0.0,0.0,1,1,16,45.0,80.0,1.23134816,16,typeb,renault,mail
2026-01-03 06:00:00,0.0,0.0,0.0,1,1,16,45.0,80.0,1.23134816,16,typeb,renault,mail
2026-01-03 07:00:00,0.0,0.0,0.0,1,1,16,45.0,80.0,1.23134816,16,typeb,renault,mail
2026-01-03 08:00:00,5.546102026570526,2.3705452879005438,0.42742547406153447,0,0,16,0.0,0.0,1.20636853,16,typeb,renault,mail
2026-01-03 09:00:00,5.546102026570526,0.7176628880371034,0.12939951061103644,0,0,16,0.0,0.0,1.20636853,16,typeb,renault,mail
2026-01-03 10:00:00,5.546102026570526,1.7806215493405848,0.32105820282603886,0,0,16,0.0,0.0,1.20636853,16,typeb,renault,mail
2026-01-03 11:00:00,5.546102026570526,0.6690642949023907,0.120636853,0,0,16,0.0,0.0,1.20636853,16,typeb,renault,mail
2026-01-03 12:00:00,5.546102026570526,0.6690642949023907,0.120636853,0,0,16,0.0,0.0,1.20636853,16,typeb,renault,mail
2026-01-03 13:00:00,5.546102026570526,2.180423642913296,0.39314524551968577,0,0,16,0.0,0.0,1.20636853,16,typeb,renault,mail
2026-01-03 14:00:00,5.546102026570526,0.7011169375919271,0.12641616296147876,0,0,16,0.0,0.0,1.20636853,16,typeb,renault,mail
2026-01-03 15:00:00,5.546102026570526,0.7583580159592341,0.13673711957083678,0,0,16,0.0,0.0,1.20636853,16,typeb,renault,mail
2026-01-03 16:00:00,5.546102026570525,0.6690642949023905,0.120636853,0,0,16,0.0,0.0,1.20636853,16,typeb,renault,mail
2026-01-03 17:00:00,5.546102026570525,1.4003887085602806,0.25249962980328045,0,0,16,0.0,0.0,1.20636853,16,typeb,renault,mail
2026-01-03 18:00:00,5.546102026570525,2.3950178028082014,0.4318380353145395,0,0,16,0.0,0.0,1.20636853,16,typeb,renault,mail
2026-01-03 19:00:00,5.546102026570525,2.66493454041581,0.48050586297340314,0,0,16,0.0,0.0,1.20636853,16,typeb,renault,mail
2026-01-03 20:00:00,0.0,0.0,0.0,1,1,16,45.0,80.0,1.20636853,16,typeb,renault,mail
2026-01-03 21:00:00,0.0,0.0,0.0,1,1,16,45.0,80.0,1.20636853,16,typeb,renault,mail
2026-01-03 22:00:00,0.0,0.0,0.0,1,1,16,45.0,80.0,1.20636853,16,typeb,renault,mail
2026-01-03 23:00:00,0.0,0.0,0.0,1,1,16,45.0,80.0,1.20636853,16,typeb,renault,mail
2026-01-04 00:00:00,0.0,0.0,0.0,1,1,16,45.0,80.0,1.20636853,16,typeb,renault,mail
2026-01-04 01:00:00,0.0,0.0,0.0,1,1,16,45.0,80.0,1.20636853,16,typeb,renault,mail
2026-01-04 02:00:00,0.0,0.0,0.0,1,1,16,45.0,80.0,1.20636853,16,typeb,renault,mail
2026-01-04 03:00:00,0.0,0.0,0.0,1,1,16,45.0,80.0,1.20636853,16,typeb,renault,mail
2026-01-04 04:00:00,0.0,0.0,0.0,1,1,16,45.0,80.0,1.20636853,16,typeb,renault,mail
2026-01-04 05:00:00,0.0,0.0,0.0,1,1,16,45.0,80.0,1.20636853,16,typeb,renault,mail
2026-01-04 06:00:00,0.0,0.0,0.0,1,1,16,45.0,80.0,1.20636853,16,typeb,renault,mail
2026-01-04 07:00:00,0.0,0.0,0.0,1,1,16,45.0,80.0,1.20636853,16,typeb,renault,mail
2026-01-04 08:00:00,5.184901591436828,2.583061138379874,0.4981890384662175,0,0,16,0.0,0.0,1.3029730700000002,16,typeb,renault,mail
2026-01-04 09:00:00,5.184901591436828,0.9060811297785368,0.17475377570810283,0,0,16,0.0,0.0,1.3029730700000002,16,typeb,renault,mail
2026-01-04 10:00:00,5.184901591436828,0.6755787144242332,0.13029730700000003,0,0,16,0.0,0.0,1.3029730700000002,16,typeb,renault,mail
2026-01-04 11:00:00,5.184901591436828,1.6605831229282,0.32027283327242917,0,0,16,0.0,0.0,1.3029730700000002,16,typeb,renault,mail
2026-01-04 12:00:00,5.184901591436828,0.6755787144242332,0.13029730700000003,0,0,16,0.0,0.0,1.3029730700000002,16,typeb,renault,mail
2026-01-04 13:00:00,5.184901591436828,0.6755787144242332,0.13029730700000003,0,0,16,0.0,0.0,1.3029730700000002,16,typeb,renault,mail
2026-01-04 14:00:00,5.184901591436828,0.6755787144242332,0.13029730700000003,0,0,16,0.0,0.0,1.3029730700000002,16,typeb,renault,mail
2026-01-04 15:00:00,5.184901591436828,1.6868446709773446,0.3253378374168698,0,0,16,0.0,0.0,1.3029730700000002,16,typeb,renault,mail
2026-01-04 16:00:00,5.184901591436829,1.4132700525740667,0.2725741323438357,0,0,16,0.0,0.0,1.3029730700000002,16,typeb,renault,mail
2026-01-04 17:00:00,5.184901591436829,0.9047249863974908,0.1744922194650131,0,0,16,0.0,0.0,1.3029730700000002,16,typeb,renault,mail
2026-01-04 18:00:00,5.184901591436829,1.0811370030155205,0.2085163978427444,0,0,16,0.0,0.0,1.3029730700000002,16,typeb,renault,mail
2026-01-04 19:00:00,0.0,0.0,0.0,1,1,16,45.0,80.0,1.3029730700000002,16,typeb,renault,mail
2026-01-04 20:00:00,0.0,0.0,0.0,1,1,16,45.0,80.0,1.3029730700000002,16,typeb,renault,mail
2026-01-04 21:00:00,0.0,0.0,0.0,1,1,16,45.0,80.0,1.3029730700000002,16,typeb,renault,mail
2026-01-04 22:00:00,0.0,0.0,0.0,1,1,16,45.0,80.0,1.3029730700000002,16,typeb,renault,mail
2026-01-04 23:00:00,0.0,0.0,0.0,1,1,16,45.0,80.0,1.3029730700000002,16,typeb,renault,mail
2026-01-05 00:00:00,0.0,0.0,0.0,1,1,16,45.0,80.0,1.3029730700000002,16,typeb,renault,mail
2026-01-05 01:00:00,0.0,0.0,0.0,1,1,16,45.0,80.0,1.3029730700000002,16,typeb,renault,mail
2026-01-05 02:00:00,0.0,0.0,0.0,1,1,16,45.0,80.0,1.3029730700000002,16,typeb,renault,mail
2026-01-05 03:00:00,0.0,0.0,0.0,1,1,16,45.0,80.0,1.3029730700000002,16,typeb,renault,mail
2026-01-05 04:00:00,0.0,0.0,0.0,1,1,16,45.0,80.0,1.3029730700000002,16,typeb,renault,mail
2026-01-05 05:00:00,0.0,0.0,0.0,1,1,16,45.0,80.0,1.3029730700000002,16,typeb,renault,mail
2026-01-05 06:00:00,10.061005698934672,1.484477991223989,0.14754767422318185,0,0,16,0.0,0.0,1.21493373,16,typeb,renault,mail
2026-01-05 07:00:00,10.061005698934672,3.5813265908479797,0.35596109355421546,0,0,16,0.0,0.0,1.21493373,16,typeb,renault,mail
2026-01-05 08:00:00,10.061005698934672,1.6778970495819274,0.16677229889250483,0,0,16,0.0,0.0,1.21493373,16,typeb,renault,mail
2026-01-05 09:00:00,10.061005698934672,1.9071298647803225,0.18955658329288716,0,0,16,0.0,0.0,1.21493373,16,typeb,renault,mail
2026-01-05 10:00:00,10.061005698934672,1.222345518135796,0.12149337300000002,0,0,16,0.0,0.0,1.21493373,16,typeb,renault,mail
2026-01-05 11:00:00,10.061005698934672,3.0285309987893414,0.301016726301032,0,0,16,0.0,0.0,1.21493373,16,typeb,renault,mail
2026-01-05 12:00:00,0.0,0.0,0.0,1,1,16,45.0,80.0,1.21493373,16,typeb,renault,mail
2026-01-05 13:00:00,10.06100569893467,3.043726515554862,0.3025270640565439,0,0,16,0.0,0.0,1.21493373,16,typeb,renault,mail
2026-01-05 14:00:00,10.06100569893467,2.5308535241732777,0.2515507494883203,0,0,16,0.0,0.0,1.21493373,16,typeb,renault,mail
2026-01-05 15:00:00,10.06100569893467,1.3900802110527233,0.13816513504210762,0,0,16,0.0,0.0,1.21493373,16,typeb,renault,mail
2026-01-05 16:00:00,10.06100569893467,1.376718594981568,0.13683707535593034,0,0,16,0.0,0.0,1.21493373,16,typeb,renault,mail
2026-01-05 17:00:00,10.06100569893467,1.4440674417102148,0.14353112252616285,0,0,16,0.0,0.0,1.21493373,16,typeb,renault,mail
2026-01-05 18:00:00,10.06100569893467,1.2223455181357956,0.12149337300000002,0,0,16,0.0,0.0,1.21493373,16,typeb,renault,mail
2026-01-05 19:00:00,0.0,0.0,0.0,1,1,16,45.0,80.0,1.21493373,16,typeb,renault,mail
2026-01-05 20:00:00,0.0,0.0,0.0,1,1,16,45.0,80.0,1.21493373,16,typeb,renault,mail
2026-01-05 21:00:00,0.0,0.0,0.0,1,1,16,45.0,80.0,1.21493373,16,typeb,renault,mail
2026-01-05 22:00:00,0.0,0.0,0.0,1,1,16,45.0,80.0,1.21493373,16,typeb,renault,mail
2026-01-05 23:00:00,0.0,0.0,0.0,1,1,16,45.0,80.0,1.21493373,16,typeb,renault,mail
2026-01-06 00:00:00,0.0,0.0,0.0,1,1,16,45.0,80.0,1.21493373,16,typeb,renault,mail
2026-01-06 01:00:00,0.0,0.0,0.0,1,1,16,45.0,80.0,1.21493373,16,typeb,renault,mail
2026-01-06 02:00:00,0.0,0.0,0.0,1,1,16,45.0,80.0,1.21493373,16,typeb,renault,mail
2026-01-06 03:00:00,0.0,0.0,0.0,1,1,16,45.0,80.0,1.21493373,16,typeb,renault,mail
2026-01-06 04:00:00,0.0,0.0,0.0,1,1,16,45.0,80.0,1.21493373,16,typeb,renault,mail
2026-01-06 05:00:00,0.0,0.0,0.0,1,1,16,45.0,80.0,1.21493373,16,typeb,renault,mail
2026-01-06 06:00:00,0.0,0.0,0.0,1,1,16,45.0,80.0,1.21493373,16,typeb,renault,mail
2026-01-06 07:00:00,10.285620288707634,6.089140367000571,0.592005168,0,0,16,0.0,0.0,1.31556704,16,typeb,renault,mail
2026-01-06 08:00:00,10.285620288707634,6.089140367000571,0.592005168,0,0,16,0.0,0.0,1.31556704,16,typeb,renault,mail
2026-01-06 09:00:00,10.285620288707634,1.92218901481716,0.18688119538376222,0,0,16,0.0,0.0,1.31556704,16,typeb,renault,mail
2026-01-06 10:00:00,10.285620288707634,1.3987933931217413,0.13599504491308584,0,0,16,0.0,0.0,1.31556704,16,typeb,renault,mail
2026-01-06 11:00:00,10.285620288707634,1.4479618785689872,0.1407753580169272,0,0,16,0.0,0.0,1.31556704,16,typeb,renault,mail
2026-01-06 12:00:00,10.285620288707634,6.089140367000571,0.592005168,0,0,16,0.0,0.0,1.31556704,16,typeb,renault,mail
2026-01-06 13:00:00,10.285620288707632,3.0759255339402607,0.29905104870702404,0,0,16,0.0,0.0,1.31556704,16,typeb,renault,mail
2026-01-06 14:00:00,10.285620288707632,6.08914036700057,0.592005168,0,0,16,0.0,0.0,1.31556704,16,typeb,renault,mail
2026-01-06 15:00:00,10.285620288707632,1.9675121332665335,0.19128764994626762,0,0,16,0.0,0.0,1.31556704,16,typeb,renault,mail
2026-01-06 16:00:00,10.285620288707632,4.464528667472485,0.43405536488392416,0,0,16,0.0,0.0,1.31556704,16,typeb,renault,mail
2026-01-06 17:00:00,10.285620288707632,2.360303208315182,0.22947602011971116,0,0,16,0.0,0.0,1.31556704,16,typeb,renault,mail
2026-01-06 18:00:00,10.285620288707632,2.492402203244496,0.24231909532776089,0,0,16,0.0,0.0,1.31556704,16,typeb,renault,mail
2026-01-06 19:00:00,10.285620288707632,1.3531423037779045,0.131556704,0,0,16,0.0,0.0,1.31556704,16,typeb,renault,mail
2026-01-06 20:00:00,0.0,0.0,0.0,1,1,16,45.0,80.0,1.31556704,16,typeb,renault,mail
2026-01-06 21:00:00,0.0,0.0,0.0,1,1,16,45.0,80.0,1.31556704,16,typeb,renault,mail
2026-01-06 22:00:00,0.0,0.0,0.0,1,1,16,45.0,80.0,1.31556704,16,typeb,renault,mail
2026-01-06 23:00:00,0.0,0.0,0.0,1,1,16,45.0,80.0,1.31556704,16,typeb,renault,mail
2026-01-07 00:00:00,0.0,0.0,0.0,1,1,16,45.0,80.0,1.31556704,16,typeb,renault,mail
2026-01-07 01:00:00,0.0,0.0,0.0,1,1,16,45.0,80.0,1.31556704,16,typeb,renault,mail
2026-01-07 02:00:00,0.0,0.0,0.0,1,1,16,45.0,80.0,1.31556704,16,typeb,renault,mail
2026-01-07 03:00:00,0.0,0.0,0.0,1,1,16,45.0,80.0,1.31556704,16,typeb,renault,mail
2026-01-07 04:00:00,0.0,0.0,0.0,1,1,16,45.0,80.0,1.31556704,16,typeb,renault,mail
2026-01-07 05:00:00,0.0,0.0,0.0,1,1,16,45.0,80.0,1.31556704,16,typeb,renault,mail
2026-01-07 06:00:00,0.0,0.0,0.0,1,1,16,45.0,80.0,1.31556704,16,typeb,renault,mail
2026-01-07 07:00:00,13.92160240620859,1.7530977187364625,0.125926432,0,0,16,0.0,0.0,1.25926432,16,typeb,renault,mail
2026-01-07 08:00:00,13.92160240620859,1.7530977187364625,0.125926432,0,0,16,0.0,0.0,1.25926432,16,typeb,renault,mail
2026-01-07 09:00:00,13.92160240620859,4.100816427059716,0.2945649722930517,0,0,16,0.0,0.0,1.25926432,16,typeb,renault,mail
2026-01-07 10:00:00,13.92160240620859,1.7530977187364625,0.125926432,0,0,16,0.0,0.0,1.25926432,16,typeb,renault,mail
2026-01-07 11:00:00,13.92160240620859,4.238250884263072,0.30443700089961967,0,0,16,0.0,0.0,1.25926432,16,typeb,renault,mail
2026-01-07 12:00:00,0.0,0.0,0.0,1,1,16,45.0,80.0,1.25926432,16,typeb,renault,mail
2026-01-07 13:00:00,0.0,0.0,0.0,1,1,16,45.0,80.0,1.25926432,16,typeb,renault,mail
2026-01-07 14:00:00,13.921602406208587,3.529253857404322,0.2535091690185311,0,0,16,0.0,0.0,1.25926432,16,typeb,renault,mail
2026-01-07 15:00:00,13.921602406208587,1.7530977187364623,0.125926432,0,0,16,0.0,0.0,1.25926432,16,typeb,renault,mail
2026-01-07 16:00:00,13.921602406208587,1.7530977187364623,0.125926432,0,0,16,0.0,0.0,1.25926432,16,typeb,renault,mail
2026-01-07 17:00:00,13.921602406208587,6.10238315911225,0.4383391351839486,0,0,16,0.0,0.0,1.25926432,16,typeb,renault,mail
2026-01-07 18:00:00,0.0,0.0,0.0,1,1,16,45.0,80.0,1.25926432,16,typeb,renault,mail
2026-01-07 19:00:00,0.0,0.0,0.0,1,1,16,45.0,80.0,1.25926432,16,typeb,renault,mail
2026-01-07 20:00:00,0.0,0.0,0.0,1,1,16,45.0,80.0,1.25926432,16,typeb,renault,mail
2026-01-07 21:00:00,0.0,0.0,0.0,1,1,16,45.0,80.0,1.25926432,16,typeb,renault,mail
2026-01-07 22:00:00,0.0,0.0,0.0,1,1,16,45.0,80.0,1.25926432,16,typeb,renault,mail
2026-01-07 23:00:00,0.0,0.0,0.0,1,1,16,45.0,80.0,1.25926432,16,typeb,renault,mail
2026-01-08 00:00:00,0.0,0.0,0.0,1,1,16,45.0,80.0,1.25926432,16,typeb,renault,mail
2026-01-08 01:00:00,0.0,0.0,0.0,1,1,16,45.0,80.0,1.25926432,16,typeb,renault,mail
2026-01-08 02:00:00,0.0,0.0,0.0,1,1,16,45.0,80.0,1.25926432,16,typeb,renault,mail
2026-01-08 03:00:00,0.0,0.0,0.0,1,1,16,45.0,80.0,1.25926432,16,typeb,renault,mail
2026-01-08 04:00:00,0.0,0.0,0.0,1,1,16,45.0,80.0,1.25926432,16,typeb,renault,mail
2026-01-08 05:00:00,0.0,0.0,0.0,1,1,16,45.0,80.0,1.25926432,16,typeb,renault,mail
2026-01-08 06:00:00,0.0,0.0,0.0,1,1,16,45.0,80.0,1.25926432,16,typeb,renault,mail
2026-01-08 07:00:00,0.0,0.0,0.0,1,1,16,45.0,80.0,1.25926432,16,typeb,renault,mail
2026-01-08 08:00:00,11.475792361818113,4.166517620239458,0.3630701470429319,0,0,16,0.0,0.0,1.16541536,16,typeb,renault,mail
2026-01-08 09:00:00,11.475792361818113,2.857452379714657,0.24899826431348482,0,0,16,0.0,0.0,1.16541536,16,typeb,renault,mail
2026-01-08 10:00:00,11.475792361818113,2.9677063917852387,0.2586057936756765,0,0,16,0.0,0.0,1.16541536,16,typeb,renault,mail
2026-01-08 11:00:00,11.475792361818113,3.275446174428846,0.28542222368250625,0,0,16,0.0,0.0,1.16541536,16,typeb,renault,mail
2026-01-08 12:00:00,11.475792361818113,1.5968287777525072,0.13914758366188504,0,0,16,0.0,0.0,1.16541536,16,typeb,renault,mail
2026-01-08 13:00:00,11.475792361818115,2.276873497604574,0.198406648170118,0,0,16,0.0,0.0,1.16541536,16,typeb,renault,mail
2026-01-08 14:00:00,11.475792361818115,2.76767464787696,0.24117503703582832,0,0,16,0.0,0.0,1.16541536,16,typeb,renault,mail
2026-01-08 15:00:00,11.475792361818115,3.5603559886089484,0.31024925132445313,0,0,16,0.0,0.0,1.16541536,16,typeb,renault,mail
2026-01-08 16:00:00,11.475792361818115,3.1761749842951454,0.27677173690095785,0,0,16,0.0,0.0,1.16541536,16,typeb,renault,mail
2026-01-08 17:00:00,11.475792361818115,3.049591628055955,0.2657412692654198,0,0,16,0.0,0.0,1.16541536,16,typeb,renault,mail
2026-01-08 18:00:00,0.0,0.0,0.0,1,1,16,45.0,80.0,1.16541536,16,typeb,renault,mail
2026-01-08 19:00:00,0.0,0.0,0.0,1,1,16,45.0,80.0,1.16541536,16,typeb,renault,mail
2026-01-08 20:00:00,0.0,0.0,0.0,1,1,16,45.0,80.0,1.16541536,16,typeb,renault,mail
2026-01-08 21:00:00,0.0,0.0,0.0,1,1,16,45.0,80.0,1.16541536,16,typeb,renault,mail
2026-01-08 22:00:00,0.0,0.0,0.0,1,1,16,45.0,80.0,1.16541536,16,typeb,renault,mail
2026-01-08 23:00:00,0.0,0.0,0.0,1,1,16,45.0,80.0,1.16541536,16,typeb,renault,mail
2026-01-09 00:00:00,0.0,0.0,0.0,1,1,16,45.0,80.0,1.16541536,16,typeb,renault,mail
2026-01-09 01:00:00,0.0,0.0,0.0,1,1,16,45.0,80.0,1.16541536,16,typeb,renault,mail
2026-01-09 02:00:00,0.0,0.0,0.0,1,1,16,45.0,80.0,1.16541536,16,typeb,renault,mail
2026-01-09 03:00:00,0.0,0.0,0.0,1,1,16,45.0,80.0,1.16541536,16,typeb,renault,mail
2026-01-09 04:00:00,0.0,0.0,0.0,1,1,16,45.0,80.0,1.16541536,16,typeb,renault,mail
2026-01-09 05:00:00,0.0,0.0,0.0,1,1,16,45.0,80.0,1.16541536,16,typeb,renault,mail
2026-01-09 06:00:00,0.0,0.0,0.0,1,1,16,45.0,80.0,1.16541536,16,typeb,renault,mail
2026-01-09 07:00:00,12.195936074724079,1.7344339660467647,0.14221409126941528,0,0,16,0.0,0.0,1.13480256,16,typeb,renault,mail
2026-01-09 08:00:00,12.195936074724079,5.221168687094743,0.42810725270326305,0,0,16,0.0,0.0,1.13480256,16,typeb,renault,mail
2026-01-09 09:00:00,12.195936074724079,2.3462945884301396,0.1923833131015507,0,0,16,0.0,0.0,1.13480256,16,typeb,renault,mail
2026-01-09 10:00:00,12.195936074724079,2.829445296011239,0.23199902645236295,0,0,16,0.0,0.0,1.13480256,16,typeb,renault,mail
2026-01-09 11:00:00,12.195936074724079,3.1643022116771027,0.2594554605968359,0,0,16,0.0,0.0,1.13480256,16,typeb,renault,mail
2026-01-09 12:00:00,0.0,0.0,0.0,1,1,16,45.0,80.0,1.13480256,16,typeb,renault,mail
2026-01-09 13:00:00,12.195936074724079,4.213743374972811,0.3455038915549697,0,0,16,0.0,0.0,1.13480256,16,typeb,renault,mail
2026-01-09 14:00:00,12.195936074724079,2.745179365079575,0.22508968137090551,0,0,16,0.0,0.0,1.13480256,16,typeb,renault,mail
2026-01-09 15:00:00,12.195936074724079,1.7780987695039903,0.1457943661404619,0,0,16,0.0,0.0,1.13480256,16,typeb,renault,mail
2026-01-09 16:00:00,12.195936074724079,1.3839979479193238,0.113480256,0,0,16,0.0,0.0,1.13480256,16,typeb,renault,mail
2026-01-09 17:00:00,12.195936074724079,2.253959236367834,0.18481231965778627,0,0,16,0.0,0.0,1.13480256,16,typeb,renault,mail
2026-01-09 18:00:00,12.195936074724079,1.3839979479193238,0.113480256,0,0,16,0.0,0.0,1.13480256,16,typeb,renault,mail
2026-01-09 19:00:00,0.0,0.0,0.0,1,1,16,45.0,80.0,1.13480256,16,typeb,renault,mail
2026-01-09 20:00:00,0.0,0.0,0.0,1,1,16,45.0,80.0,1.13480256,16,typeb,renault,mail
2026-01-09 21:00:00,0.0,0.0,0.0,1,1,16,45.0,80.0,1.13480256,16,typeb,renault,mail
2026-01-09 22:00:00,0.0,0.0,0.0,1,1,16,45.0,80.0,1.13480256,16,typeb,renault,mail
2026-01-09 23:00:00,0.0,0.0,0.0,1,1,16,45.0,80.0,1.13480256,16,typeb,renault,mail
2026-01-10 00:00:00,0.0,0.0,0.0,1,1,16,45.0,80.0,1.13480256,16,typeb,renault,mail
2026-01-10 01:00:00,0.0,0.0,0.0,1,1,16,45.0,80.0,1.13480256,16,typeb,renault,mail
2026-01-10 02:00:00,0.0,0.0,0.0,1,1,16,45.0,80.0,1.13480256,16,typeb,renault,mail
2026-01-10 03:00:00,0.0,0.0,0.0,1,1,16,45.0,80.0,1.13480256,16,typeb,renault,mail
2026-01-10 04:00:00,0.0,0.0,0.0,1,1,16,45.0,80.0,1.13480256,16,typeb,renault,mail
2026-01-10 05:00:00,0.0,0.0,0.0,1,1,16,45.0,80.0,1.13480256,16,typeb,renault,mail
2026-01-10 06:00:00,0.0,0.0,0.0,1,1,16,45.0,80.0,1.13480256,16,typeb,renault,mail
2026-01-10 07:00:00,0.0,0.0,0.0,1,1,16,45.0,80.0,1.13480256,16,typeb,renault,mail
2026-01-10 08:00:00,0.0,0.0,0.0,1,1,16,45.0,80.0,1.13480256,16,typeb,renault,mail
2026-01-10 09:00:00,6.6201066749563715,0.9266185555206626,0.13997033598054057,0,0,16,0.0,0.0,1.18959,16,typeb,renault,mail
2026-01-10 10:00:00,6.6201066749563715,1.1674042806568465,0.17634221591520505,0,0,16,0.0,0.0,1.18959,16,typeb,renault,mail
2026-01-10 11:00:00,6.6201066749563715,0.9242293419615093,0.13960943340351842,0,0,16,0.0,0.0,1.18959,16,typeb,renault,mail
2026-01-10 12:00:00,6.6201066749563715,1.1400999257770716,0.17221775747059018,0,0,16,0.0,0.0,1.18959,16,typeb,renault,mail
2026-01-10 13:00:00,6.6201066749563715,0.8171417507002422,0.1234333207637666,0,0,16,0.0,0.0,1.18959,16,typeb,renault,mail
2026-01-10 14:00:00,6.6201066749563715,1.8073770016016004,0.27301327461064084,0,0,16,0.0,0.0,1.18959,16,typeb,renault,mail
2026-01-10 15:00:00,0.0,0.0,0.0,1,1,16,45.0,80.0,1.18959,16,typeb,renault,mail
2026-01-10 16:00:00,6.6201066749563715,1.697513349660076,0.2564178242144811,0,0,16,0.0,0.0,1.18959,16,typeb,renault,mail
2026-01-10 17:00:00,6.6201066749563715,3.5438457147576075,0.5353154999999999,0,0,16,0.0,0.0,1.18959,16,typeb,renault,mail
2026-01-10 18:00:00,6.6201066749563715,0.9601597062250429,0.14503689341703405,0,0,16,0.0,0.0,1.18959,16,typeb,renault,mail
2026-01-10 19:00:00,0.0,0.0,0.0,1,1,16,45.0,80.0,1.18959,16,typeb,renault,mail
2026-01-10 20:00:00,0.0,0.0,0.0,1,1,16,45.0,80.0,1.18959,16,typeb,renault,mail
2026-01-10 21:00:00,0.0,0.0,0.0,1,1,16,45.0,80.0,1.18959,16,typeb,renault,mail
2026-01-10 22:00:00,0.0,0.0,0.0,1,1,16,45.0,80.0,1.18959,16,typeb,renault,mail
2026-01-10 23:00:00,0.0,0.0,0.0,1,1,16,45.0,80.0,1.18959,16,typeb,renault,mail
2026-01-11 00:00:00,0.0,0.0,0.0,1,1,16,45.0,80.0,1.18959,16,typeb,renault,mail
2026-01-11 01:00:00,0.0,0.0,0.0,1,1,16,45.0,80.0,1.18959,16,typeb,renault,mail
2026-01-11 02:00:00,0.0,0.0,0.0,1,1,16,45.0,80.0,1.18959,16,typeb,renault,mail
2026-01-11 03:00:00,0.0,0.0,0.0,1,1,16,45.0,80.0,1.18959,16,typeb,renault,mail
2026-01-11 04:00:00,0.0,0.0,0.0,1,1,16,45.0,80.0,1.18959,16,typeb,renault,mail
2026-01-11 05:00:00,0.0,0.0,0.0,1,1,16,45.0,80.0,1.18959,16,typeb,renault,mail
2026-01-11 06:00:00,0.0,0.0,0.0,1,1,16,45.0,80.0,1.18959,16,typeb,renault,mail
2026-01-11 07:00:00,0.0,0.0,0.0,1,1,16,45.0,80.0,1.18959,16,typeb,renault,mail
2026-01-11 08:00:00,0.0,0.0,0.0,1,1,16,45.0,80.0,1.18959,16,typeb,renault,mail
2026-01-11 09:00:00,0.0,0.0,0.0,1,1,16,45.0,80.0,1.18959,16,typeb,renault,mail
2026-01-11 10:00:00,13.510202499323517,2.700379618543827,0.19987706466124697,0,0,16,0.0,0.0,1.12204732,16,typeb,renault,mail
2026-01-11 11:00:00,13.510202499323517,6.821588928160464,0.5049212940000001,0,0,16,0.0,0.0,1.12204732,16,typeb,renault,mail
2026-01-11 12:00:00,13.510202499323517,3.7042284656351674,0.27418008470418154,0,0,16,0.0,0.0,1.12204732,16,typeb,renault,mail
2026-01-11 13:00:00,13.510202499323517,4.690719084247652,0.34719828103853556,0,0,16,0.0,0.0,1.12204732,16,typeb,renault,mail
2026-01-11 14:00:00,13.510202499323517,1.5159086507023256,0.11220473200000002,0,0,16,0.0,0.0,1.12204732,16,typeb,renault,mail
2026-01-11 15:00:00,13.510202499323517,1.5159086507023256,0.11220473200000002,0,0,16,0.0,0.0,1.12204732,16,typeb,renault,mail
2026-01-11 16:00:00,13.510202499323515,4.752915593569519,0.3518019506967055,0,0,16,0.0,0.0,1.12204732,16,typeb,renault,mail
2026-01-11 17:00:00,13.510202499323515,2.250009591683428,0.16654151496219918,0,0,16,0.0,0.0,1.12204732,16,typeb,renault,mail
2026-01-11 18:00:00,13.510202499323515,2.6847142591457374,0.19871754396576713,0,0,16,0.0,0.0,1.12204732,16,typeb,renault,mail
2026-01-11 19:00:00,0.0,0.0,0.0,1,1,16,45.0,80.0,1.12204732,16,typeb,renault,mail
2026-01-11 20:00:00,0.0,0.0,0.0,1,1,16,45.0,80.0,1.12204732,16,typeb,renault,mail
2026-01-11 21:00:00,0.0,0.0,0.0,1,1,16,45.0,80.0,1.12204732,16,typeb,renault,mail
2026-01-11 22:00:00,0.0,0.0,0.0,1,1,16,45.0,80.0,1.12204732,16,typeb,renault,mail
2026-01-11 23:00:00,0.0,0.0,0.0,1,1,16,45.0,80.0,1.12204732,16,typeb,renault,mail
2026-01-12 00:00:00,0.0,0.0,0.0,1,1,16,45.0,80.0,1.12204732,16,typeb,renault,mail
2026-01-12 01:00:00,0.0,0.0,0.0,1,1,16,45.0,80.0,1.12204732,16,typeb,renault,mail
2026-01-12 02:00:00,0.0,0.0,0.0,1,1,16,45.0,80.0,1.12204732,16,typeb,renault,mail
2026-01-12 03:00:00,0.0,0.0,0.0,1,1,16,45.0,80.0,1.12204732,16,typeb,renault,mail
2026-01-12 04:00:00,0.0,0.0,0.0,1,1,16,45.0,80.0,1.12204732,16,typeb,renault,mail
2026-01-12 05:00:00,0.0,0.0,0.0,1,1,16,45.0,80.0,1.12204732,16,typeb,renault,mail
2026-01-12 06:00:00,0.0,0.0,0.0,1,1,16,45.0,80.0,1.12204732,16,typeb,renault,mail
2026-01-12 07:00:00,8.722971638162958,1.2548753870052447,0.14385870309553353,0,0,16,0.0,0.0,1.1197747500000002,16,typeb,renault,mail
2026-01-12 08:00:00,8.722971638162958,0.9767763385381019,0.11197747500000002,0,0,16,0.0,0.0,1.1197747500000002,16,typeb,renault,mail
2026-01-12 09:00:00,8.722971638162958,1.5241600418866337,0.174729450594387,0,0,16,0.0,0.0,1.1197747500000002,16,typeb,renault,mail
2026-01-12 10:00:00,8.722971638162958,1.6110764251536296,0.18469353013887818,0,0,16,0.0,0.0,1.1197747500000002,16,typeb,renault,mail
2026-01-12 11:00:00,8.722971638162958,1.0341659774289544,0.11855661354033106,0,0,16,0.0,0.0,1.1197747500000002,16,typeb,renault,mail
2026-01-12 12:00:00,0.0,0.0,0.0,1,1,16,45.0,80.0,1.1197747500000002,16,typeb,renault,mail
2026-01-12 13:00:00,8.72297163816296,3.6040939554216154,0.4131727242644836,0,0,16,0.0,0.0,1.1197747500000002,16,typeb,renault,mail
2026-01-12 14:00:00,8.72297163816296,0.9767763385381021,0.11197747500000002,0,0,16,0.0,0.0,1.1197747500000002,16,typeb,renault,mail
2026-01-12 15:00:00,8.72297163816296,0.9767763385381021,0.11197747500000002,0,0,16,0.0,0.0,1.1197747500000002,16,typeb,renault,mail
2026-01-12 16:00:00,8.72297163816296,1.9476633868514388,0.2232798027601535,0,0,16,0.0,0.0,1.1197747500000002,16,typeb,renault,mail
2026-01-12 17:00:00,8.72297163816296,1.2384778153534168,0.14197888824206217,0,0,16,0.0,0.0,1.1197747500000002,16,typeb,renault,mail
2026-01-12 18:00:00,8.72297163816296,1.6005361348940887,0.18348519303808702,0,0,16,0.0,0.0,1.1197747500000002,16,typeb,renault,mail
2026-01-12 19:00:00,8.72297163816296,1.3871992195928902,0.15902828498534835,0,0,16,0.0,0.0,1.1197747500000002,16,typeb,renault,mail
2026-01-12 20:00:00,0.0,0.0,0.0,1,1,16,45.0,80.0,1.1197747500000002,16,typeb,renault,mail
2026-01-12 21:00:00,0.0,0.0,0.0,1,1,16,45.0,80.0,1.1197747500000002,16,typeb,renault,mail
2026-01-12 22:00:00,0.0,0.0,0.0,1,1,16,45.0,80.0,1.1197747500000002,16,typeb,renault,mail
2026-01-12 23:00:00,0.0,0.0,0.0,1,1,16,45.0,80.0,1.1197747500000002,16,typeb,renault,mail
2026-01-13 00:00:00,0.0,0.0,0.0,1,1,16,45.0,80.0,1.1197747500000002,16,typeb,renault,mail
2026-01-13 01:00:00,0.0,0.0,0.0,1,1,16,45.0,80.0,1.1197747500000002,16,typeb,renault,mail
2026-01-13 02:00:00,0.0,0.0,0.0,1,1,16,45.0,80.0,1.1197747500000002,16,typeb,renault,mail
2026-01-13 03:00:00,0.0,0.0,0.0,1,1,16,45.0,80.0,1.1197747500000002,16,typeb,renault,mail
2026-01-13 04:00:00,0.0,0.0,0.0,1,1,16,45.0,80.0,1.1197747500000002,16,typeb,renault,mail
2026-01-13 05:00:00,0.0,0.0,0.0,1,1,16,45.0,80.0,1.1197747500000002,16,typeb,renault,mail
2026-01-13 06:00:00,0.0,0.0,0.0,1,1,16,45.0,80.0,1.1197747500000002,16,typeb,renault,mail
2026-01-13 07:00:00,10.804906129070462,1.552847153431087,0.14371685740546802,0,0,16,0.0,0.0,1.12415904,16,typeb,renault,mail
2026-01-13 08:00:00,10.804906129070462,5.465894805605686,0.5058715680000001,0,0,16,0.0,0.0,1.12415904,16,typeb,renault,mail
2026-01-13 09:00:00,10.804906129070462,4.19385911291825,0.3881439656041736,0,0,16,0.0,0.0,1.12415904,16,typeb,renault,mail
2026-01-13 10:00:00,10.804906129070462,1.2146432901345967,0.11241590400000001,0,0,16,0.0,0.0,1.12415904,16,typeb,renault,mail
2026-01-13 11:00:00,10.804906129070462,1.2146432901345967,0.11241590400000001,0,0,16,0.0,0.0,1.12415904,16,typeb,renault,mail
2026-01-13 12:00:00,0.0,0.0,0.0,1,1,16,45.0,80.0,1.12415904,16,typeb,renault,mail
2026-01-13 13:00:00,0.0,0.0,0.0,1,1,16,45.0,80.0,1.12415904,16,typeb,renault,mail
2026-01-13 14:00:00,10.804906129070462,1.2146432901345967,0.11241590400000001,0,0,16,0.0,0.0,1.12415904,16,typeb,renault,mail
2026-01-13 15:00:00,10.804906129070462,2.6086512704774414,0.2414321086472837,0,0,16,0.0,0.0,1.12415904,16,typeb,renault,mail
2026-01-13 16:00:00,10.804906129070462,2.027467676269709,0.1876432476183049,0,0,16,0.0,0.0,1.12415904,16,typeb,renault,mail
2026-01-13 17:00:00,10.804906129070462,3.3199679984069284,0.3072648627158914,0,0,16,0.0,0.0,1.12415904,16,typeb,renault,mail
2026-01-13 18:00:00,10.804906129070462,1.7646137040844108,0.16331596804314108,0,0,16,0.0,0.0,1.12415904,16,typeb,renault,mail
2026-01-13 19:00:00,0.0,0.0,0.0,1,1,16,45.0,80.0,1.12415904,16,typeb,renault,mail
2026-01-13 20:00:00,0.0,0.0,0.0,1,1,16,45.0,80.0,1.12415904,16,typeb,renault,mail
2026-01-13 21:00:00,0.0,0.0,0.0,1,1,16,45.0,80.0,1.12415904,16,typeb,renault,mail
2026-01-13 22:00:00,0.0,0.0,0.0,1,1,16,45.0,80.0,1.12415904,16,typeb,renault,mail
2026-01-13 23:00:00,0.0,0.0,0.0,1,1,16,45.0,80.0,1.12415904,16,typeb,renault,mail
2026-01-14 00:00:00,0.0,0.0,0.0,1,1,16,45.0,80.0,1.12415904,16,typeb,renault,mail
2026-01-14 01:00:00,0.0,0.0,0.0,1,1,16,45.0,80.0,1.12415904,16,typeb,renault,mail
2026-01-14 02:00:00,0.0,0.0,0.0,1,1,16,45.0,80.0,1.12415904,16,typeb,renault,mail
2026-01-14 03:00:00,0.0,0.0,0.0,1,1,16,45.0,80.0,1.12415904,16,typeb,renault,mail
2026-01-14 04:00:00,0.0,0.0,0.0,1,1,16,45.0,80.0,1.12415904,16,typeb,renault,mail
2026-01-14 05:00:00,8.707930168938505,2.1003599376800866,0.24120082464282322,0,0,16,0.0,0.0,1.10192,16,typeb,renault,mail
2026-01-14 06:00:00,8.707930168938505,1.9373821524864783,0.22248480579198818,0,0,16,0.0,0.0,1.10192,16,typeb,renault,mail
2026-01-14 07:00:00,8.707930168938505,0.9595442411756718,0.11019200000000001,0,0,16,0.0,0.0,1.10192,16,typeb,renault,mail
2026-01-14 08:00:00,8.707930168938505,2.2522239715810763,0.25864056416240444,0,0,16,0.0,0.0,1.10192,16,typeb,renault,mail
2026-01-14 09:00:00,8.707930168938505,0.9595442411756718,0.11019200000000001,0,0,16,0.0,0.0,1.10192,16,typeb,renault,mail
2026-01-14 10:00:00,8.707930168938505,2.85923636836362,0.3283485642274231,0,0,16,0.0,0.0,1.10192,16,typeb,renault,mail
2026-01-14 11:00:00,8.707930168938505,0.9595442411756718,0.11019200000000001,0,0,16,0.0,0.0,1.10192,16,typeb,renault,mail
2026-01-14 12:00:00,0.0,0.0,0.0,1,1,16,45.0,80.0,1.10192,16,typeb,renault,mail
2026-01-14 13:00:00,0.0,0.0,0.0,1,1,16,45.0,80.0,1.10192,16,typeb,renault,mail
2026-01-14 14:00:00,8.707930168938502,3.8007957716874423,0.4364752240716188,0,0,16,0.0,0.0,1.10192,16,typeb,renault,mail
2026-01-14 15:00:00,8.707930168938502,0.9595442411756715,0.11019200000000001,0,0,16,0.0,0.0,1.10192,16,typeb,renault,mail
2026-01-14 16:00:00,8.707930168938502,2.487293703310093,0.2856354673332543,0,0,16,0.0,0.0,1.10192,16,typeb,renault,mail
2026-01-14 17:00:00,8.707930168938502,2.8246138711683138,0.3243725910026027,0,0,16,0.0,0.0,1.10192,16,typeb,renault,mail
2026-01-14 18:00:00,8.707930168938502,1.1951194653263277,0.13724495283498733,0,0,16,0.0,0.0,1.10192,16,typeb,renault,mail
2026-01-14 19:00:00,0.0,0.0,0.0,1,1,16,45.0,80.0,1.10192,16,typeb,renault,mail
2026-01-14 20:00:00,0.0,0.0,0.0,1,1,16,45.0,80.0,1.10192,16,typeb,renault,mail
2026-01-14 21:00:00,0.0,0.0,0.0,1,1,16,45.0,80.0,1.10192,16,typeb,renault,mail
2026-01-14 22:00:00,0.0,0.0,0.0,1,1,16,45.0,80.0,1.10192,16,typeb,renault,mail
2026-01-14 23:00:00,0.0,0.0,0.0,1,1,16,45.0,80.0,1.10192,16,typeb,renault,mail
2026-01-01 00:00:00,0.0,0.0,0.0,1,1,17,45.0,80.0,1.0,17,typeb,renault,mail
2026-01-01 01:00:00,0.0,0.0,0.0,1,1,17,45.0,80.0,1.0,17,typeb,renault,mail
2026-01-01 02:00:00,0.0,0.0,0.0,1,1,17,45.0,80.0,1.0,17,typeb,renault,mail
2026-01-01 03:00:00,0.0,0.0,0.0,1,1,17,45.0,80.0,1.0,17,typeb,renault,mail
2026-01-01 04:00:00,0.0,0.0,0.0,1,1,17,45.0,80.0,1.0,17,typeb,renault,mail
2026-01-01 05:00:00,0.0,0.0,0.0,1,1,17,45.0,80.0,1.0,17,typeb,renault,mail
2026-01-01 06:00:00,10.532029688867636,2.0309260898874673,0.1928333046795489,0,0,17,0.0,0.0,1.13291752,17,typeb,renault,mail
2026-01-01 07:00:00,10.532029688867636,1.1931920955678295,0.113291752,0,0,17,0.0,0.0,1.13291752,17,typeb,renault,mail
2026-01-01 08:00:00,10.532029688867636,2.3689766264050878,0.22493068253587414,0,0,17,0.0,0.0,1.13291752,17,typeb,renault,mail
2026-01-01 09:00:00,10.532029688867636,5.369364430055232,0.509812884,0,0,17,0.0,0.0,1.13291752,17,typeb,renault,mail
2026-01-01 10:00:00,10.532029688867636,1.2854862219729004,0.12205493717242939,0,0,17,0.0,0.0,1.13291752,17,typeb,renault,mail
2026-01-01 11:00:00,10.532029688867636,2.856932066338247,0.2712613001231877,0,0,17,0.0,0.0,1.13291752,17,typeb,renault,mail
2026-01-01 12:00:00,0.0,0.0,0.0,1,1,17,45.0,80.0,1.13291752,17,typeb,renault,mail
2026-01-01 13:00:00,10.532029688867636,1.1931920955678295,0.113291752,0,0,17,0.0,0.0,1.13291752,17,typeb,renault,mail
2026-01-01 14:00:00,10.532029688867636,2.0876862424304523,0.19822259375485224,0,0,17,0.0,0.0,1.13291752,17,typeb,renault,mail
2026-01-01 15:00:00,10.532029688867636,1.6766377363095042,0.15919417109901537,0,0,17,0.0,0.0,1.13291752,17,typeb,renault,mail
2026-01-01 16:00:00,10.532029688867636,1.5267741502960301,0.14496485439172582,0,0,17,0.0,0.0,1.13291752,17,typeb,renault,mail
2026-01-01 17:00:00,10.532029688867636,1.1931920955678295,0.113291752,0,0,17,0.0,0.0,1.13291752,17,typeb,renault,mail
2026-01-01 18:00:00,10.532029688867636,1.6835082080641932,0.15984651181183648,0,0,17,0.0,0.0,1.13291752,17,typeb,renault,mail
2026-01-01 19:00:00,10.532029688867636,1.608146915771722,0.15269107316242517,0,0,17,0.0,0.0,1.13291752,17,typeb,renault,mail
2026-01-01 20:00:00,0.0,0.0,0.0,1,1,17,45.0,80.0,1.13291752,17,typeb,renault,mail
2026-01-01 21:00:00,0.0,0.0,0.0,1,1,17,45.0,80.0,1.13291752,17,typeb,renault,mail
2026-01-01 22:00:00,0.0,0.0,0.0,1,1,17,45.0,80.0,1.13291752,17,typeb,renault,mail
2026-01-01 23:00:00,0.0,0.0,0.0,1,1,17,45.0,80.0,1.13291752,17,typeb,renault,mail
2026-01-02 00:00:00,0.0,0.0,0.0,1,1,17,45.0,80.0,1.13291752,17,typeb,renault,mail
2026-01-02 01:00:00,0.0,0.0,0.0,1,1,17,45.0,80.0,1.13291752,17,typeb,renault,mail
2026-01-02 02:00:00,0.0,0.0,0.0,1,1,17,45.0,80.0,1.13291752,17,typeb,renault,mail
2026-01-02 03:00:00,0.0,0.0,0.0,1,1,17,45.0,80.0,1.13291752,17,typeb,renault,mail
2026-01-02 04:00:00,0.0,0.0,0.0,1,1,17,45.0,80.0,1.13291752,17,typeb,renault,mail
2026-01-02 05:00:00,0.0,0.0,0.0,1,1,17,45.0,80.0,1.13291752,17,typeb,renault,mail
2026-01-02 06:00:00,0.0,0.0,0.0,1,1,17,45.0,80.0,1.13291752,17,typeb,renault,mail
2026-01-02 07:00:00,6.557859458092099,2.2348636870057548,0.34079164112735527,0,0,17,0.0,0.0,1.23134816,17,typeb,renault,mail
2026-01-02 08:00:00,6.557859458092099,2.055232635781363,0.31339992095214847,0,0,17,0.0,0.0,1.23134816,17,typeb,renault,mail
2026-01-02 09:00:00,6.557859458092099,2.5990383900193113,0.39632419795337587,0,0,17,0.0,0.0,1.23134816,17,typeb,renault,mail
2026-01-02 10:00:00,6.557859458092099,0.8075008177260303,0.12313481600000001,0,0,17,0.0,0.0,1.23134816,17,typeb,renault,mail
2026-01-02 11:00:00,6.557859458092099,0.9741281535658297,0.14854361545729683,0,0,17,0.0,0.0,1.23134816,17,typeb,renault,mail
2026-01-02 12:00:00,0.0,0.0,0.0,1,1,17,45.0,80.0,1.23134816,17,typeb,renault,mail
2026-01-02 13:00:00,6.5578594580921,0.8075008177260304,0.12313481600000001,0,0,17,0.0,0.0,1.23134816,17,typeb,renault,mail
2026-01-02 14:00:00,6.5578594580921,1.1140828065480433,0.16988512999822156,0,0,17,0.0,0.0,1.23134816,17,typeb,renault,mail
2026-01-02 15:00:00,6.5578594580921,1.8175575895425102,0.27715714268620484,0,0,17,0.0,0.0,1.23134816,17,typeb,renault,mail
2026-01-02 16:00:00,6.5578594580921,0.8949957730830465,0.1364768151563026,0,0,17,0.0,0.0,1.23134816,17,typeb,renault,mail
2026-01-02 17:00:00,6.5578594580921,1.4021485831555707,0.21381192935224969,0,0,17,0.0,0.0,1.23134816,17,typeb,renault,mail
2026-01-02 18:00:00,6.5578594580921,1.9579022618629083,0.298558130800889,0,0,17,0.0,0.0,1.23134816,17,typeb,renault,mail
2026-01-02 19:00:00,6.5578594580921,0.8343227722961096,0.12722486317796783,0,0,17,0.0,0.0,1.23134816,17,typeb,renault,mail
2026-01-02 20:00:00,0.0,0.0,0.0,1,1,17,45.0,80.0,1.23134816,17,typeb,renault,mail
2026-01-02 21:00:00,0.0,0.0,0.0,1,1,17,45.0,80.0,1.23134816,17,typeb,renault,mail
2026-01-02 22:00:00,0.0,0.0,0.0,1,1,17,45.0,80.0,1.23134816,17,typeb,renault,mail
2026-01-02 23:00:00,0.0,0.0,0.0,1,1,17,45.0,80.0,1.23134816,17,typeb,renault,mail
2026-01-03 00:00:00,0.0,0.0,0.0,1,1,17,45.0,80.0,1.23134816,17,typeb,renault,mail
2026-01-03 01:00:00,0.0,0.0,0.0,1,1,17,45.0,80.0,1.23134816,17,typeb,renault,mail
2026-01-03 02:00:00,0.0,0.0,0.0,1,1,17,45.0,80.0,1.23134816,17,typeb,renault,mail
2026-01-03 03:00:00,0.0,0.0,0.0,1,1,17,45.0,80.0,1.23134816,17,typeb,renault,mail
2026-01-03 04:00:00,0.0,0.0,0.0,1,1,17,45.0,80.0,1.23134816,17,typeb,renault,mail
2026-01-03 05:00:00,0.0,0.0,0.0,1,1,17,45.0,80.0,1.23134816,17,typeb,renault,mail
2026-01-03 06:00:00,0.0,0.0,0.0,1,1,17,45.0,80.0,1.23134816,17,typeb,renault,mail
2026-01-03 07:00:00,0.0,0.0,0.0,1,1,17,45.0,80.0,1.23134816,17,typeb,renault,mail
2026-01-03 08:00:00,0.0,0.0,0.0,1,1,17,45.0,80.0,1.23134816,17,typeb,renault,mail
2026-01-03 09:00:00,11.600380988856196,2.13421655555251,0.1839781432698397,0,0,17,0.0,0.0,1.20636853,17,typeb,renault,mail
2026-01-03 10:00:00,11.600380988856196,2.1356892225976805,0.18410509315593268,0,0,17,0.0,0.0,1.20636853,17,typeb,renault,mail
2026-01-03 11:00:00,11.600380988856196,4.098673914748475,0.35332235369560966,0,0,17,0.0,0.0,1.20636853,17,typeb,renault,mail
2026-01-03 12:00:00,11.600380988856196,1.3994334560966395,0.120636853,0,0,17,0.0,0.0,1.20636853,17,typeb,renault,mail
2026-01-03 13:00:00,11.600380988856196,2.258419545251714,0.19468494590145313,0,0,17,0.0,0.0,1.20636853,17,typeb,renault,mail
2026-01-03 14:00:00,11.600380988856196,2.7841761161638385,0.2400072996601088,0,0,17,0.0,0.0,1.20636853,17,typeb,renault,mail
2026-01-03 15:00:00,11.600380988856196,1.3994334560966395,0.120636853,0,0,17,0.0,0.0,1.20636853,17,typeb,renault,mail
2026-01-03 16:00:00,11.600380988856195,4.141779498625934,0.35703823026198006,0,0,17,0.0,0.0,1.20636853,17,typeb,renault,mail
2026-01-03 17:00:00,11.600380988856195,1.3994334560966395,0.120636853,0,0,17,0.0,0.0,1.20636853,17,typeb,renault,mail
2026-01-03 18:00:00,11.600380988856195,1.6075619634661065,0.13857837643525647,0,0,17,0.0,0.0,1.20636853,17,typeb,renault,mail
2026-01-03 19:00:00,11.600380988856195,1.3994334560966395,0.120636853,0,0,17,0.0,0.0,1.20636853,17,typeb,renault,mail
2026-01-03 20:00:00,0.0,0.0,0.0,1,1,17,45.0,80.0,1.20636853,17,typeb,renault,mail
2026-01-03 21:00:00,0.0,0.0,0.0,1,1,17,45.0,80.0,1.20636853,17,typeb,renault,mail
2026-01-03 22:00:00,0.0,0.0,0.0,1,1,17,45.0,80.0,1.20636853,17,typeb,renault,mail
2026-01-03 23:00:00,0.0,0.0,0.0,1,1,17,45.0,80.0,1.20636853,17,typeb,renault,mail
2026-01-04 00:00:00,0.0,0.0,0.0,1,1,17,45.0,80.0,1.20636853,17,typeb,renault,mail
2026-01-04 01:00:00,0.0,0.0,0.0,1,1,17,45.0,80.0,1.20636853,17,typeb,renault,mail
2026-01-04 02:00:00,0.0,0.0,0.0,1,1,17,45.0,80.0,1.20636853,17,typeb,renault,mail
2026-01-04 03:00:00,0.0,0.0,0.0,1,1,17,45.0,80.0,1.20636853,17,typeb,renault,mail
2026-01-04 04:00:00,0.0,0.0,0.0,1,1,17,45.0,80.0,1.20636853,17,typeb,renault,mail
2026-01-04 05:00:00,0.0,0.0,0.0,1,1,17,45.0,80.0,1.20636853,17,typeb,renault,mail
2026-01-04 06:00:00,0.0,0.0,0.0,1,1,17,45.0,80.0,1.20636853,17,typeb,renault,mail
2026-01-04 07:00:00,0.0,0.0,0.0,1,1,17,45.0,80.0,1.20636853,17,typeb,renault,mail
2026-01-04 08:00:00,3.415206677137353,1.1705246052088256,0.3427390245646763,0,0,17,0.0,0.0,1.3029730700000002,17,typeb,renault,mail
2026-01-04 09:00:00,3.415206677137353,0.44499223287941564,0.13029730700000003,0,0,17,0.0,0.0,1.3029730700000002,17,typeb,renault,mail
2026-01-04 10:00:00,3.415206677137353,0.44499223287941564,0.13029730700000003,0,0,17,0.0,0.0,1.3029730700000002,17,typeb,renault,mail
2026-01-04 11:00:00,3.415206677137353,0.44499223287941564,0.13029730700000003,0,0,17,0.0,0.0,1.3029730700000002,17,typeb,renault,mail
2026-01-04 12:00:00,3.415206677137353,0.9780667220624708,0.28638580751496195,0,0,17,0.0,0.0,1.3029730700000002,17,typeb,renault,mail
2026-01-04 13:00:00,3.415206677137353,0.44499223287941564,0.13029730700000003,0,0,17,0.0,0.0,1.3029730700000002,17,typeb,renault,mail
2026-01-04 14:00:00,3.415206677137353,0.7349504017689357,0.21519939237908012,0,0,17,0.0,0.0,1.3029730700000002,17,typeb,renault,mail
2026-01-04 15:00:00,3.415206677137353,0.9330141503839537,0.27319405195295876,0,0,17,0.0,0.0,1.3029730700000002,17,typeb,renault,mail
2026-01-04 16:00:00,3.415206677137353,0.44830642631614603,0.13126772951027352,0,0,17,0.0,0.0,1.3029730700000002,17,typeb,renault,mail
2026-01-04 17:00:00,3.415206677137353,1.132924096904328,0.33172929313137556,0,0,17,0.0,0.0,1.3029730700000002,17,typeb,renault,mail
2026-01-04 18:00:00,3.415206677137353,0.44499223287941564,0.13029730700000003,0,0,17,0.0,0.0,1.3029730700000002,17,typeb,renault,mail
2026-01-04 19:00:00,0.0,0.0,0.0,1,1,17,45.0,80.0,1.3029730700000002,17,typeb,renault,mail
2026-01-04 20:00:00,0.0,0.0,0.0,1,1,17,45.0,80.0,1.3029730700000002,17,typeb,renault,mail
2026-01-04 21:00:00,0.0,0.0,0.0,1,1,17,45.0,80.0,1.3029730700000002,17,typeb,renault,mail
2026-01-04 22:00:00,0.0,0.0,0.0,1,1,17,45.0,80.0,1.3029730700000002,17,typeb,renault,mail
2026-01-04 23:00:00,0.0,0.0,0.0,1,1,17,45.0,80.0,1.3029730700000002,17,typeb,renault,mail
2026-01-05 00:00:00,0.0,0.0,0.0,1,1,17,45.0,80.0,1.3029730700000002,17,typeb,renault,mail
2026-01-05 01:00:00,0.0,0.0,0.0,1,1,17,45.0,80.0,1.3029730700000002,17,typeb,renault,mail
2026-01-05 02:00:00,0.0,0.0,0.0,1,1,17,45.0,80.0,1.3029730700000002,17,typeb,renault,mail
2026-01-05 03:00:00,0.0,0.0,0.0,1,1,17,45.0,80.0,1.3029730700000002,17,typeb,renault,mail
2026-01-05 04:00:00,0.0,0.0,0.0,1,1,17,45.0,80.0,1.3029730700000002,17,typeb,renault,mail
2026-01-05 05:00:00,0.0,0.0,0.0,1,1,17,45.0,80.0,1.3029730700000002,17,typeb,renault,mail
2026-01-05 06:00:00,10.548683709405232,1.9723844581304366,0.1869792016203741,0,0,17,0.0,0.0,1.21493373,17,typeb,renault,mail
2026-01-05 07:00:00,10.548683709405232,5.7671782405460705,0.5467201785,0,0,17,0.0,0.0,1.21493373,17,typeb,renault,mail
2026-01-05 08:00:00,10.548683709405232,2.168583368595725,0.20557857533089277,0,0,17,0.0,0.0,1.21493373,17,typeb,renault,mail
2026-01-05 09:00:00,10.548683709405232,3.4105689393944614,0.3233170159755184,0,0,17,0.0,0.0,1.21493373,17,typeb,renault,mail
2026-01-05 10:00:00,10.548683709405232,4.249986265001645,0.402892567649208,0,0,17,0.0,0.0,1.21493373,17,typeb,renault,mail
2026-01-05 11:00:00,10.548683709405232,3.4589061975396027,0.32789931832496155,0,0,17,0.0,0.0,1.21493373,17,typeb,renault,mail
2026-01-05 12:00:00,0.0,0.0,0.0,1,1,17,45.0,80.0,1.21493373,17,typeb,renault,mail
2026-01-05 13:00:00,10.548683709405232,2.9708737361440853,0.28163454493334056,0,0,17,0.0,0.0,1.21493373,17,typeb,renault,mail
2026-01-05 14:00:00,10.548683709405232,5.529684163743756,0.5242060825857804,0,0,17,0.0,0.0,1.21493373,17,typeb,renault,mail
2026-01-05 15:00:00,10.548683709405232,1.2815951645657937,0.12149337300000002,0,0,17,0.0,0.0,1.21493373,17,typeb,renault,mail
2026-01-05 16:00:00,10.548683709405232,2.4401909375984054,0.2313265810996613,0,0,17,0.0,0.0,1.21493373,17,typeb,renault,mail
2026-01-05 17:00:00,10.548683709405232,2.8391480513987792,0.2691471400234883,0,0,17,0.0,0.0,1.21493373,17,typeb,renault,mail
2026-01-05 18:00:00,10.548683709405232,1.3228376760383467,0.12540310359849932,0,0,17,0.0,0.0,1.21493373,17,typeb,renault,mail
2026-01-05 19:00:00,0.0,0.0,0.0,1,1,17,45.0,80.0,1.21493373,17,typeb,renault,mail
2026-01-05 20:00:00,0.0,0.0,0.0,1,1,17,45.0,80.0,1.21493373,17,typeb,renault,mail
2026-01-05 21:00:00,0.0,0.0,0.0,1,1,17,45.0,80.0,1.21493373,17,typeb,renault,mail
2026-01-05 22:00:00,0.0,0.0,0.0,1,1,17,45.0,80.0,1.21493373,17,typeb,renault,mail
2026-01-05 23:00:00,0.0,0.0,0.0,1,1,17,45.0,80.0,1.21493373,17,typeb,renault,mail
2026-01-06 00:00:00,0.0,0.0,0.0,1,1,17,45.0,80.0,1.21493373,17,typeb,renault,mail
2026-01-06 01:00:00,0.0,0.0,0.0,1,1,17,45.0,80.0,1.21493373,17,typeb,renault,mail
2026-01-06 02:00:00,0.0,0.0,0.0,1,1,17,45.0,80.0,1.21493373,17,typeb,renault,mail
2026-01-06 03:00:00,0.0,0.0,0.0,1,1,17,45.0,80.0,1.21493373,17,typeb,renault,mail
2026-01-06 04:00:00,0.0,0.0,0.0,1,1,17,45.0,80.0,1.21493373,17,typeb,renault,mail
2026-01-06 05:00:00,0.0,0.0,0.0,1,1,17,45.0,80.0,1.21493373,17,typeb,renault,mail
2026-01-06 06:00:00,9.13946998084675,1.6388161503865424,0.1793119462967709,0,0,17,0.0,0.0,1.31556704,17,typeb,renault,mail
2026-01-06 07:00:00,9.13946998084675,4.347237917580328,0.4756553636798057,0,0,17,0.0,0.0,1.31556704,17,typeb,renault,mail
2026-01-06 08:00:00,9.13946998084675,3.713166088304908,0.4062780550826747,0,0,17,0.0,0.0,1.31556704,17,typeb,renault,mail
2026-01-06 09:00:00,9.13946998084675,1.2023585469871416,0.131556704,0,0,17,0.0,0.0,1.31556704,17,typeb,renault,mail
2026-01-06 10:00:00,9.13946998084675,1.2023585469871416,0.131556704,0,0,17,0.0,0.0,1.31556704,17,typeb,renault,mail
2026-01-06 11:00:00,9.13946998084675,1.2023585469871416,0.131556704,0,0,17,0.0,0.0,1.31556704,17,typeb,renault,mail
2026-01-06 12:00:00,0.0,0.0,0.0,1,1,17,45.0,80.0,1.31556704,17,typeb,renault,mail
2026-01-06 13:00:00,9.139469980846751,2.438739614990648,0.26683600034809724,0,0,17,0.0,0.0,1.31556704,17,typeb,renault,mail
2026-01-06 14:00:00,9.139469980846751,2.236198756844233,0.24467488394081405,0,0,17,0.0,0.0,1.31556704,17,typeb,renault,mail
2026-01-06 15:00:00,9.139469980846751,1.604637900744697,0.17557231481776045,0,0,17,0.0,0.0,1.31556704,17,typeb,renault,mail
2026-01-06 16:00:00,9.139469980846751,5.4106134614421375,0.592005168,0,0,17,0.0,0.0,1.31556704,17,typeb,renault,mail
2026-01-06 17:00:00,9.139469980846751,3.855409369599748,0.42184167984351245,0,0,17,0.0,0.0,1.31556704,17,typeb,renault,mail
2026-01-06 18:00:00,9.139469980846751,1.2023585469871416,0.131556704,0,0,17,0.0,0.0,1.31556704,17,typeb,renault,mail
2026-01-06 19:00:00,9.139469980846751,3.35389862938104,0.36696861376093814,0,0,17,0.0,0.0,1.31556704,17,typeb,renault,mail
2026-01-06 20:00:00,0.0,0.0,0.0,1,1,17,45.0,80.0,1.31556704,17,typeb,renault,mail
2026-01-06 21:00:00,0.0,0.0,0.0,1,1,17,45.0,80.0,1.31556704,17,typeb,renault,mail
2026-01-06 22:00:00,0.0,0.0,0.0,1,1,17,45.0,80.0,1.31556704,17,typeb,renault,mail
2026-01-06 23:00:00,0.0,0.0,0.0,1,1,17,45.0,80.0,1.31556704,17,typeb,renault,mail
2026-01-07 00:00:00,0.0,0.0,0.0,1,1,17,45.0,80.0,1.31556704,17,typeb,renault,mail
2026-01-07 01:00:00,0.0,0.0,0.0,1,1,17,45.0,80.0,1.31556704,17,typeb,renault,mail
2026-01-07 02:00:00,0.0,0.0,0.0,1,1,17,45.0,80.0,1.31556704,17,typeb,renault,mail
2026-01-07 03:00:00,0.0,0.0,0.0,1,1,17,45.0,80.0,1.31556704,17,typeb,renault,mail
2026-01-07 04:00:00,0.0,0.0,0.0,1,1,17,45.0,80.0,1.31556704,17,typeb,renault,mail
2026-01-07 05:00:00,0.0,0.0,0.0,1,1,17,45.0,80.0,1.31556704,17,typeb,renault,mail
2026-01-07 06:00:00,9.390112861527584,1.2579485431191186,0.13396522083063392,0,0,17,0.0,0.0,1.25926432,17,typeb,renault,mail
2026-01-07 07:00:00,9.390112861527584,3.1556992239109976,0.3360661655985281,0,0,17,0.0,0.0,1.25926432,17,typeb,renault,mail
2026-01-07 08:00:00,9.390112861527584,1.5955016281686323,0.16991293413581782,0,0,17,0.0,0.0,1.25926432,17,typeb,renault,mail
2026-01-07 09:00:00,9.390112861527584,2.9766125235998597,0.31699432876844297,0,0,17,0.0,0.0,1.25926432,17,typeb,renault,mail
2026-01-07 10:00:00,9.390112861527584,1.4508115572968152,0.15450416610443138,0,0,17,0.0,0.0,1.25926432,17,typeb,renault,mail
2026-01-07 11:00:00,9.390112861527584,1.5291708012141891,0.16284903320804428,0,0,17,0.0,0.0,1.25926432,17,typeb,renault,mail
2026-01-07 12:00:00,9.390112861527584,1.8528195837452086,0.19731600791897103,0,0,17,0.0,0.0,1.25926432,17,typeb,renault,mail
2026-01-07 13:00:00,0.0,0.0,0.0,1,1,17,45.0,80.0,1.25926432,17,typeb,renault,mail
2026-01-07 14:00:00,9.390112861527584,1.1824634087294787,0.125926432,0,0,17,0.0,0.0,1.25926432,17,typeb,renault,mail
2026-01-07 15:00:00,9.390112861527584,1.4165877045898636,0.1508594971625733,0,0,17,0.0,0.0,1.25926432,17,typeb,renault,mail
2026-01-07 16:00:00,9.390112861527584,3.5310936521783276,0.37604379247087016,0,0,17,0.0,0.0,1.25926432,17,typeb,renault,mail
2026-01-07 17:00:00,9.390112861527584,2.1476153245973117,0.22871027816889708,0,0,17,0.0,0.0,1.25926432,17,typeb,renault,mail
2026-01-07 18:00:00,9.390112861527584,1.1824634087294787,0.125926432,0,0,17,0.0,0.0,1.25926432,17,typeb,renault,mail
2026-01-07 19:00:00,9.390112861527584,1.1824634087294787,0.125926432,0,0,17,0.0,0.0,1.25926432,17,typeb,renault,mail
2026-01-07 20:00:00,0.0,0.0,0.0,1,1,17,45.0,80.0,1.25926432,17,typeb,renault,mail
2026-01-07 21:00:00,0.0,0.0,0.0,1,1,17,45.0,80.0,1.25926432,17,typeb,renault,mail
2026-01-07 22:00:00,0.0,0.0,0.0,1,1,17,45.0,80.0,1.25926432,17,typeb,renault,mail
2026-01-07 23:00:00,0.0,0.0,0.0,1,1,17,45.0,80.0,1.25926432,17,typeb,renault,mail
2026-01-08 00:00:00,0.0,0.0,0.0,1,1,17,45.0,80.0,1.25926432,17,typeb,renault,mail
2026-01-08 01:00:00,0.0,0.0,0.0,1,1,17,45.0,80.0,1.25926432,17,typeb,renault,mail
2026-01-08 02:00:00,0.0,0.0,0.0,1,1,17,45.0,80.0,1.25926432,17,typeb,renault,mail
2026-01-08 03:00:00,0.0,0.0,0.0,1,1,17,45.0,80.0,1.25926432,17,typeb,renault,mail
2026-01-08 04:00:00,0.0,0.0,0.0,1,1,17,45.0,80.0,1.25926432,17,typeb,renault,mail
2026-01-08 05:00:00,6.199423867016472,1.3408538409125597,0.2162868469191892,0,0,17,0.0,0.0,1.16541536,17,typeb,renault,mail
2026-01-08 06:00:00,6.199423867016472,1.0565127318943792,0.1704211156645489,0,0,17,0.0,0.0,1.16541536,17,typeb,renault,mail
2026-01-08 07:00:00,6.199423867016472,1.5339780242593044,0.24743880353474604,0,0,17,0.0,0.0,1.16541536,17,typeb,renault,mail
2026-01-08 08:00:00,6.199423867016472,1.506639186794742,0.2430289038326114,0,0,17,0.0,0.0,1.16541536,17,typeb,renault,mail
2026-01-08 09:00:00,6.199423867016472,0.7224903797771594,0.116541536,0,0,17,0.0,0.0,1.16541536,17,typeb,renault,mail
2026-01-08 10:00:00,6.199423867016472,0.7224903797771594,0.116541536,0,0,17,0.0,0.0,1.16541536,17,typeb,renault,mail
2026-01-08 11:00:00,6.199423867016472,0.7224903797771594,0.116541536,0,0,17,0.0,0.0,1.16541536,17,typeb,renault,mail
2026-01-08 12:00:00,0.0,0.0,0.0,1,1,17,45.0,80.0,1.16541536,17,typeb,renault,mail
2026-01-08 13:00:00,0.0,0.0,0.0,1,1,17,45.0,80.0,1.16541536,17,typeb,renault,mail
2026-01-08 14:00:00,6.199423867016471,1.6953416558617682,0.2734676144474804,0,0,17,0.0,0.0,1.16541536,17,typeb,renault,mail
2026-01-08 15:00:00,6.199423867016471,2.0754520313469222,0.33478143709275876,0,0,17,0.0,0.0,1.16541536,17,typeb,renault,mail
2026-01-08 16:00:00,6.199423867016471,0.9588751342007229,0.15467165252279969,0,0,17,0.0,0.0,1.16541536,17,typeb,renault,mail
2026-01-08 17:00:00,6.199423867016471,2.035569305277446,0.32834814152771946,0,0,17,0.0,0.0,1.16541536,17,typeb,renault,mail
2026-01-08 18:00:00,6.199423867016471,1.6326351145944633,0.26335271625493545,0,0,17,0.0,0.0,1.16541536,17,typeb,renault,mail
2026-01-08 19:00:00,0.0,0.0,0.0,1,1,17,45.0,80.0,1.16541536,17,typeb,renault,mail
2026-01-08 20:00:00,0.0,0.0,0.0,1,1,17,45.0,80.0,1.16541536,17,typeb,renault,mail
2026-01-08 21:00:00,0.0,0.0,0.0,1,1,17,45.0,80.0,1.16541536,17,typeb,renault,mail
2026-01-08 22:00:00,0.0,0.0,0.0,1,1,17,45.0,80.0,1.16541536,17,typeb,renault,mail
2026-01-08 23:00:00,0.0,0.0,0.0,1,1,17,45.0,80.0,1.16541536,17,typeb,renault,mail
2026-01-09 00:00:00,0.0,0.0,0.0,1,1,17,45.0,80.0,1.16541536,17,typeb,renault,mail
2026-01-09 01:00:00,0.0,0.0,0.0,1,1,17,45.0,80.0,1.16541536,17,typeb,renault,mail
2026-01-09 02:00:00,0.0,0.0,0.0,1,1,17,45.0,80.0,1.16541536,17,typeb,renault,mail
2026-01-09 03:00:00,0.0,0.0,0.0,1,1,17,45.0,80.0,1.16541536,17,typeb,renault,mail
2026-01-09 04:00:00,0.0,0.0,0.0,1,1,17,45.0,80.0,1.16541536,17,typeb,renault,mail
2026-01-09 05:00:00,0.0,0.0,0.0,1,1,17,45.0,80.0,1.16541536,17,typeb,renault,mail
2026-01-09 06:00:00,12.72306846158594,2.93340974563823,0.23055835583176434,0,0,17,0.0,0.0,1.13480256,17,typeb,renault,mail
2026-01-09 07:00:00,12.72306846158594,1.443817066126299,0.113480256,0,0,17,0.0,0.0,1.13480256,17,typeb,renault,mail
2026-01-09 08:00:00,12.72306846158594,2.076410091510305,0.16320041802647653,0,0,17,0.0,0.0,1.13480256,17,typeb,renault,mail
2026-01-09 09:00:00,12.72306846158594,1.443817066126299,0.113480256,0,0,17,0.0,0.0,1.13480256,17,typeb,renault,mail
2026-01-09 10:00:00,12.72306846158594,2.666782660224667,0.20960216226740716,0,0,17,0.0,0.0,1.13480256,17,typeb,renault,mail
2026-01-09 11:00:00,12.72306846158594,1.443817066126299,0.113480256,0,0,17,0.0,0.0,1.13480256,17,typeb,renault,mail
2026-01-09 12:00:00,0.0,0.0,0.0,1,1,17,45.0,80.0,1.13480256,17,typeb,renault,mail
2026-01-09 13:00:00,0.0,0.0,0.0,1,1,17,45.0,80.0,1.13480256,17,typeb,renault,mail
2026-01-09 14:00:00,12.723068461585944,1.5830271106783296,0.12442180244945437,0,0,17,0.0,0.0,1.13480256,17,typeb,renault,mail
2026-01-09 15:00:00,12.723068461585944,3.760658561248232,0.29557795531813574,0,0,17,0.0,0.0,1.13480256,17,typeb,renault,mail
2026-01-09 16:00:00,12.723068461585944,1.4438170661262992,0.113480256,0,0,17,0.0,0.0,1.13480256,17,typeb,renault,mail
2026-01-09 17:00:00,12.723068461585944,2.6531533101052296,0.208530930892634,0,0,17,0.0,0.0,1.13480256,17,typeb,renault,mail
2026-01-09 18:00:00,12.723068461585944,5.774045704377062,0.4538249339622999,0,0,17,0.0,0.0,1.13480256,17,typeb,renault,mail
2026-01-09 19:00:00,0.0,0.0,0.0,1,1,17,45.0,80.0,1.13480256,17,typeb,renault,mail
2026-01-09 20:00:00,0.0,0.0,0.0,1,1,17,45.0,80.0,1.13480256,17,typeb,renault,mail
2026-01-09 21:00:00,0.0,0.0,0.0,1,1,17,45.0,80.0,1.13480256,17,typeb,renault,mail
2026-01-09 22:00:00,0.0,0.0,0.0,1,1,17,45.0,80.0,1.13480256,17,typeb,renault,mail
2026-01-09 23:00:00,0.0,0.0,0.0,1,1,17,45.0,80.0,1.13480256,17,typeb,renault,mail
2026-01-10 00:00:00,0.0,0.0,0.0,1,1,17,45.0,80.0,1.13480256,17,typeb,renault,mail
2026-01-10 01:00:00,0.0,0.0,0.0,1,1,17,45.0,80.0,1.13480256,17,typeb,renault,mail
2026-01-10 02:00:00,0.0,0.0,0.0,1,1,17,45.0,80.0,1.13480256,17,typeb,renault,mail
2026-01-10 03:00:00,0.0,0.0,0.0,1,1,17,45.0,80.0,1.13480256,17,typeb,renault,mail
2026-01-10 04:00:00,0.0,0.0,0.0,1,1,17,45.0,80.0,1.13480256,17,typeb,renault,mail
2026-01-10 05:00:00,0.0,0.0,0.0,1,1,17,45.0,80.0,1.13480256,17,typeb,renault,mail
2026-01-10 06:00:00,0.0,0.0,0.0,1,1,17,45.0,80.0,1.13480256,17,typeb,renault,mail
2026-01-10 07:00:00,0.0,0.0,0.0,1,1,17,45.0,80.0,1.13480256,17,typeb,renault,mail
2026-01-10 08:00:00,0.0,0.0,0.0,1,1,17,45.0,80.0,1.13480256,17,typeb,renault,mail
2026-01-10 09:00:00,0.0,0.0,0.0,1,1,17,45.0,80.0,1.13480256,17,typeb,renault,mail
2026-01-10 10:00:00,7.26783656539268,3.8905855649214653,0.5353154999999999,0,0,17,0.0,0.0,1.18959,17,typeb,renault,mail
2026-01-10 11:00:00,7.26783656539268,0.9597825093688167,0.132058900985614,0,0,17,0.0,0.0,1.18959,17,typeb,renault,mail
2026-01-10 12:00:00,7.26783656539268,0.9574982370511808,0.13174460218471454,0,0,17,0.0,0.0,1.18959,17,typeb,renault,mail
2026-01-10 13:00:00,7.26783656539268,1.2562347238303266,0.17284851035480767,0,0,17,0.0,0.0,1.18959,17,typeb,renault,mail
2026-01-10 14:00:00,7.26783656539268,1.201772385990351,0.16535489965650038,0,0,17,0.0,0.0,1.18959,17,typeb,renault,mail
2026-01-10 15:00:00,0.0,0.0,0.0,1,1,17,45.0,80.0,1.18959,17,typeb,renault,mail
2026-01-10 16:00:00,7.267836565392679,0.8645745699825478,0.118959,0,0,17,0.0,0.0,1.18959,17,typeb,renault,mail
2026-01-10 17:00:00,7.267836565392679,0.9550450089965791,0.13140705633698826,0,0,17,0.0,0.0,1.18959,17,typeb,renault,mail
2026-01-10 18:00:00,7.267836565392679,1.2911501357239565,0.17765261011399697,0,0,17,0.0,0.0,1.18959,17,typeb,renault,mail
2026-01-10 19:00:00,0.0,0.0,0.0,1,1,17,45.0,80.0,1.18959,17,typeb,renault,mail
2026-01-10 20:00:00,0.0,0.0,0.0,1,1,17,45.0,80.0,1.18959,17,typeb,renault,mail
2026-01-10 21:00:00,0.0,0.0,0.0,1,1,17,45.0,80.0,1.18959,17,typeb,renault,mail
2026-01-10 22:00:00,0.0,0.0,0.0,1,1,17,45.0,80.0,1.18959,17,typeb,renault,mail
2026-01-10 23:00:00,0.0,0.0,0.0,1,1,17,45.0,80.0,1.18959,17,typeb,renault,mail
2026-01-11 00:00:00,0.0,0.0,0.0,1,1,17,45.0,80.0,1.18959,17,typeb,renault,mail
2026-01-11 01:00:00,0.0,0.0,0.0,1,1,17,45.0,80.0,1.18959,17,typeb,renault,mail
2026-01-11 02:00:00,0.0,0.0,0.0,1,1,17,45.0,80.0,1.18959,17,typeb,renault,mail
2026-01-11 03:00:00,0.0,0.0,0.0,1,1,17,45.0,80.0,1.18959,17,typeb,renault,mail
2026-01-11 04:00:00,0.0,0.0,0.0,1,1,17,45.0,80.0,1.18959,17,typeb,renault,mail
2026-01-11 05:00:00,0.0,0.0,0.0,1,1,17,45.0,80.0,1.18959,17,typeb,renault,mail
2026-01-11 06:00:00,0.0,0.0,0.0,1,1,17,45.0,80.0,1.18959,17,typeb,renault,mail
2026-01-11 07:00:00,0.0,0.0,0.0,1,1,17,45.0,80.0,1.18959,17,typeb,renault,mail
2026-01-11 08:00:00,0.0,0.0,0.0,1,1,17,45.0,80.0,1.18959,17,typeb,renault,mail
2026-01-11 09:00:00,4.89517601270749,0.5492619125986726,0.11220473200000002,0,0,17,0.0,0.0,1.12204732,17,typeb,renault,mail
2026-01-11 10:00:00,4.89517601270749,1.003432328550297,0.2049839119054077,0,0,17,0.0,0.0,1.12204732,17,typeb,renault,mail
2026-01-11 11:00:00,4.89517601270749,0.5492619125986726,0.11220473200000002,0,0,17,0.0,0.0,1.12204732,17,typeb,renault,mail
2026-01-11 12:00:00,4.89517601270749,0.5492619125986726,0.11220473200000002,0,0,17,0.0,0.0,1.12204732,17,typeb,renault,mail
2026-01-11 13:00:00,4.89517601270749,0.6962512135992762,0.14223211010020131,0,0,17,0.0,0.0,1.12204732,17,typeb,renault,mail
2026-01-11 14:00:00,4.89517601270749,0.5619315193334146,0.11479291405961393,0,0,17,0.0,0.0,1.12204732,17,typeb,renault,mail
2026-01-11 15:00:00,4.89517601270749,0.5492619125986726,0.11220473200000002,0,0,17,0.0,0.0,1.12204732,17,typeb,renault,mail
2026-01-11 16:00:00,4.8951760127074895,0.744620496155356,0.15211311998228055,0,0,17,0.0,0.0,1.12204732,17,typeb,renault,mail
2026-01-11 17:00:00,4.8951760127074895,0.5492619125986725,0.11220473200000002,0,0,17,0.0,0.0,1.12204732,17,typeb,renault,mail
2026-01-11 18:00:00,0.0,0.0,0.0,1,1,17,45.0,80.0,1.12204732,17,typeb,renault,mail
2026-01-11 19:00:00,0.0,0.0,0.0,1,1,17,45.0,80.0,1.12204732,17,typeb,renault,mail
2026-01-11 20:00:00,0.0,0.0,0.0,1,1,17,45.0,80.0,1.12204732,17,typeb,renault,mail
2026-01-11 21:00:00,0.0,0.0,0.0,1,1,17,45.0,80.0,1.12204732,17,typeb,renault,mail
2026-01-11 22:00:00,0.0,0.0,0.0,1,1,17,45.0,80.0,1.12204732,17,typeb,renault,mail
2026-01-11 23:00:00,0.0,0.0,0.0,1,1,17,45.0,80.0,1.12204732,17,typeb,renault,mail
2026-01-12 00:00:00,0.0,0.0,0.0,1,1,17,45.0,80.0,1.12204732,17,typeb,renault,mail
2026-01-12 01:00:00,0.0,0.0,0.0,1,1,17,45.0,80.0,1.12204732,17,typeb,renault,mail
2026-01-12 02:00:00,0.0,0.0,0.0,1,1,17,45.0,80.0,1.12204732,17,typeb,renault,mail
2026-01-12 03:00:00,0.0,0.0,0.0,1,1,17,45.0,80.0,1.12204732,17,typeb,renault,mail
2026-01-12 04:00:00,0.0,0.0,0.0,1,1,17,45.0,80.0,1.12204732,17,typeb,renault,mail
2026-01-12 05:00:00,0.0,0.0,0.0,1,1,17,45.0,80.0,1.12204732,17,typeb,renault,mail
2026-01-12 06:00:00,0.0,0.0,0.0,1,1,17,45.0,80.0,1.12204732,17,typeb,renault,mail
2026-01-12 07:00:00,0.0,0.0,0.0,1,1,17,45.0,80.0,1.12204732,17,typeb,renault,mail
2026-01-12 08:00:00,0.0,0.0,0.0,1,1,17,45.0,80.0,1.12204732,17,typeb,renault,mail
2026-01-12 09:00:00,12.119105541350327,2.4240460287185193,0.20001855916244693,0,0,17,0.0,0.0,1.1197747500000002,17,typeb,renault,mail
2026-01-12 10:00:00,12.119105541350327,1.357066837778918,0.11197747500000002,0,0,17,0.0,0.0,1.1197747500000002,17,typeb,renault,mail
2026-01-12 11:00:00,12.119105541350327,1.435293682101583,0.11843231146097111,0,0,17,0.0,0.0,1.1197747500000002,17,typeb,renault,mail
2026-01-12 12:00:00,0.0,0.0,0.0,1,1,17,45.0,80.0,1.1197747500000002,17,typeb,renault,mail
2026-01-12 13:00:00,0.0,0.0,0.0,1,1,17,45.0,80.0,1.1197747500000002,17,typeb,renault,mail
2026-01-12 14:00:00,12.11910554135033,4.757859022051183,0.3925915989276099,0,0,17,0.0,0.0,1.1197747500000002,17,typeb,renault,mail
2026-01-12 15:00:00,12.11910554135033,1.3570668377789183,0.11197747500000002,0,0,17,0.0,0.0,1.1197747500000002,17,typeb,renault,mail
2026-01-12 16:00:00,12.11910554135033,1.3570668377789183,0.11197747500000002,0,0,17,0.0,0.0,1.1197747500000002,17,typeb,renault,mail
2026-01-12 17:00:00,12.11910554135033,6.106800770005131,0.5038986375000001,0,0,17,0.0,0.0,1.1197747500000002,17,typeb,renault,mail
2026-01-12 18:00:00,12.11910554135033,1.9255030889332176,0.15888161732426626,0,0,17,0.0,0.0,1.1197747500000002,17,typeb,renault,mail
2026-01-12 19:00:00,0.0,0.0,0.0,1,1,17,45.0,80.0,1.1197747500000002,17,typeb,renault,mail
2026-01-12 20:00:00,0.0,0.0,0.0,1,1,17,45.0,80.0,1.1197747500000002,17,typeb,renault,mail
2026-01-12 21:00:00,0.0,0.0,0.0,1,1,17,45.0,80.0,1.1197747500000002,17,typeb,renault,mail
2026-01-12 22:00:00,0.0,0.0,0.0,1,1,17,45.0,80.0,1.1197747500000002,17,typeb,renault,mail
2026-01-12 23:00:00,0.0,0.0,0.0,1,1,17,45.0,80.0,1.1197747500000002,17,typeb,renault,mail
2026-01-13 00:00:00,0.0,0.0,0.0,1,1,17,45.0,80.0,1.1197747500000002,17,typeb,renault,mail
2026-01-13 01:00:00,0.0,0.0,0.0,1,1,17,45.0,80.0,1.1197747500000002,17,typeb,renault,mail
2026-01-13 02:00:00,0.0,0.0,0.0,1,1,17,45.0,80.0,1.1197747500000002,17,typeb,renault,mail
2026-01-13 03:00:00,0.0,0.0,0.0,1,1,17,45.0,80.0,1.1197747500000002,17,typeb,renault,mail
2026-01-13 04:00:00,0.0,0.0,0.0,1,1,17,45.0,80.0,1.1197747500000002,17,typeb,renault,mail
2026-01-13 05:00:00,0.0,0.0,0.0,1,1,17,45.0,80.0,1.1197747500000002,17,typeb,renault,mail
2026-01-13 06:00:00,10.427308885156181,1.1721953546120645,0.11241590400000001,0,0,17,0.0,0.0,1.12415904,17,typeb,renault,mail
2026-01-13 07:00:00,10.427308885156181,5.27487909575429,0.5058715680000001,0,0,17,0.0,0.0,1.12415904,17,typeb,renault,mail
2026-01-13 08:00:00,10.427308885156181,2.872385086848783,0.2754675361097026,0,0,17,0.0,0.0,1.12415904,17,typeb,renault,mail
2026-01-13 09:00:00,10.427308885156181,1.8882781099565467,0.18108968773761072,0,0,17,0.0,0.0,1.12415904,17,typeb,renault,mail
2026-01-13 10:00:00,10.427308885156181,1.1721953546120645,0.11241590400000001,0,0,17,0.0,0.0,1.12415904,17,typeb,renault,mail
2026-01-13 11:00:00,10.427308885156181,3.1684842933607267,0.30386404855343163,0,0,17,0.0,0.0,1.12415904,17,typeb,renault,mail
2026-01-13 12:00:00,0.0,0.0,0.0,1,1,17,45.0,80.0,1.12415904,17,typeb,renault,mail
2026-01-13 13:00:00,10.42730888515618,1.5003670519500047,0.14388823314574062,0,0,17,0.0,0.0,1.12415904,17,typeb,renault,mail
2026-01-13 14:00:00,10.42730888515618,1.1721953546120643,0.11241590400000001,0,0,17,0.0,0.0,1.12415904,17,typeb,renault,mail
2026-01-13 15:00:00,10.42730888515618,3.4044742453040935,0.32649596197831454,0,0,17,0.0,0.0,1.12415904,17,typeb,renault,mail
2026-01-13 16:00:00,10.42730888515618,1.1721953546120643,0.11241590400000001,0,0,17,0.0,0.0,1.12415904,17,typeb,renault,mail
2026-01-13 17:00:00,10.42730888515618,2.9104913571684023,0.27912200446192204,0,0,17,0.0,0.0,1.12415904,17,typeb,renault,mail
2026-01-13 18:00:00,10.42730888515618,2.7653254969054983,0.26520030502233266,0,0,17,0.0,0.0,1.12415904,17,typeb,renault,mail
2026-01-13 19:00:00,0.0,0.0,0.0,1,1,17,45.0,80.0,1.12415904,17,typeb,renault,mail
2026-01-13 20:00:00,0.0,0.0,0.0,1,1,17,45.0,80.0,1.12415904,17,typeb,renault,mail
2026-01-13 21:00:00,0.0,0.0,0.0,1,1,17,45.0,80.0,1.12415904,17,typeb,renault,mail
2026-01-13 22:00:00,0.0,0.0,0.0,1,1,17,45.0,80.0,1.12415904,17,typeb,renault,mail
2026-01-13 23:00:00,0.0,0.0,0.0,1,1,17,45.0,80.0,1.12415904,17,typeb,renault,mail
2026-01-14 00:00:00,0.0,0.0,0.0,1,1,17,45.0,80.0,1.12415904,17,typeb,renault,mail
2026-01-14 01:00:00,0.0,0.0,0.0,1,1,17,45.0,80.0,1.12415904,17,typeb,renault,mail
2026-01-14 02:00:00,0.0,0.0,0.0,1,1,17,45.0,80.0,1.12415904,17,typeb,renault,mail
2026-01-14 03:00:00,0.0,0.0,0.0,1,1,17,45.0,80.0,1.12415904,17,typeb,renault,mail
2026-01-14 04:00:00,0.0,0.0,0.0,1,1,17,45.0,80.0,1.12415904,17,typeb,renault,mail
2026-01-14 05:00:00,0.0,0.0,0.0,1,1,17,45.0,80.0,1.12415904,17,typeb,renault,mail
2026-01-14 06:00:00,9.748969245817307,1.0742584191351008,0.11019200000000001,0,0,17,0.0,0.0,1.10192,17,typeb,renault,mail
2026-01-14 07:00:00,9.748969245817307,2.3736572602479424,0.2434777667666082,0,0,17,0.0,0.0,1.10192,17,typeb,renault,mail
2026-01-14 08:00:00,9.748969245817307,1.0742584191351008,0.11019200000000001,0,0,17,0.0,0.0,1.10192,17,typeb,renault,mail
2026-01-14 09:00:00,9.748969245817307,3.7880417422733452,0.38855817951201,0,0,17,0.0,0.0,1.10192,17,typeb,renault,mail
2026-01-14 10:00:00,9.748969245817307,1.4064444886549825,0.14426596834925937,0,0,17,0.0,0.0,1.10192,17,typeb,renault,mail
2026-01-14 11:00:00,9.748969245817307,4.7720995369295895,0.4894978552709056,0,0,17,0.0,0.0,1.10192,17,typeb,renault,mail
2026-01-14 12:00:00,0.0,0.0,0.0,1,1,17,45.0,80.0,1.10192,17,typeb,renault,mail
2026-01-14 13:00:00,0.0,0.0,0.0,1,1,17,45.0,80.0,1.10192,17,typeb,renault,mail
2026-01-14 14:00:00,9.748969245817309,1.8245044573095361,0.18714844731839936,0,0,17,0.0,0.0,1.10192,17,typeb,renault,mail
2026-01-14 15:00:00,9.748969245817309,3.3754212471583847,0.34623365425084024,0,0,17,0.0,0.0,1.10192,17,typeb,renault,mail
2026-01-14 16:00:00,9.748969245817309,3.8224967510111254,0.39209240019411556,0,0,17,0.0,0.0,1.10192,17,typeb,renault,mail
2026-01-14 17:00:00,9.748969245817309,2.9863653324583086,0.3063262645678749,0,0,17,0.0,0.0,1.10192,17,typeb,renault,mail
2026-01-14 18:00:00,9.748969245817309,1.971315595857771,0.2022075920183606,0,0,17,0.0,0.0,1.10192,17,typeb,renault,mail
2026-01-14 19:00:00,0.0,0.0,0.0,1,1,17,45.0,80.0,1.10192,17,typeb,renault,mail
2026-01-14 20:00:00,0.0,0.0,0.0,1,1,17,45.0,80.0,1.10192,17,typeb,renault,mail
2026-01-14 21:00:00,0.0,0.0,0.0,1,1,17,45.0,80.0,1.10192,17,typeb,renault,mail
2026-01-14 22:00:00,0.0,0.0,0.0,1,1,17,45.0,80.0,1.10192,17,typeb,renault,mail
2026-01-14 23:00:00,0.0,0.0,0.0,1,1,17,45.0,80.0,1.10192,17,typeb,renault,mail
2026-01-01 00:00:00,0.0,0.0,0.0,1,1,18,45.0,80.0,1.0,18,typeb,renault,mail
2026-01-01 01:00:00,0.0,0.0,0.0,1,1,18,45.0,80.0,1.0,18,typeb,renault,mail
2026-01-01 02:00:00,0.0,0.0,0.0,1,1,18,45.0,80.0,1.0,18,typeb,renault,mail
2026-01-01 03:00:00,0.0,0.0,0.0,1,1,18,45.0,80.0,1.0,18,typeb,renault,mail
2026-01-01 04:00:00,0.0,0.0,0.0,1,1,18,45.0,80.0,1.0,18,typeb,renault,mail
2026-01-01 05:00:00,0.0,0.0,0.0,1,1,18,45.0,80.0,1.0,18,typeb,renault,mail
2026-01-01 06:00:00,12.119419055099572,2.985054709604842,0.2463034487077002,0,0,18,0.0,0.0,1.13291752,18,typeb,renault,mail
2026-01-01 07:00:00,12.119419055099572,1.5482918615660648,0.12775297681571457,0,0,18,0.0,0.0,1.13291752,18,typeb,renault,mail
2026-01-01 08:00:00,12.119419055099572,2.842917941322491,0.23457543042265352,0,0,18,0.0,0.0,1.13291752,18,typeb,renault,mail
2026-01-01 09:00:00,12.119419055099572,3.327674157859329,0.27457373515433653,0,0,18,0.0,0.0,1.13291752,18,typeb,renault,mail
2026-01-01 10:00:00,12.119419055099572,2.9638859978344065,0.24455677160426859,0,0,18,0.0,0.0,1.13291752,18,typeb,renault,mail
2026-01-01 11:00:00,12.119419055099572,1.7479746659497821,0.14422924547808869,0,0,18,0.0,0.0,1.13291752,18,typeb,renault,mail
2026-01-01 12:00:00,0.0,0.0,0.0,1,1,18,45.0,80.0,1.13291752,18,typeb,renault,mail
2026-01-01 13:00:00,0.0,0.0,0.0,1,1,18,45.0,80.0,1.13291752,18,typeb,renault,mail
2026-01-01 14:00:00,12.119419055099572,1.373030217974415,0.113291752,0,0,18,0.0,0.0,1.13291752,18,typeb,renault,mail
2026-01-01 15:00:00,12.119419055099572,2.2335447968756,0.1842947080813891,0,0,18,0.0,0.0,1.13291752,18,typeb,renault,mail
2026-01-01 16:00:00,12.119419055099572,1.830662232103641,0.1510519789587885,0,0,18,0.0,0.0,1.13291752,18,typeb,renault,mail
2026-01-01 17:00:00,12.119419055099572,2.9267989355804707,0.24149663628876183,0,0,18,0.0,0.0,1.13291752,18,typeb,renault,mail
2026-01-01 18:00:00,12.119419055099572,1.373030217974415,0.113291752,0,0,18,0.0,0.0,1.13291752,18,typeb,renault,mail
2026-01-01 19:00:00,12.119419055099572,1.7812050004154298,0.14697115367637525,0,0,18,0.0,0.0,1.13291752,18,typeb,renault,mail
2026-01-01 20:00:00,12.119419055099572,1.373030217974415,0.113291752,0,0,18,0.0,0.0,1.13291752,18,typeb,renault,mail
2026-01-01 21:00:00,0.0,0.0,0.0,1,1,18,45.0,80.0,1.13291752,18,typeb,renault,mail
2026-01-01 22:00:00,0.0,0.0,0.0,1,1,18,45.0,80.0,1.13291752,18,typeb,renault,mail
2026-01-01 23:00:00,0.0,0.0,0.0,1,1,18,45.0,80.0,1.13291752,18,typeb,renault,mail
2026-01-02 00:00:00,0.0,0.0,0.0,1,1,18,45.0,80.0,1.13291752,18,typeb,renault,mail
2026-01-02 01:00:00,0.0,0.0,0.0,1,1,18,45.0,80.0,1.13291752,18,typeb,renault,mail
2026-01-02 02:00:00,0.0,0.0,0.0,1,1,18,45.0,80.0,1.13291752,18,typeb,renault,mail
2026-01-02 03:00:00,0.0,0.0,0.0,1,1,18,45.0,80.0,1.13291752,18,typeb,renault,mail
2026-01-02 04:00:00,0.0,0.0,0.0,1,1,18,45.0,80.0,1.13291752,18,typeb,renault,mail
2026-01-02 05:00:00,0.0,0.0,0.0,1,1,18,45.0,80.0,1.13291752,18,typeb,renault,mail
2026-01-02 06:00:00,8.75940128858986,1.0785872659406754,0.12313481600000001,0,0,18,0.0,0.0,1.23134816,18,typeb,renault,mail
2026-01-02 07:00:00,8.75940128858986,2.2310663334845318,0.2547053457170361,0,0,18,0.0,0.0,1.23134816,18,typeb,renault,mail
2026-01-02 08:00:00,8.75940128858986,1.0785872659406754,0.12313481600000001,0,0,18,0.0,0.0,1.23134816,18,typeb,renault,mail
2026-01-02 09:00:00,8.75940128858986,1.6876601308595345,0.19266843420656024,0,0,18,0.0,0.0,1.23134816,18,typeb,renault,mail
2026-01-02 10:00:00,8.75940128858986,2.0564787340349175,0.23477389221951966,0,0,18,0.0,0.0,1.23134816,18,typeb,renault,mail
2026-01-02 11:00:00,8.75940128858986,1.5966711163662528,0.1822808504556245,0,0,18,0.0,0.0,1.23134816,18,typeb,renault,mail
2026-01-02 12:00:00,0.0,0.0,0.0,1,1,18,45.0,80.0,1.23134816,18,typeb,renault,mail
2026-01-02 13:00:00,8.759401288589858,2.2731874475708134,0.259514020727867,0,0,18,0.0,0.0,1.23134816,18,typeb,renault,mail
2026-01-02 14:00:00,8.759401288589858,1.0785872659406752,0.12313481600000001,0,0,18,0.0,0.0,1.23134816,18,typeb,renault,mail
2026-01-02 15:00:00,8.759401288589858,1.0785872659406752,0.12313481600000001,0,0,18,0.0,0.0,1.23134816,18,typeb,renault,mail
2026-01-02 16:00:00,8.759401288589858,1.0785872659406752,0.12313481600000001,0,0,18,0.0,0.0,1.23134816,18,typeb,renault,mail
2026-01-02 17:00:00,8.759401288589858,1.0785872659406752,0.12313481600000001,0,0,18,0.0,0.0,1.23134816,18,typeb,renault,mail
2026-01-02 18:00:00,0.0,0.0,0.0,1,1,18,45.0,80.0,1.23134816,18,typeb,renault,mail
2026-01-02 19:00:00,0.0,0.0,0.0,1,1,18,45.0,80.0,1.23134816,18,typeb,renault,mail
2026-01-02 20:00:00,0.0,0.0,0.0,1,1,18,45.0,80.0,1.23134816,18,typeb,renault,mail
2026-01-02 21:00:00,0.0,0.0,0.0,1,1,18,45.0,80.0,1.23134816,18,typeb,renault,mail
2026-01-02 22:00:00,0.0,0.0,0.0,1,1,18,45.0,80.0,1.23134816,18,typeb,renault,mail
2026-01-02 23:00:00,0.0,0.0,0.0,1,1,18,45.0,80.0,1.23134816,18,typeb,renault,mail
2026-01-03 00:00:00,0.0,0.0,0.0,1,1,18,45.0,80.0,1.23134816,18,typeb,renault,mail
2026-01-03 01:00:00,0.0,0.0,0.0,1,1,18,45.0,80.0,1.23134816,18,typeb,renault,mail
2026-01-03 02:00:00,0.0,0.0,0.0,1,1,18,45.0,80.0,1.23134816,18,typeb,renault,mail
2026-01-03 03:00:00,0.0,0.0,0.0,1,1,18,45.0,80.0,1.23134816,18,typeb,renault,mail
2026-01-03 04:00:00,0.0,0.0,0.0,1,1,18,45.0,80.0,1.23134816,18,typeb,renault,mail
2026-01-03 05:00:00,0.0,0.0,0.0,1,1,18,45.0,80.0,1.23134816,18,typeb,renault,mail
2026-01-03 06:00:00,0.0,0.0,0.0,1,1,18,45.0,80.0,1.23134816,18,typeb,renault,mail
2026-01-03 07:00:00,0.0,0.0,0.0,1,1,18,45.0,80.0,1.23134816,18,typeb,renault,mail
2026-01-03 08:00:00,0.0,0.0,0.0,1,1,18,45.0,80.0,1.23134816,18,typeb,renault,mail
2026-01-03 09:00:00,0.0,0.0,0.0,1,1,18,45.0,80.0,1.23134816,18,typeb,renault,mail
2026-01-03 10:00:00,0.0,0.0,0.0,1,1,18,45.0,80.0,1.23134816,18,typeb,renault,mail
2026-01-03 11:00:00,13.023035623658817,1.5710580341450922,0.120636853,0,0,18,0.0,0.0,1.20636853,18,typeb,renault,mail
2026-01-03 12:00:00,13.023035623658817,2.649469168239068,0.20344482229825156,0,0,18,0.0,0.0,1.20636853,18,typeb,renault,mail
2026-01-03 13:00:00,13.023035623658817,4.142109081674234,0.3180601820783863,0,0,18,0.0,0.0,1.20636853,18,typeb,renault,mail
2026-01-03 14:00:00,13.023035623658817,2.6394185866492172,0.20267306816347888,0,0,18,0.0,0.0,1.20636853,18,typeb,renault,mail
2026-01-03 15:00:00,13.023035623658817,1.5710580341450922,0.120636853,0,0,18,0.0,0.0,1.20636853,18,typeb,renault,mail
2026-01-03 16:00:00,13.023035623658815,1.8749960910082983,0.14397534838974196,0,0,18,0.0,0.0,1.20636853,18,typeb,renault,mail
2026-01-03 17:00:00,13.023035623658815,1.571058034145092,0.120636853,0,0,18,0.0,0.0,1.20636853,18,typeb,renault,mail
2026-01-03 18:00:00,13.023035623658815,3.253559823135376,0.2498311390030038,0,0,18,0.0,0.0,1.20636853,18,typeb,renault,mail
2026-01-03 19:00:00,13.023035623658815,1.796586784970503,0.13795453202221625,0,0,18,0.0,0.0,1.20636853,18,typeb,renault,mail
2026-01-03 20:00:00,0.0,0.0,0.0,1,1,18,45.0,80.0,1.20636853,18,typeb,renault,mail
2026-01-03 21:00:00,0.0,0.0,0.0,1,1,18,45.0,80.0,1.20636853,18,typeb,renault,mail
2026-01-03 22:00:00,0.0,0.0,0.0,1,1,18,45.0,80.0,1.20636853,18,typeb,renault,mail
2026-01-03 23:00:00,0.0,0.0,0.0,1,1,18,45.0,80.0,1.20636853,18,typeb,renault,mail
2026-01-04 00:00:00,0.0,0.0,0.0,1,1,18,45.0,80.0,1.20636853,18,typeb,renault,mail
2026-01-04 01:00:00,0.0,0.0,0.0,1,1,18,45.0,80.0,1.20636853,18,typeb,renault,mail
2026-01-04 02:00:00,0.0,0.0,0.0,1,1,18,45.0,80.0,1.20636853,18,typeb,renault,mail
2026-01-04 03:00:00,0.0,0.0,0.0,1,1,18,45.0,80.0,1.20636853,18,typeb,renault,mail
2026-01-04 04:00:00,0.0,0.0,0.0,1,1,18,45.0,80.0,1.20636853,18,typeb,renault,mail
2026-01-04 05:00:00,0.0,0.0,0.0,1,1,18,45.0,80.0,1.20636853,18,typeb,renault,mail
2026-01-04 06:00:00,0.0,0.0,0.0,1,1,18,45.0,80.0,1.20636853,18,typeb,renault,mail
2026-01-04 07:00:00,0.0,0.0,0.0,1,1,18,45.0,80.0,1.20636853,18,typeb,renault,mail
2026-01-04 08:00:00,0.0,0.0,0.0,1,1,18,45.0,80.0,1.20636853,18,typeb,renault,mail
2026-01-04 09:00:00,0.0,0.0,0.0,1,1,18,45.0,80.0,1.20636853,18,typeb,renault,mail
2026-01-04 10:00:00,0.0,0.0,0.0,1,1,18,45.0,80.0,1.20636853,18,typeb,renault,mail
2026-01-04 11:00:00,9.339221471615513,2.1427716187444994,0.2294379274821758,0,0,18,0.0,0.0,1.3029730700000002,18,typeb,renault,mail
2026-01-04 12:00:00,9.339221471615513,1.4646874626674882,0.15683185874958422,0,0,18,0.0,0.0,1.3029730700000002,18,typeb,renault,mail
2026-01-04 13:00:00,9.339221471615513,2.248075713303212,0.24071339566533875,0,0,18,0.0,0.0,1.3029730700000002,18,typeb,renault,mail
2026-01-04 14:00:00,9.339221471615513,5.4759393325263535,0.5863378815000001,0,0,18,0.0,0.0,1.3029730700000002,18,typeb,renault,mail
2026-01-04 15:00:00,9.339221471615513,4.824947548041822,0.5166327367550044,0,0,18,0.0,0.0,1.3029730700000002,18,typeb,renault,mail
2026-01-04 16:00:00,9.339221471615513,4.604967459298252,0.493078301365272,0,0,18,0.0,0.0,1.3029730700000002,18,typeb,renault,mail
2026-01-04 17:00:00,9.339221471615513,1.2168754072280785,0.13029730700000003,0,0,18,0.0,0.0,1.3029730700000002,18,typeb,renault,mail
2026-01-04 18:00:00,9.339221471615513,1.297045547009207,0.1388815492759529,0,0,18,0.0,0.0,1.3029730700000002,18,typeb,renault,mail
2026-01-04 19:00:00,0.0,0.0,0.0,1,1,18,45.0,80.0,1.3029730700000002,18,typeb,renault,mail
2026-01-04 20:00:00,0.0,0.0,0.0,1,1,18,45.0,80.0,1.3029730700000002,18,typeb,renault,mail
2026-01-04 21:00:00,0.0,0.0,0.0,1,1,18,45.0,80.0,1.3029730700000002,18,typeb,renault,mail
2026-01-04 22:00:00,0.0,0.0,0.0,1,1,18,45.0,80.0,1.3029730700000002,18,typeb,renault,mail
2026-01-04 23:00:00,0.0,0.0,0.0,1,1,18,45.0,80.0,1.3029730700000002,18,typeb,renault,mail
2026-01-05 00:00:00,0.0,0.0,0.0,1,1,18,45.0,80.0,1.3029730700000002,18,typeb,renault,mail
2026-01-05 01:00:00,0.0,0.0,0.0,1,1,18,45.0,80.0,1.3029730700000002,18,typeb,renault,mail
2026-01-05 02:00:00,0.0,0.0,0.0,1,1,18,45.0,80.0,1.3029730700000002,18,typeb,renault,mail
2026-01-05 03:00:00,0.0,0.0,0.0,1,1,18,45.0,80.0,1.3029730700000002,18,typeb,renault,mail
2026-01-05 04:00:00,0.0,0.0,0.0,1,1,18,45.0,80.0,1.3029730700000002,18,typeb,renault,mail
2026-01-05 05:00:00,0.0,0.0,0.0,1,1,18,45.0,80.0,1.3029730700000002,18,typeb,renault,mail
2026-01-05 06:00:00,0.0,0.0,0.0,1,1,18,45.0,80.0,1.3029730700000002,18,typeb,renault,mail
2026-01-05 07:00:00,0.0,0.0,0.0,1,1,18,45.0,80.0,1.3029730700000002,18,typeb,renault,mail
2026-01-05 08:00:00,12.557887253078496,3.0767126610168254,0.24500241155315253,0,0,18,0.0,0.0,1.21493373,18,typeb,renault,mail
2026-01-05 09:00:00,12.557887253078496,2.437569018621791,0.1941066175780671,0,0,18,0.0,0.0,1.21493373,18,typeb,renault,mail
2026-01-05 10:00:00,12.557887253078496,1.5257000801302112,0.12149337300000002,0,0,18,0.0,0.0,1.21493373,18,typeb,renault,mail
2026-01-05 11:00:00,12.557887253078496,1.931327337362099,0.15379397015120078,0,0,18,0.0,0.0,1.21493373,18,typeb,renault,mail
2026-01-05 12:00:00,0.0,0.0,0.0,1,1,18,45.0,80.0,1.21493373,18,typeb,renault,mail
2026-01-05 13:00:00,12.557887253078496,2.920956079435336,0.2325993234824815,0,0,18,0.0,0.0,1.21493373,18,typeb,renault,mail
2026-01-05 14:00:00,12.557887253078496,3.8909125691800996,0.3098381511767646,0,0,18,0.0,0.0,1.21493373,18,typeb,renault,mail
2026-01-05 15:00:00,12.557887253078496,6.86565036058595,0.5467201785,0,0,18,0.0,0.0,1.21493373,18,typeb,renault,mail
2026-01-05 16:00:00,12.557887253078496,3.2953994221311276,0.26241670718323096,0,0,18,0.0,0.0,1.21493373,18,typeb,renault,mail
2026-01-05 17:00:00,12.557887253078496,1.6277107304726346,0.12961660649354934,0,0,18,0.0,0.0,1.21493373,18,typeb,renault,mail
2026-01-05 18:00:00,12.557887253078496,3.3478820248772014,0.26659596135938285,0,0,18,0.0,0.0,1.21493373,18,typeb,renault,mail
2026-01-05 19:00:00,12.557887253078496,1.988146174366656,0.1583185239921049,0,0,18,0.0,0.0,1.21493373,18,typeb,renault,mail
2026-01-05 20:00:00,12.557887253078496,2.379939236901647,0.18951748721252598,0,0,18,0.0,0.0,1.21493373,18,typeb,renault,mail
2026-01-05 21:00:00,0.0,0.0,0.0,1,1,18,45.0,80.0,1.21493373,18,typeb,renault,mail
2026-01-05 22:00:00,0.0,0.0,0.0,1,1,18,45.0,80.0,1.21493373,18,typeb,renault,mail
2026-01-05 23:00:00,0.0,0.0,0.0,1,1,18,45.0,80.0,1.21493373,18,typeb,renault,mail
2026-01-06 00:00:00,0.0,0.0,0.0,1,1,18,45.0,80.0,1.21493373,18,typeb,renault,mail
2026-01-06 01:00:00,0.0,0.0,0.0,1,1,18,45.0,80.0,1.21493373,18,typeb,renault,mail
2026-01-06 02:00:00,0.0,0.0,0.0,1,1,18,45.0,80.0,1.21493373,18,typeb,renault,mail
2026-01-06 03:00:00,0.0,0.0,0.0,1,1,18,45.0,80.0,1.21493373,18,typeb,renault,mail
2026-01-06 04:00:00,0.0,0.0,0.0,1,1,18,45.0,80.0,1.21493373,18,typeb,renault,mail
2026-01-06 05:00:00,0.0,0.0,0.0,1,1,18,45.0,80.0,1.21493373,18,typeb,renault,mail
2026-01-06 06:00:00,8.905758706258938,1.6985741487683055,0.19072761847618364,0,0,18,0.0,0.0,1.31556704,18,typeb,renault,mail
2026-01-06 07:00:00,8.905758706258938,1.9043875097504015,0.21383776189804068,0,0,18,0.0,0.0,1.31556704,18,typeb,renault,mail
2026-01-06 08:00:00,8.905758706258938,3.6139346932294805,0.40579750837956335,0,0,18,0.0,0.0,1.31556704,18,typeb,renault,mail
2026-01-06 09:00:00,8.905758706258938,1.17161226201473,0.131556704,0,0,18,0.0,0.0,1.31556704,18,typeb,renault,mail
2026-01-06 10:00:00,8.905758706258938,2.2810813700420187,0.2561355461426192,0,0,18,0.0,0.0,1.31556704,18,typeb,renault,mail
2026-01-06 11:00:00,8.905758706258938,1.6162449782362815,0.18148313148214873,0,0,18,0.0,0.0,1.31556704,18,typeb,renault,mail
2026-01-06 12:00:00,0.0,0.0,0.0,1,1,18,45.0,80.0,1.31556704,18,typeb,renault,mail
2026-01-06 13:00:00,8.90575870625894,2.2304758311704043,0.25045320727169856,0,0,18,0.0,0.0,1.31556704,18,typeb,renault,mail
2026-01-06 14:00:00,8.90575870625894,1.1716122620147302,0.131556704,0,0,18,0.0,0.0,1.31556704,18,typeb,renault,mail
2026-01-06 15:00:00,8.90575870625894,1.2793889839389567,0.1436586175459488,0,0,18,0.0,0.0,1.31556704,18,typeb,renault,mail
2026-01-06 16:00:00,8.90575870625894,1.1716122620147302,0.131556704,0,0,18,0.0,0.0,1.31556704,18,typeb,renault,mail
2026-01-06 17:00:00,8.90575870625894,5.272255179066287,0.592005168,0,0,18,0.0,0.0,1.31556704,18,typeb,renault,mail
2026-01-06 18:00:00,8.90575870625894,1.1716122620147302,0.131556704,0,0,18,0.0,0.0,1.31556704,18,typeb,renault,mail
2026-01-06 19:00:00,0.0,0.0,0.0,1,1,18,45.0,80.0,1.31556704,18,typeb,renault,mail
2026-01-06 20:00:00,0.0,0.0,0.0,1,1,18,45.0,80.0,1.31556704,18,typeb,renault,mail
2026-01-06 21:00:00,0.0,0.0,0.0,1,1,18,45.0,80.0,1.31556704,18,typeb,renault,mail
2026-01-06 22:00:00,0.0,0.0,0.0,1,1,18,45.0,80.0,1.31556704,18,typeb,renault,mail
2026-01-06 23:00:00,0.0,0.0,0.0,1,1,18,45.0,80.0,1.31556704,18,typeb,renault,mail
2026-01-07 00:00:00,0.0,0.0,0.0,1,1,18,45.0,80.0,1.31556704,18,typeb,renault,mail
2026-01-07 01:00:00,0.0,0.0,0.0,1,1,18,45.0,80.0,1.31556704,18,typeb,renault,mail
2026-01-07 02:00:00,0.0,0.0,0.0,1,1,18,45.0,80.0,1.31556704,18,typeb,renault,mail
2026-01-07 03:00:00,0.0,0.0,0.0,1,1,18,45.0,80.0,1.31556704,18,typeb,renault,mail
2026-01-07 04:00:00,0.0,0.0,0.0,1,1,18,45.0,80.0,1.31556704,18,typeb,renault,mail
2026-01-07 05:00:00,0.0,0.0,0.0,1,1,18,45.0,80.0,1.31556704,18,typeb,renault,mail
2026-01-07 06:00:00,9.711134527425761,2.1800428578545614,0.22448899783004547,0,0,18,0.0,0.0,1.25926432,18,typeb,renault,mail
2026-01-07 07:00:00,9.711134527425761,1.2363458616907563,0.12731219593335077,0,0,18,0.0,0.0,1.25926432,18,typeb,renault,mail
2026-01-07 08:00:00,9.711134527425761,2.174875356913087,0.22395687659056718,0,0,18,0.0,0.0,1.25926432,18,typeb,renault,mail
2026-01-07 09:00:00,9.711134527425761,3.2285637730199226,0.33245999876759547,0,0,18,0.0,0.0,1.25926432,18,typeb,renault,mail
2026-01-07 10:00:00,9.711134527425761,2.299939191614478,0.2368352724513382,0,0,18,0.0,0.0,1.25926432,18,typeb,renault,mail
2026-01-07 11:00:00,9.711134527425761,2.506266006811448,0.2580816896041715,0,0,18,0.0,0.0,1.25926432,18,typeb,renault,mail
2026-01-07 12:00:00,0.0,0.0,0.0,1,1,18,45.0,80.0,1.25926432,18,typeb,renault,mail
2026-01-07 13:00:00,9.711134527425763,1.4481682603683388,0.14912451848735953,0,0,18,0.0,0.0,1.25926432,18,typeb,renault,mail
2026-01-07 14:00:00,9.711134527425763,3.4652791774090224,0.3568356681315177,0,0,18,0.0,0.0,1.25926432,18,typeb,renault,mail
2026-01-07 15:00:00,9.711134527425763,3.055552892152051,0.31464427596206107,0,0,18,0.0,0.0,1.25926432,18,typeb,renault,mail
2026-01-07 16:00:00,9.711134527425763,1.8920778813036319,0.1948359252938066,0,0,18,0.0,0.0,1.25926432,18,typeb,renault,mail
2026-01-07 17:00:00,9.711134527425763,1.893076416896022,0.19493874907712153,0,0,18,0.0,0.0,1.25926432,18,typeb,renault,mail
2026-01-07 18:00:00,9.711134527425763,3.4790851452416134,0.3582573318715885,0,0,18,0.0,0.0,1.25926432,18,typeb,renault,mail
2026-01-07 19:00:00,9.711134527425763,1.566089145817159,0.16126737214836004,0,0,18,0.0,0.0,1.25926432,18,typeb,renault,mail
2026-01-07 20:00:00,9.711134527425763,1.8808708463927122,0.19368188557998434,0,0,18,0.0,0.0,1.25926432,18,typeb,renault,mail
2026-01-07 21:00:00,0.0,0.0,0.0,1,1,18,45.0,80.0,1.25926432,18,typeb,renault,mail
2026-01-07 22:00:00,0.0,0.0,0.0,1,1,18,45.0,80.0,1.25926432,18,typeb,renault,mail
2026-01-07 23:00:00,0.0,0.0,0.0,1,1,18,45.0,80.0,1.25926432,18,typeb,renault,mail
2026-01-08 00:00:00,0.0,0.0,0.0,1,1,18,45.0,80.0,1.25926432,18,typeb,renault,mail
2026-01-08 01:00:00,0.0,0.0,0.0,1,1,18,45.0,80.0,1.25926432,18,typeb,renault,mail
2026-01-08 02:00:00,0.0,0.0,0.0,1,1,18,45.0,80.0,1.25926432,18,typeb,renault,mail
2026-01-08 03:00:00,0.0,0.0,0.0,1,1,18,45.0,80.0,1.25926432,18,typeb,renault,mail
2026-01-08 04:00:00,0.0,0.0,0.0,1,1,18,45.0,80.0,1.25926432,18,typeb,renault,mail
2026-01-08 05:00:00,0.0,0.0,0.0,1,1,18,45.0,80.0,1.25926432,18,typeb,renault,mail
2026-01-08 06:00:00,8.40494156136289,0.9795247995514693,0.116541536,0,0,18,0.0,0.0,1.16541536,18,typeb,renault,mail
2026-01-08 07:00:00,8.40494156136289,2.0190932263971875,0.24022692027733558,0,0,18,0.0,0.0,1.16541536,18,typeb,renault,mail
2026-01-08 08:00:00,8.40494156136289,2.7180244388859456,0.3233840972054551,0,0,18,0.0,0.0,1.16541536,18,typeb,renault,mail
2026-01-08 09:00:00,8.40494156136289,0.9795247995514693,0.116541536,0,0,18,0.0,0.0,1.16541536,18,typeb,renault,mail
2026-01-08 10:00:00,8.40494156136289,1.8503599974491896,0.22015144114210206,0,0,18,0.0,0.0,1.16541536,18,typeb,renault,mail
2026-01-08 11:00:00,8.40494156136289,2.2910241047433377,0.27258061082483487,0,0,18,0.0,0.0,1.16541536,18,typeb,renault,mail
2026-01-08 12:00:00,0.0,0.0,0.0,1,1,18,45.0,80.0,1.16541536,18,typeb,renault,mail
2026-01-08 13:00:00,8.404941561362888,1.4119836016607847,0.1679944579450267,0,0,18,0.0,0.0,1.16541536,18,typeb,renault,mail
2026-01-08 14:00:00,8.404941561362888,0.9795247995514692,0.116541536,0,0,18,0.0,0.0,1.16541536,18,typeb,renault,mail
2026-01-08 15:00:00,8.404941561362888,2.193721822407519,0.26100381619450547,0,0,18,0.0,0.0,1.16541536,18,typeb,renault,mail
2026-01-08 16:00:00,8.404941561362888,1.117582819821481,0.13296735160645917,0,0,18,0.0,0.0,1.16541536,18,typeb,renault,mail
2026-01-08 17:00:00,8.404941561362888,1.064589300965348,0.12666230849946822,0,0,18,0.0,0.0,1.16541536,18,typeb,renault,mail
2026-01-08 18:00:00,8.404941561362888,2.60083371276473,0.30944102273365437,0,0,18,0.0,0.0,1.16541536,18,typeb,renault,mail
2026-01-08 19:00:00,8.404941561362888,0.9795247995514692,0.116541536,0,0,18,0.0,0.0,1.16541536,18,typeb,renault,mail
2026-01-08 20:00:00,8.404941561362888,3.0775665426825256,0.36616156343429573,0,0,18,0.0,0.0,1.16541536,18,typeb,renault,mail
2026-01-08 21:00:00,0.0,0.0,0.0,1,1,18,45.0,80.0,1.16541536,18,typeb,renault,mail
2026-01-08 22:00:00,0.0,0.0,0.0,1,1,18,45.0,80.0,1.16541536,18,typeb,renault,mail
2026-01-08 23:00:00,0.0,0.0,0.0,1,1,18,45.0,80.0,1.16541536,18,typeb,renault,mail
2026-01-09 00:00:00,0.0,0.0,0.0,1,1,18,45.0,80.0,1.16541536,18,typeb,renault,mail
2026-01-09 01:00:00,0.0,0.0,0.0,1,1,18,45.0,80.0,1.16541536,18,typeb,renault,mail
2026-01-09 02:00:00,0.0,0.0,0.0,1,1,18,45.0,80.0,1.16541536,18,typeb,renault,mail
2026-01-09 03:00:00,0.0,0.0,0.0,1,1,18,45.0,80.0,1.16541536,18,typeb,renault,mail
2026-01-09 04:00:00,0.0,0.0,0.0,1,1,18,45.0,80.0,1.16541536,18,typeb,renault,mail
2026-01-09 05:00:00,0.0,0.0,0.0,1,1,18,45.0,80.0,1.16541536,18,typeb,renault,mail
2026-01-09 06:00:00,8.885862145426975,1.8368357939154143,0.20671441485964584,0,0,18,0.0,0.0,1.13480256,18,typeb,renault,mail
2026-01-09 07:00:00,8.885862145426975,1.5173344020197366,0.1707582648916761,0,0,18,0.0,0.0,1.13480256,18,typeb,renault,mail
2026-01-09 08:00:00,8.885862145426975,1.0083699110437623,0.113480256,0,0,18,0.0,0.0,1.13480256,18,typeb,renault,mail
2026-01-09 09:00:00,8.885862145426975,1.0083699110437623,0.113480256,0,0,18,0.0,0.0,1.13480256,18,typeb,renault,mail
2026-01-09 10:00:00,8.885862145426975,2.1551714975845577,0.24253938023264254,0,0,18,0.0,0.0,1.13480256,18,typeb,renault,mail
2026-01-09 11:00:00,8.885862145426975,1.014588468686108,0.11418008203157376,0,0,18,0.0,0.0,1.13480256,18,typeb,renault,mail
2026-01-09 12:00:00,8.885862145426975,1.9512471426146232,0.219590075862117,0,0,18,0.0,0.0,1.13480256,18,typeb,renault,mail
2026-01-09 13:00:00,8.885862145426977,1.2396738952865425,0.1395108178585157,0,0,18,0.0,0.0,1.13480256,18,typeb,renault,mail
2026-01-09 14:00:00,8.885862145426977,2.3761634558601523,0.26740944401022715,0,0,18,0.0,0.0,1.13480256,18,typeb,renault,mail
2026-01-09 15:00:00,8.885862145426977,3.5490633328557757,0.39940562601258306,0,0,18,0.0,0.0,1.13480256,18,typeb,renault,mail
2026-01-09 16:00:00,8.885862145426977,3.1034225905187065,0.3492539654259495,0,0,18,0.0,0.0,1.13480256,18,typeb,renault,mail
2026-01-09 17:00:00,8.885862145426977,1.0083699110437625,0.113480256,0,0,18,0.0,0.0,1.13480256,18,typeb,renault,mail
2026-01-09 18:00:00,8.885862145426977,1.184583255638623,0.1333110098099212,0,0,18,0.0,0.0,1.13480256,18,typeb,renault,mail
2026-01-09 19:00:00,8.885862145426977,1.1858854556374165,0.13345755721044142,0,0,18,0.0,0.0,1.13480256,18,typeb,renault,mail
2026-01-09 20:00:00,0.0,0.0,0.0,1,1,18,45.0,80.0,1.13480256,18,typeb,renault,mail
2026-01-09 21:00:00,0.0,0.0,0.0,1,1,18,45.0,80.0,1.13480256,18,typeb,renault,mail
2026-01-09 22:00:00,0.0,0.0,0.0,1,1,18,45.0,80.0,1.13480256,18,typeb,renault,mail
2026-01-09 23:00:00,0.0,0.0,0.0,1,1,18,45.0,80.0,1.13480256,18,typeb,renault,mail
2026-01-10 00:00:00,0.0,0.0,0.0,1,1,18,45.0,80.0,1.13480256,18,typeb,renault,mail
2026-01-10 01:00:00,0.0,0.0,0.0,1,1,18,45.0,80.0,1.13480256,18,typeb,renault,mail
2026-01-10 02:00:00,0.0,0.0,0.0,1,1,18,45.0,80.0,1.13480256,18,typeb,renault,mail
2026-01-10 03:00:00,0.0,0.0,0.0,1,1,18,45.0,80.0,1.13480256,18,typeb,renault,mail
2026-01-10 04:00:00,0.0,0.0,0.0,1,1,18,45.0,80.0,1.13480256,18,typeb,renault,mail
2026-01-10 05:00:00,0.0,0.0,0.0,1,1,18,45.0,80.0,1.13480256,18,typeb,renault,mail
2026-01-10 06:00:00,0.0,0.0,0.0,1,1,18,45.0,80.0,1.13480256,18,typeb,renault,mail
2026-01-10 07:00:00,0.0,0.0,0.0,1,1,18,45.0,80.0,1.13480256,18,typeb,renault,mail
2026-01-10 08:00:00,0.0,0.0,0.0,1,1,18,45.0,80.0,1.13480256,18,typeb,renault,mail
2026-01-10 09:00:00,5.700518724754882,1.1886555520511226,0.20851708580296507,0,0,18,0.0,0.0,1.18959,18,typeb,renault,mail
2026-01-10 10:00:00,5.700518724754882,0.6781280069781159,0.118959,0,0,18,0.0,0.0,1.18959,18,typeb,renault,mail
2026-01-10 11:00:00,5.700518724754882,0.6781280069781159,0.118959,0,0,18,0.0,0.0,1.18959,18,typeb,renault,mail
2026-01-10 12:00:00,5.700518724754882,3.051576031401522,0.5353154999999999,0,0,18,0.0,0.0,1.18959,18,typeb,renault,mail
2026-01-10 13:00:00,5.700518724754882,1.1714667180873441,0.20550177530338987,0,0,18,0.0,0.0,1.18959,18,typeb,renault,mail
2026-01-10 14:00:00,5.700518724754882,0.7835833062737491,0.13745824618924352,0,0,18,0.0,0.0,1.18959,18,typeb,renault,mail
2026-01-10 15:00:00,5.700518724754882,3.051576031401522,0.5353154999999999,0,0,18,0.0,0.0,1.18959,18,typeb,renault,mail
2026-01-10 16:00:00,5.700518724754882,0.8822393343387033,0.1547647463216848,0,0,18,0.0,0.0,1.18959,18,typeb,renault,mail
2026-01-10 17:00:00,5.700518724754882,3.051576031401522,0.5353154999999999,0,0,18,0.0,0.0,1.18959,18,typeb,renault,mail
2026-01-10 18:00:00,5.700518724754882,1.1416614110406085,0.20027324988564074,0,0,18,0.0,0.0,1.18959,18,typeb,renault,mail
2026-01-10 19:00:00,5.700518724754882,0.7741113318853653,0.13579664750924078,0,0,18,0.0,0.0,1.18959,18,typeb,renault,mail
2026-01-10 20:00:00,0.0,0.0,0.0,1,1,18,45.0,80.0,1.18959,18,typeb,renault,mail
2026-01-10 21:00:00,0.0,0.0,0.0,1,1,18,45.0,80.0,1.18959,18,typeb,renault,mail
2026-01-10 22:00:00,0.0,0.0,0.0,1,1,18,45.0,80.0,1.18959,18,typeb,renault,mail
2026-01-10 23:00:00,0.0,0.0,0.0,1,1,18,45.0,80.0,1.18959,18,typeb,renault,mail
2026-01-11 00:00:00,0.0,0.0,0.0,1,1,18,45.0,80.0,1.18959,18,typeb,renault,mail
2026-01-11 01:00:00,0.0,0.0,0.0,1,1,18,45.0,80.0,1.18959,18,typeb,renault,mail
2026-01-11 02:00:00,0.0,0.0,0.0,1,1,18,45.0,80.0,1.18959,18,typeb,renault,mail
2026-01-11 03:00:00,0.0,0.0,0.0,1,1,18,45.0,80.0,1.18959,18,typeb,renault,mail
2026-01-11 04:00:00,0.0,0.0,0.0,1,1,18,45.0,80.0,1.18959,18,typeb,renault,mail
2026-01-11 05:00:00,0.0,0.0,0.0,1,1,18,45.0,80.0,1.18959,18,typeb,renault,mail
2026-01-11 06:00:00,0.0,0.0,0.0,1,1,18,45.0,80.0,1.18959,18,typeb,renault,mail
2026-01-11 07:00:00,0.0,0.0,0.0,1,1,18,45.0,80.0,1.18959,18,typeb,renault,mail
2026-01-11 08:00:00,0.0,0.0,0.0,1,1,18,45.0,80.0,1.18959,18,typeb,renault,mail
2026-01-11 09:00:00,0.0,0.0,0.0,1,1,18,45.0,80.0,1.18959,18,typeb,renault,mail
2026-01-11 10:00:00,8.621770120771634,0.967403405766789,0.11220473200000002,0,0,18,0.0,0.0,1.12204732,18,typeb,renault,mail
2026-01-11 11:00:00,8.621770120771634,2.3507882199836097,0.2726572602904446,0,0,18,0.0,0.0,1.12204732,18,typeb,renault,mail
2026-01-11 12:00:00,8.621770120771634,2.4464076451579118,0.28374772359843,0,0,18,0.0,0.0,1.12204732,18,typeb,renault,mail
2026-01-11 13:00:00,8.621770120771634,1.2737157040854215,0.14773250576662628,0,0,18,0.0,0.0,1.12204732,18,typeb,renault,mail
2026-01-11 14:00:00,8.621770120771634,0.967403405766789,0.11220473200000002,0,0,18,0.0,0.0,1.12204732,18,typeb,renault,mail
2026-01-11 15:00:00,8.621770120771636,1.4961945284655365,0.173536815237151,0,0,18,0.0,0.0,1.12204732,18,typeb,renault,mail
2026-01-11 16:00:00,8.621770120771636,0.9674034057667892,0.11220473200000002,0,0,18,0.0,0.0,1.12204732,18,typeb,renault,mail
2026-01-11 17:00:00,8.621770120771636,1.7176842058067734,0.19922639803032038,0,0,18,0.0,0.0,1.12204732,18,typeb,renault,mail
2026-01-11 18:00:00,8.621770120771636,1.1492532221730896,0.13329666716632813,0,0,18,0.0,0.0,1.12204732,18,typeb,renault,mail
2026-01-11 19:00:00,8.621770120771636,0.9674034057667892,0.11220473200000002,0,0,18,0.0,0.0,1.12204732,18,typeb,renault,mail
2026-01-11 20:00:00,0.0,0.0,0.0,1,1,18,45.0,80.0,1.12204732,18,typeb,renault,mail
2026-01-11 21:00:00,0.0,0.0,0.0,1,1,18,45.0,80.0,1.12204732,18,typeb,renault,mail
2026-01-11 22:00:00,0.0,0.0,0.0,1,1,18,45.0,80.0,1.12204732,18,typeb,renault,mail
2026-01-11 23:00:00,0.0,0.0,0.0,1,1,18,45.0,80.0,1.12204732,18,typeb,renault,mail
2026-01-12 00:00:00,0.0,0.0,0.0,1,1,18,45.0,80.0,1.12204732,18,typeb,renault,mail
2026-01-12 01:00:00,0.0,0.0,0.0,1,1,18,45.0,80.0,1.12204732,18,typeb,renault,mail
2026-01-12 02:00:00,0.0,0.0,0.0,1,1,18,45.0,80.0,1.12204732,18,typeb,renault,mail
2026-01-12 03:00:00,0.0,0.0,0.0,1,1,18,45.0,80.0,1.12204732,18,typeb,renault,mail
2026-01-12 04:00:00,0.0,0.0,0.0,1,1,18,45.0,80.0,1.12204732,18,typeb,renault,mail
2026-01-12 05:00:00,10.833364603765354,2.3371261886384054,0.21573410238829124,0,0,18,0.0,0.0,1.1197747500000002,18,typeb,renault,mail
2026-01-12 06:00:00,10.833364603765354,1.6912606009299505,0.15611591253396187,0,0,18,0.0,0.0,1.1197747500000002,18,typeb,renault,mail
2026-01-12 07:00:00,10.833364603765354,1.216118833286732,0.11225679904321188,0,0,18,0.0,0.0,1.1197747500000002,18,typeb,renault,mail
2026-01-12 08:00:00,10.833364603765354,4.258300129479121,0.39307272350079153,0,0,18,0.0,0.0,1.1197747500000002,18,typeb,renault,mail
2026-01-12 09:00:00,10.833364603765354,2.5040042355597243,0.23113818533250577,0,0,18,0.0,0.0,1.1197747500000002,18,typeb,renault,mail
2026-01-12 10:00:00,10.833364603765354,1.21309281408402,0.11197747500000002,0,0,18,0.0,0.0,1.1197747500000002,18,typeb,renault,mail
2026-01-12 11:00:00,10.833364603765354,1.21309281408402,0.11197747500000002,0,0,18,0.0,0.0,1.1197747500000002,18,typeb,renault,mail
2026-01-12 12:00:00,10.833364603765354,1.9060247364402745,0.1759402370504356,0,0,18,0.0,0.0,1.1197747500000002,18,typeb,renault,mail
2026-01-12 13:00:00,10.833364603765357,1.2130928140840205,0.11197747500000002,0,0,18,0.0,0.0,1.1197747500000002,18,typeb,renault,mail
2026-01-12 14:00:00,10.833364603765357,2.595815759840706,0.23961307080336589,0,0,18,0.0,0.0,1.1197747500000002,18,typeb,renault,mail
2026-01-12 15:00:00,10.833364603765357,2.821589500328426,0.26045366361506234,0,0,18,0.0,0.0,1.1197747500000002,18,typeb,renault,mail
2026-01-12 16:00:00,10.833364603765357,1.8499845885127926,0.17076731525031408,0,0,18,0.0,0.0,1.1197747500000002,18,typeb,renault,mail
2026-01-12 17:00:00,10.833364603765357,1.2130928140840205,0.11197747500000002,0,0,18,0.0,0.0,1.1197747500000002,18,typeb,renault,mail
2026-01-12 18:00:00,10.833364603765357,2.5439192263182755,0.23482263538274012,0,0,18,0.0,0.0,1.1197747500000002,18,typeb,renault,mail
2026-01-12 19:00:00,0.0,0.0,0.0,1,1,18,45.0,80.0,1.1197747500000002,18,typeb,renault,mail
2026-01-12 20:00:00,0.0,0.0,0.0,1,1,18,45.0,80.0,1.1197747500000002,18,typeb,renault,mail
2026-01-12 21:00:00,0.0,0.0,0.0,1,1,18,45.0,80.0,1.1197747500000002,18,typeb,renault,mail
2026-01-12 22:00:00,0.0,0.0,0.0,1,1,18,45.0,80.0,1.1197747500000002,18,typeb,renault,mail
2026-01-12 23:00:00,0.0,0.0,0.0,1,1,18,45.0,80.0,1.1197747500000002,18,typeb,renault,mail
2026-01-13 00:00:00,0.0,0.0,0.0,1,1,18,45.0,80.0,1.1197747500000002,18,typeb,renault,mail
2026-01-13 01:00:00,0.0,0.0,0.0,1,1,18,45.0,80.0,1.1197747500000002,18,typeb,renault,mail
2026-01-13 02:00:00,0.0,0.0,0.0,1,1,18,45.0,80.0,1.1197747500000002,18,typeb,renault,mail
2026-01-13 03:00:00,0.0,0.0,0.0,1,1,18,45.0,80.0,1.1197747500000002,18,typeb,renault,mail
2026-01-13 04:00:00,0.0,0.0,0.0,1,1,18,45.0,80.0,1.1197747500000002,18,typeb,renault,mail
2026-01-13 05:00:00,0.0,0.0,0.0,1,1,18,45.0,80.0,1.1197747500000002,18,typeb,renault,mail
2026-01-13 06:00:00,9.600684591917602,1.6430384635064403,0.17113763584001526,0,0,18,0.0,0.0,1.12415904,18,typeb,renault,mail
2026-01-13 07:00:00,9.600684591917602,1.31035420299267,0.1364854964713454,0,0,18,0.0,0.0,1.12415904,18,typeb,renault,mail
2026-01-13 08:00:00,9.600684591917602,4.8567133683867985,0.5058715680000001,0,0,18,0.0,0.0,1.12415904,18,typeb,renault,mail
2026-01-13 09:00:00,9.600684591917602,1.751339461123029,0.18241818532372217,0,0,18,0.0,0.0,1.12415904,18,typeb,renault,mail
2026-01-13 10:00:00,9.600684591917602,2.173341637648193,0.2263736108441511,0,0,18,0.0,0.0,1.12415904,18,typeb,renault,mail
2026-01-13 11:00:00,9.600684591917602,1.0792696374192885,0.11241590400000001,0,0,18,0.0,0.0,1.12415904,18,typeb,renault,mail
2026-01-13 12:00:00,9.600684591917602,1.0792696374192885,0.11241590400000001,0,0,18,0.0,0.0,1.12415904,18,typeb,renault,mail
2026-01-13 13:00:00,9.600684591917604,1.4810027220224946,0.15426011633267134,0,0,18,0.0,0.0,1.12415904,18,typeb,renault,mail
2026-01-13 14:00:00,9.600684591917604,4.856713368386799,0.5058715680000001,0,0,18,0.0,0.0,1.12415904,18,typeb,renault,mail
2026-01-13 15:00:00,9.600684591917604,1.8870442396323615,0.19655309176816219,0,0,18,0.0,0.0,1.12415904,18,typeb,renault,mail
2026-01-13 16:00:00,9.600684591917604,2.945406609098206,0.3067913106506816,0,0,18,0.0,0.0,1.12415904,18,typeb,renault,mail
2026-01-13 17:00:00,9.600684591917604,1.559957353395566,0.1624839706440128,0,0,18,0.0,0.0,1.12415904,18,typeb,renault,mail
2026-01-13 18:00:00,9.600684591917604,2.8063112037636597,0.292303239096738,0,0,18,0.0,0.0,1.12415904,18,typeb,renault,mail
2026-01-13 19:00:00,0.0,0.0,0.0,1,1,18,45.0,80.0,1.12415904,18,typeb,renault,mail
2026-01-13 20:00:00,0.0,0.0,0.0,1,1,18,45.0,80.0,1.12415904,18,typeb,renault,mail
2026-01-13 21:00:00,0.0,0.0,0.0,1,1,18,45.0,80.0,1.12415904,18,typeb,renault,mail
2026-01-13 22:00:00,0.0,0.0,0.0,1,1,18,45.0,80.0,1.12415904,18,typeb,renault,mail
2026-01-13 23:00:00,0.0,0.0,0.0,1,1,18,45.0,80.0,1.12415904,18,typeb,renault,mail
2026-01-14 00:00:00,0.0,0.0,0.0,1,1,18,45.0,80.0,1.12415904,18,typeb,renault,mail
2026-01-14 01:00:00,0.0,0.0,0.0,1,1,18,45.0,80.0,1.12415904,18,typeb,renault,mail
2026-01-14 02:00:00,0.0,0.0,0.0,1,1,18,45.0,80.0,1.12415904,18,typeb,renault,mail
2026-01-14 03:00:00,0.0,0.0,0.0,1,1,18,45.0,80.0,1.12415904,18,typeb,renault,mail
2026-01-14 04:00:00,0.0,0.0,0.0,1,1,18,45.0,80.0,1.12415904,18,typeb,renault,mail
2026-01-14 05:00:00,0.0,0.0,0.0,1,1,18,45.0,80.0,1.12415904,18,typeb,renault,mail
2026-01-14 06:00:00,0.0,0.0,0.0,1,1,18,45.0,80.0,1.12415904,18,typeb,renault,mail
2026-01-14 07:00:00,10.391338816678157,2.0684255799515343,0.19905284741863097,0,0,18,0.0,0.0,1.10192,18,typeb,renault,mail
2026-01-14 08:00:00,10.391338816678157,1.3354878518060804,0.12851932511935948,0,0,18,0.0,0.0,1.10192,18,typeb,renault,mail
2026-01-14 09:00:00,10.391338816678157,1.1450424068873994,0.11019200000000001,0,0,18,0.0,0.0,1.10192,18,typeb,renault,mail
2026-01-14 10:00:00,10.391338816678157,1.1450424068873994,0.11019200000000001,0,0,18,0.0,0.0,1.10192,18,typeb,renault,mail
2026-01-14 11:00:00,10.391338816678157,1.1655068154999748,0.11216137170210731,0,0,18,0.0,0.0,1.10192,18,typeb,renault,mail
2026-01-14 12:00:00,0.0,0.0,0.0,1,1,18,45.0,80.0,1.10192,18,typeb,renault,mail
2026-01-14 13:00:00,10.391338816678157,1.7783160892417125,0.17113445347268488,0,0,18,0.0,0.0,1.10192,18,typeb,renault,mail
2026-01-14 14:00:00,10.391338816678157,4.385863849655311,0.4220691796340982,0,0,18,0.0,0.0,1.10192,18,typeb,renault,mail
2026-01-14 15:00:00,10.391338816678157,2.5004034466465184,0.24062380129818853,0,0,18,0.0,0.0,1.10192,18,typeb,renault,mail
2026-01-14 16:00:00,10.391338816678157,1.329598970224849,0.12795261454576334,0,0,18,0.0,0.0,1.10192,18,typeb,renault,mail
2026-01-14 17:00:00,10.391338816678157,2.1597630955625853,0.2078426210197432,0,0,18,0.0,0.0,1.10192,18,typeb,renault,mail
2026-01-14 18:00:00,10.391338816678157,1.1450424068873994,0.11019200000000001,0,0,18,0.0,0.0,1.10192,18,typeb,renault,mail
2026-01-14 19:00:00,0.0,0.0,0.0,1,1,18,45.0,80.0,1.10192,18,typeb,renault,mail
2026-01-14 20:00:00,0.0,0.0,0.0,1,1,18,45.0,80.0,1.10192,18,typeb,renault,mail
2026-01-14 21:00:00,0.0,0.0,0.0,1,1,18,45.0,80.0,1.10192,18,typeb,renault,mail
2026-01-14 22:00:00,0.0,0.0,0.0,1,1,18,45.0,80.0,1.10192,18,typeb,renault,mail
2026-01-14 23:00:00,0.0,0.0,0.0,1,1,18,45.0,80.0,1.10192,18,typeb,renault,mail
2026-01-01 00:00:00,0.0,0.0,0.0,1,1,19,45.0,80.0,1.0,19,typeb,renault,mail
2026-01-01 01:00:00,0.0,0.0,0.0,1,1,19,45.0,80.0,1.0,19,typeb,renault,mail
2026-01-01 02:00:00,0.0,0.0,0.0,1,1,19,45.0,80.0,1.0,19,typeb,renault,mail
2026-01-01 03:00:00,0.0,0.0,0.0,1,1,19,45.0,80.0,1.0,19,typeb,renault,mail
2026-01-01 04:00:00,0.0,0.0,0.0,1,1,19,45.0,80.0,1.0,19,typeb,renault,mail
2026-01-01 05:00:00,0.0,0.0,0.0,1,1,19,45.0,80.0,1.0,19,typeb,renault,mail
2026-01-01 06:00:00,11.584460341985139,2.904741254848098,0.25074463281820303,0,0,19,0.0,0.0,1.13291752,19,typeb,renault,mail
2026-01-01 07:00:00,11.584460341985139,5.905907136531069,0.509812884,0,0,19,0.0,0.0,1.13291752,19,typeb,renault,mail
2026-01-01 08:00:00,11.584460341985139,2.506630540337532,0.2163787061580108,0,0,19,0.0,0.0,1.13291752,19,typeb,renault,mail
2026-01-01 09:00:00,11.584460341985139,1.3124238081180155,0.113291752,0,0,19,0.0,0.0,1.13291752,19,typeb,renault,mail
2026-01-01 10:00:00,11.584460341985139,2.4704471870662856,0.2132552673267596,0,0,19,0.0,0.0,1.13291752,19,typeb,renault,mail
2026-01-01 11:00:00,11.584460341985139,1.3124238081180155,0.113291752,0,0,19,0.0,0.0,1.13291752,19,typeb,renault,mail
2026-01-01 12:00:00,0.0,0.0,0.0,1,1,19,45.0,80.0,1.13291752,19,typeb,renault,mail
2026-01-01 13:00:00,11.58446034198514,2.0002256589513565,0.17266455233154115,0,0,19,0.0,0.0,1.13291752,19,typeb,renault,mail
2026-01-01 14:00:00,11.58446034198514,1.826622749151684,0.1576787088244,0,0,19,0.0,0.0,1.13291752,19,typeb,renault,mail
2026-01-01 15:00:00,11.58446034198514,1.3258828671423615,0.11445357211306703,0,0,19,0.0,0.0,1.13291752,19,typeb,renault,mail
2026-01-01 16:00:00,11.58446034198514,1.3124238081180157,0.113291752,0,0,19,0.0,0.0,1.13291752,19,typeb,renault,mail
2026-01-01 17:00:00,11.58446034198514,2.5633169617625815,0.221272021837085,0,0,19,0.0,0.0,1.13291752,19,typeb,renault,mail
2026-01-01 18:00:00,11.58446034198514,1.4860647439963743,0.12828087801470417,0,0,19,0.0,0.0,1.13291752,19,typeb,renault,mail
2026-01-01 19:00:00,0.0,0.0,0.0,1,1,19,45.0,80.0,1.13291752,19,typeb,renault,mail
2026-01-01 20:00:00,0.0,0.0,0.0,1,1,19,45.0,80.0,1.13291752,19,typeb,renault,mail
2026-01-01 21:00:00,0.0,0.0,0.0,1,1,19,45.0,80.0,1.13291752,19,typeb,renault,mail
2026-01-01 22:00:00,0.0,0.0,0.0,1,1,19,45.0,80.0,1.13291752,19,typeb,renault,mail
2026-01-01 23:00:00,0.0,0.0,0.0,1,1,19,45.0,80.0,1.13291752,19,typeb,renault,mail
2026-01-02 00:00:00,0.0,0.0,0.0,1,1,19,45.0,80.0,1.13291752,19,typeb,renault,mail
2026-01-02 01:00:00,0.0,0.0,0.0,1,1,19,45.0,80.0,1.13291752,19,typeb,renault,mail
2026-01-02 02:00:00,0.0,0.0,0.0,1,1,19,45.0,80.0,1.13291752,19,typeb,renault,mail
2026-01-02 03:00:00,0.0,0.0,0.0,1,1,19,45.0,80.0,1.13291752,19,typeb,renault,mail
2026-01-02 04:00:00,0.0,0.0,0.0,1,1,19,45.0,80.0,1.13291752,19,typeb,renault,mail
2026-01-02 05:00:00,0.0,0.0,0.0,1,1,19,45.0,80.0,1.13291752,19,typeb,renault,mail
2026-01-02 06:00:00,0.0,0.0,0.0,1,1,19,45.0,80.0,1.13291752,19,typeb,renault,mail
2026-01-02 07:00:00,12.46880208091674,1.9027180990540464,0.15259830789728548,0,0,19,0.0,0.0,1.23134816,19,typeb,renault,mail
2026-01-02 08:00:00,12.46880208091674,2.097339850764064,0.16820700474298186,0,0,19,0.0,0.0,1.23134816,19,typeb,renault,mail
2026-01-02 09:00:00,12.46880208091674,2.8712463620727378,0.2302744356225787,0,0,19,0.0,0.0,1.23134816,19,typeb,renault,mail
2026-01-02 10:00:00,12.46880208091674,1.968512517977204,0.15787503123415314,0,0,19,0.0,0.0,1.23134816,19,typeb,renault,mail
2026-01-02 11:00:00,12.46880208091674,3.605393327249014,0.28915314429178396,0,0,19,0.0,0.0,1.23134816,19,typeb,renault,mail
2026-01-02 12:00:00,0.0,0.0,0.0,1,1,19,45.0,80.0,1.23134816,19,typeb,renault,mail
2026-01-02 13:00:00,12.468802080916738,1.5353436499740998,0.12313481600000001,0,0,19,0.0,0.0,1.23134816,19,typeb,renault,mail
2026-01-02 14:00:00,12.468802080916738,1.5353436499740998,0.12313481600000001,0,0,19,0.0,0.0,1.23134816,19,typeb,renault,mail
2026-01-02 15:00:00,12.468802080916738,1.5353436499740998,0.12313481600000001,0,0,19,0.0,0.0,1.23134816,19,typeb,renault,mail
2026-01-02 16:00:00,12.468802080916738,2.8220337307548533,0.22632757440860513,0,0,19,0.0,0.0,1.23134816,19,typeb,renault,mail
2026-01-02 17:00:00,12.468802080916738,3.4229939576420967,0.27452468452289597,0,0,19,0.0,0.0,1.23134816,19,typeb,renault,mail
2026-01-02 18:00:00,12.468802080916738,6.909046424883449,0.5541066720000001,0,0,19,0.0,0.0,1.23134816,19,typeb,renault,mail
2026-01-02 19:00:00,12.468802080916738,2.8334006590643273,0.22723920394893368,0,0,19,0.0,0.0,1.23134816,19,typeb,renault,mail
2026-01-02 20:00:00,0.0,0.0,0.0,1,1,19,45.0,80.0,1.23134816,19,typeb,renault,mail
2026-01-02 21:00:00,0.0,0.0,0.0,1,1,19,45.0,80.0,1.23134816,19,typeb,renault,mail
2026-01-02 22:00:00,0.0,0.0,0.0,1,1,19,45.0,80.0,1.23134816,19,typeb,renault,mail
2026-01-02 23:00:00,0.0,0.0,0.0,1,1,19,45.0,80.0,1.23134816,19,typeb,renault,mail
2026-01-03 00:00:00,0.0,0.0,0.0,1,1,19,45.0,80.0,1.23134816,19,typeb,renault,mail
2026-01-03 01:00:00,0.0,0.0,0.0,1,1,19,45.0,80.0,1.23134816,19,typeb,renault,mail
2026-01-03 02:00:00,0.0,0.0,0.0,1,1,19,45.0,80.0,1.23134816,19,typeb,renault,mail
2026-01-03 03:00:00,0.0,0.0,0.0,1,1,19,45.0,80.0,1.23134816,19,typeb,renault,mail
2026-01-03 04:00:00,0.0,0.0,0.0,1,1,19,45.0,80.0,1.23134816,19,typeb,renault,mail
2026-01-03 05:00:00,0.0,0.0,0.0,1,1,19,45.0,80.0,1.23134816,19,typeb,renault,mail
2026-01-03 06:00:00,0.0,0.0,0.0,1,1,19,45.0,80.0,1.23134816,19,typeb,renault,mail
2026-01-03 07:00:00,0.0,0.0,0.0,1,1,19,45.0,80.0,1.23134816,19,typeb,renault,mail
2026-01-03 08:00:00,0.0,0.0,0.0,1,1,19,45.0,80.0,1.23134816,19,typeb,renault,mail
2026-01-03 09:00:00,0.0,0.0,0.0,1,1,19,45.0,80.0,1.23134816,19,typeb,renault,mail
2026-01-03 10:00:00,7.916679992923253,3.22060287711242,0.4068123102097505,0,0,19,0.0,0.0,1.20636853,19,typeb,renault,mail
2026-01-03 11:00:00,7.916679992923253,3.030605438111403,0.3828126741033453,0,0,19,0.0,0.0,1.20636853,19,typeb,renault,mail
2026-01-03 12:00:00,7.916679992923253,1.2360631667590087,0.15613403192549527,0,0,19,0.0,0.0,1.20636853,19,typeb,renault,mail
2026-01-03 13:00:00,7.916679992923253,1.0676430987861467,0.1348599538873008,0,0,19,0.0,0.0,1.20636853,19,typeb,renault,mail
2026-01-03 14:00:00,7.916679992923253,2.6444788771484062,0.3340388748202927,0,0,19,0.0,0.0,1.20636853,19,typeb,renault,mail
2026-01-03 15:00:00,7.916679992923253,1.5321782571092852,0.19353798037547362,0,0,19,0.0,0.0,1.20636853,19,typeb,renault,mail
2026-01-03 16:00:00,7.916679992923251,2.232291066110252,0.281973133700706,0,0,19,0.0,0.0,1.20636853,19,typeb,renault,mail
2026-01-03 17:00:00,7.916679992923251,1.7400807096297783,0.21979929859300146,0,0,19,0.0,0.0,1.20636853,19,typeb,renault,mail
2026-01-03 18:00:00,7.916679992923251,2.6903201859635346,0.33982934618658595,0,0,19,0.0,0.0,1.20636853,19,typeb,renault,mail
2026-01-03 19:00:00,7.916679992923251,1.9543300017199179,0.24686232151190907,0,0,19,0.0,0.0,1.20636853,19,typeb,renault,mail
2026-01-03 20:00:00,0.0,0.0,0.0,1,1,19,45.0,80.0,1.20636853,19,typeb,renault,mail
2026-01-03 21:00:00,0.0,0.0,0.0,1,1,19,45.0,80.0,1.20636853,19,typeb,renault,mail
2026-01-03 22:00:00,0.0,0.0,0.0,1,1,19,45.0,80.0,1.20636853,19,typeb,renault,mail
2026-01-03 23:00:00,0.0,0.0,0.0,1,1,19,45.0,80.0,1.20636853,19,typeb,renault,mail
2026-01-04 00:00:00,0.0,0.0,0.0,1,1,19,45.0,80.0,1.20636853,19,typeb,renault,mail
2026-01-04 01:00:00,0.0,0.0,0.0,1,1,19,45.0,80.0,1.20636853,19,typeb,renault,mail
2026-01-04 02:00:00,0.0,0.0,0.0,1,1,19,45.0,80.0,1.20636853,19,typeb,renault,mail
2026-01-04 03:00:00,0.0,0.0,0.0,1,1,19,45.0,80.0,1.20636853,19,typeb,renault,mail
2026-01-04 04:00:00,0.0,0.0,0.0,1,1,19,45.0,80.0,1.20636853,19,typeb,renault,mail
2026-01-04 05:00:00,0.0,0.0,0.0,1,1,19,45.0,80.0,1.20636853,19,typeb,renault,mail
2026-01-04 06:00:00,0.0,0.0,0.0,1,1,19,45.0,80.0,1.20636853,19,typeb,renault,mail
2026-01-04 07:00:00,0.0,0.0,0.0,1,1,19,45.0,80.0,1.20636853,19,typeb,renault,mail
2026-01-04 08:00:00,0.0,0.0,0.0,1,1,19,45.0,80.0,1.20636853,19,typeb,renault,mail
2026-01-04 09:00:00,0.0,0.0,0.0,1,1,19,45.0,80.0,1.20636853,19,typeb,renault,mail
2026-01-04 10:00:00,5.755518454873741,1.340649851205787,0.23293294282994298,0,0,19,0.0,0.0,1.3029730700000002,19,typeb,renault,mail
2026-01-04 11:00:00,5.755518454873741,1.612418489934321,0.28015173655970715,0,0,19,0.0,0.0,1.3029730700000002,19,typeb,renault,mail
2026-01-04 12:00:00,5.755518454873741,0.7499285550588496,0.13029730700000003,0,0,19,0.0,0.0,1.3029730700000002,19,typeb,renault,mail
2026-01-04 13:00:00,5.755518454873741,0.971459619168495,0.16878750833400047,0,0,19,0.0,0.0,1.3029730700000002,19,typeb,renault,mail
2026-01-04 14:00:00,5.755518454873741,2.150374349068645,0.37361957327193,0,0,19,0.0,0.0,1.3029730700000002,19,typeb,renault,mail
2026-01-04 15:00:00,5.755518454873741,0.7789725671795918,0.1353435964608822,0,0,19,0.0,0.0,1.3029730700000002,19,typeb,renault,mail
2026-01-04 16:00:00,5.755518454873741,1.139670836694991,0.1980135839421945,0,0,19,0.0,0.0,1.3029730700000002,19,typeb,renault,mail
2026-01-04 17:00:00,5.755518454873741,1.336291374920415,0.23217567372907147,0,0,19,0.0,0.0,1.3029730700000002,19,typeb,renault,mail
2026-01-04 18:00:00,5.755518454873741,1.4599461896560395,0.25366023949063443,0,0,19,0.0,0.0,1.3029730700000002,19,typeb,renault,mail
2026-01-04 19:00:00,5.755518454873741,1.3760983627736838,0.2390919903329319,0,0,19,0.0,0.0,1.3029730700000002,19,typeb,renault,mail
2026-01-04 20:00:00,0.0,0.0,0.0,1,1,19,45.0,80.0,1.3029730700000002,19,typeb,renault,mail
2026-01-04 21:00:00,0.0,0.0,0.0,1,1,19,45.0,80.0,1.3029730700000002,19,typeb,renault,mail
2026-01-04 22:00:00,0.0,0.0,0.0,1,1,19,45.0,80.0,1.3029730700000002,19,typeb,renault,mail
2026-01-04 23:00:00,0.0,0.0,0.0,1,1,19,45.0,80.0,1.3029730700000002,19,typeb,renault,mail
2026-01-05 00:00:00,0.0,0.0,0.0,1,1,19,45.0,80.0,1.3029730700000002,19,typeb,renault,mail
2026-01-05 01:00:00,0.0,0.0,0.0,1,1,19,45.0,80.0,1.3029730700000002,19,typeb,renault,mail
2026-01-05 02:00:00,0.0,0.0,0.0,1,1,19,45.0,80.0,1.3029730700000002,19,typeb,renault,mail
2026-01-05 03:00:00,0.0,0.0,0.0,1,1,19,45.0,80.0,1.3029730700000002,19,typeb,renault,mail
2026-01-05 04:00:00,0.0,0.0,0.0,1,1,19,45.0,80.0,1.3029730700000002,19,typeb,renault,mail
2026-01-05 05:00:00,0.0,0.0,0.0,1,1,19,45.0,80.0,1.3029730700000002,19,typeb,renault,mail
2026-01-05 06:00:00,0.0,0.0,0.0,1,1,19,45.0,80.0,1.3029730700000002,19,typeb,renault,mail
2026-01-05 07:00:00,14.053234148261703,1.7073748182310966,0.12149337300000002,0,0,19,0.0,0.0,1.21493373,19,typeb,renault,mail
2026-01-05 08:00:00,14.053234148261703,2.4083278261677665,0.1713717853669763,0,0,19,0.0,0.0,1.21493373,19,typeb,renault,mail
2026-01-05 09:00:00,14.053234148261703,3.6854397427396743,0.26224851189827647,0,0,19,0.0,0.0,1.21493373,19,typeb,renault,mail
2026-01-05 10:00:00,14.053234148261703,3.9303184476814246,0.2796735901655478,0,0,19,0.0,0.0,1.21493373,19,typeb,renault,mail
2026-01-05 11:00:00,14.053234148261703,2.031897411454799,0.14458575086832465,0,0,19,0.0,0.0,1.21493373,19,typeb,renault,mail
2026-01-05 12:00:00,14.053234148261703,1.7073748182310966,0.12149337300000002,0,0,19,0.0,0.0,1.21493373,19,typeb,renault,mail
2026-01-05 13:00:00,14.053234148261703,2.0458535177405004,0.14557883944412608,0,0,19,0.0,0.0,1.21493373,19,typeb,renault,mail
2026-01-05 14:00:00,14.053234148261703,4.065098836554233,0.2892642927362781,0,0,19,0.0,0.0,1.21493373,19,typeb,renault,mail
2026-01-05 15:00:00,14.053234148261703,1.7073748182310966,0.12149337300000002,0,0,19,0.0,0.0,1.21493373,19,typeb,renault,mail
2026-01-05 16:00:00,14.053234148261703,2.901425920334403,0.20645965830529417,0,0,19,0.0,0.0,1.21493373,19,typeb,renault,mail
2026-01-05 17:00:00,14.053234148261703,1.7895547340294056,0.127341131240652,0,0,19,0.0,0.0,1.21493373,19,typeb,renault,mail
2026-01-05 18:00:00,0.0,0.0,0.0,1,1,19,45.0,80.0,1.21493373,19,typeb,renault,mail
2026-01-05 19:00:00,0.0,0.0,0.0,1,1,19,45.0,80.0,1.21493373,19,typeb,renault,mail
2026-01-05 20:00:00,0.0,0.0,0.0,1,1,19,45.0,80.0,1.21493373,19,typeb,renault,mail
2026-01-05 21:00:00,0.0,0.0,0.0,1,1,19,45.0,80.0,1.21493373,19,typeb,renault,mail
2026-01-05 22:00:00,0.0,0.0,0.0,1,1,19,45.0,80.0,1.21493373,19,typeb,renault,mail
2026-01-05 23:00:00,0.0,0.0,0.0,1,1,19,45.0,80.0,1.21493373,19,typeb,renault,mail
2026-01-06 00:00:00,0.0,0.0,0.0,1,1,19,45.0,80.0,1.21493373,19,typeb,renault,mail
2026-01-06 01:00:00,0.0,0.0,0.0,1,1,19,45.0,80.0,1.21493373,19,typeb,renault,mail
2026-01-06 02:00:00,0.0,0.0,0.0,1,1,19,45.0,80.0,1.21493373,19,typeb,renault,mail
2026-01-06 03:00:00,0.0,0.0,0.0,1,1,19,45.0,80.0,1.21493373,19,typeb,renault,mail
2026-01-06 04:00:00,0.0,0.0,0.0,1,1,19,45.0,80.0,1.21493373,19,typeb,renault,mail
2026-01-06 05:00:00,0.0,0.0,0.0,1,1,19,45.0,80.0,1.21493373,19,typeb,renault,mail
2026-01-06 06:00:00,10.74788149260609,2.0998260920010785,0.1953711616047902,0,0,19,0.0,0.0,1.31556704,19,typeb,renault,mail
2026-01-06 07:00:00,10.74788149260609,4.715962373404341,0.4387806449716296,0,0,19,0.0,0.0,1.31556704,19,typeb,renault,mail
2026-01-06 08:00:00,10.74788149260609,1.4139558641498575,0.131556704,0,0,19,0.0,0.0,1.31556704,19,typeb,renault,mail
2026-01-06 09:00:00,10.74788149260609,5.143511952109696,0.4785605382463632,0,0,19,0.0,0.0,1.31556704,19,typeb,renault,mail
2026-01-06 10:00:00,10.74788149260609,1.4139558641498575,0.131556704,0,0,19,0.0,0.0,1.31556704,19,typeb,renault,mail
2026-01-06 11:00:00,10.74788149260609,2.0856121328064323,0.19404867221891225,0,0,19,0.0,0.0,1.31556704,19,typeb,renault,mail
2026-01-06 12:00:00,0.0,0.0,0.0,1,1,19,45.0,80.0,1.31556704,19,typeb,renault,mail
2026-01-06 13:00:00,10.74788149260609,1.9482126855430957,0.18126480896568792,0,0,19,0.0,0.0,1.31556704,19,typeb,renault,mail
2026-01-06 14:00:00,10.74788149260609,2.2238319017128014,0.20690885950339763,0,0,19,0.0,0.0,1.31556704,19,typeb,renault,mail
2026-01-06 15:00:00,10.74788149260609,1.4139558641498575,0.131556704,0,0,19,0.0,0.0,1.31556704,19,typeb,renault,mail
2026-01-06 16:00:00,10.74788149260609,3.8443637753143802,0.35768572420146943,0,0,19,0.0,0.0,1.31556704,19,typeb,renault,mail
2026-01-06 17:00:00,10.74788149260609,1.4139558641498575,0.131556704,0,0,19,0.0,0.0,1.31556704,19,typeb,renault,mail
2026-01-06 18:00:00,10.74788149260609,2.6252413485586357,0.24425663330626107,0,0,19,0.0,0.0,1.31556704,19,typeb,renault,mail
2026-01-06 19:00:00,0.0,0.0,0.0,1,1,19,45.0,80.0,1.31556704,19,typeb,renault,mail
2026-01-06 20:00:00,0.0,0.0,0.0,1,1,19,45.0,80.0,1.31556704,19,typeb,renault,mail
2026-01-06 21:00:00,0.0,0.0,0.0,1,1,19,45.0,80.0,1.31556704,19,typeb,renault,mail
2026-01-06 22:00:00,0.0,0.0,0.0,1,1,19,45.0,80.0,1.31556704,19,typeb,renault,mail
2026-01-06 23:00:00,0.0,0.0,0.0,1,1,19,45.0,80.0,1.31556704,19,typeb,renault,mail
2026-01-07 00:00:00,0.0,0.0,0.0,1,1,19,45.0,80.0,1.31556704,19,typeb,renault,mail
2026-01-07 01:00:00,0.0,0.0,0.0,1,1,19,45.0,80.0,1.31556704,19,typeb,renault,mail
2026-01-07 02:00:00,0.0,0.0,0.0,1,1,19,45.0,80.0,1.31556704,19,typeb,renault,mail
2026-01-07 03:00:00,0.0,0.0,0.0,1,1,19,45.0,80.0,1.31556704,19,typeb,renault,mail
2026-01-07 04:00:00,0.0,0.0,0.0,1,1,19,45.0,80.0,1.31556704,19,typeb,renault,mail
2026-01-07 05:00:00,0.0,0.0,0.0,1,1,19,45.0,80.0,1.31556704,19,typeb,renault,mail
2026-01-07 06:00:00,0.0,0.0,0.0,1,1,19,45.0,80.0,1.31556704,19,typeb,renault,mail
2026-01-07 07:00:00,12.323509120675583,1.566597606786426,0.12712268814392244,0,0,19,0.0,0.0,1.25926432,19,typeb,renault,mail
2026-01-07 08:00:00,12.323509120675583,1.9297398921337903,0.15659012974609626,0,0,19,0.0,0.0,1.25926432,19,typeb,renault,mail
2026-01-07 09:00:00,12.323509120675583,4.0865417828774,0.3316053684758723,0,0,19,0.0,0.0,1.25926432,19,typeb,renault,mail
2026-01-07 10:00:00,12.323509120675583,1.5518555332861337,0.125926432,0,0,19,0.0,0.0,1.25926432,19,typeb,renault,mail
2026-01-07 11:00:00,12.323509120675583,2.0338297704531505,0.16503657769368002,0,0,19,0.0,0.0,1.25926432,19,typeb,renault,mail
2026-01-07 12:00:00,0.0,0.0,0.0,1,1,19,45.0,80.0,1.25926432,19,typeb,renault,mail
2026-01-07 13:00:00,0.0,0.0,0.0,1,1,19,45.0,80.0,1.25926432,19,typeb,renault,mail
2026-01-07 14:00:00,12.323509120675583,1.5518555332861337,0.125926432,0,0,19,0.0,0.0,1.25926432,19,typeb,renault,mail
2026-01-07 15:00:00,12.323509120675583,2.328531908823295,0.188950394406463,0,0,19,0.0,0.0,1.25926432,19,typeb,renault,mail
2026-01-07 16:00:00,12.323509120675583,4.851173905716317,0.39365199134533296,0,0,19,0.0,0.0,1.25926432,19,typeb,renault,mail
2026-01-07 17:00:00,12.323509120675583,2.5818338817109714,0.20950476495200043,0,0,19,0.0,0.0,1.25926432,19,typeb,renault,mail
2026-01-07 18:00:00,12.323509120675583,3.381796397368695,0.2744182979257861,0,0,19,0.0,0.0,1.25926432,19,typeb,renault,mail
2026-01-07 19:00:00,0.0,0.0,0.0,1,1,19,45.0,80.0,1.25926432,19,typeb,renault,mail
2026-01-07 20:00:00,0.0,0.0,0.0,1,1,19,45.0,80.0,1.25926432,19,typeb,renault,mail
2026-01-07 21:00:00,0.0,0.0,0.0,1,1,19,45.0,80.0,1.25926432,19,typeb,renault,mail
2026-01-07 22:00:00,0.0,0.0,0.0,1,1,19,45.0,80.0,1.25926432,19,typeb,renault,mail
2026-01-07 23:00:00,0.0,0.0,0.0,1,1,19,45.0,80.0,1.25926432,19,typeb,renault,mail
2026-01-08 00:00:00,0.0,0.0,0.0,1,1,19,45.0,80.0,1.25926432,19,typeb,renault,mail
2026-01-08 01:00:00,0.0,0.0,0.0,1,1,19,45.0,80.0,1.25926432,19,typeb,renault,mail
2026-01-08 02:00:00,0.0,0.0,0.0,1,1,19,45.0,80.0,1.25926432,19,typeb,renault,mail
2026-01-08 03:00:00,0.0,0.0,0.0,1,1,19,45.0,80.0,1.25926432,19,typeb,renault,mail
2026-01-08 04:00:00,0.0,0.0,0.0,1,1,19,45.0,80.0,1.25926432,19,typeb,renault,mail
2026-01-08 05:00:00,0.0,0.0,0.0,1,1,19,45.0,80.0,1.25926432,19,typeb,renault,mail
2026-01-08 06:00:00,10.27157933196537,2.308227931820361,0.224719866071336,0,0,19,0.0,0.0,1.16541536,19,typeb,renault,mail
2026-01-08 07:00:00,10.27157933196537,2.5935650777461907,0.2524991526546421,0,0,19,0.0,0.0,1.16541536,19,typeb,renault,mail
2026-01-08 08:00:00,10.27157933196537,3.3192280664811697,0.323146807244302,0,0,19,0.0,0.0,1.16541536,19,typeb,renault,mail
2026-01-08 09:00:00,10.27157933196537,1.1970656324930982,0.116541536,0,0,19,0.0,0.0,1.16541536,19,typeb,renault,mail
2026-01-08 10:00:00,10.27157933196537,1.3561921765157838,0.13203346171851932,0,0,19,0.0,0.0,1.16541536,19,typeb,renault,mail
2026-01-08 11:00:00,10.27157933196537,3.46702964826934,0.337536179804392,0,0,19,0.0,0.0,1.16541536,19,typeb,renault,mail
2026-01-08 12:00:00,0.0,0.0,0.0,1,1,19,45.0,80.0,1.16541536,19,typeb,renault,mail
2026-01-08 13:00:00,10.27157933196537,1.9015684897004483,0.18512912457218017,0,0,19,0.0,0.0,1.16541536,19,typeb,renault,mail
2026-01-08 14:00:00,10.27157933196537,3.424384657023212,0.33338443352780767,0,0,19,0.0,0.0,1.16541536,19,typeb,renault,mail
2026-01-08 15:00:00,10.27157933196537,4.074073889553411,0.3966355862019006,0,0,19,0.0,0.0,1.16541536,19,typeb,renault,mail
2026-01-08 16:00:00,10.27157933196537,2.1905611121319906,0.2132642937697924,0,0,19,0.0,0.0,1.16541536,19,typeb,renault,mail
2026-01-08 17:00:00,10.27157933196537,2.3318046066939098,0.22701519711163454,0,0,19,0.0,0.0,1.16541536,19,typeb,renault,mail
2026-01-08 18:00:00,10.27157933196537,2.217833819902006,0.21591945583285918,0,0,19,0.0,0.0,1.16541536,19,typeb,renault,mail
2026-01-08 19:00:00,10.27157933196537,1.4009369665258782,0.1363896360286225,0,0,19,0.0,0.0,1.16541536,19,typeb,renault,mail
2026-01-08 20:00:00,0.0,0.0,0.0,1,1,19,45.0,80.0,1.16541536,19,typeb,renault,mail
2026-01-08 21:00:00,0.0,0.0,0.0,1,1,19,45.0,80.0,1.16541536,19,typeb,renault,mail
2026-01-08 22:00:00,0.0,0.0,0.0,1,1,19,45.0,80.0,1.16541536,19,typeb,renault,mail
2026-01-08 23:00:00,0.0,0.0,0.0,1,1,19,45.0,80.0,1.16541536,19,typeb,renault,mail
2026-01-09 00:00:00,0.0,0.0,0.0,1,1,19,45.0,80.0,1.16541536,19,typeb,renault,mail
2026-01-09 01:00:00,0.0,0.0,0.0,1,1,19,45.0,80.0,1.16541536,19,typeb,renault,mail
2026-01-09 02:00:00,0.0,0.0,0.0,1,1,19,45.0,80.0,1.16541536,19,typeb,renault,mail
2026-01-09 03:00:00,0.0,0.0,0.0,1,1,19,45.0,80.0,1.16541536,19,typeb,renault,mail
2026-01-09 04:00:00,0.0,0.0,0.0,1,1,19,45.0,80.0,1.16541536,19,typeb,renault,mail
2026-01-09 05:00:00,0.0,0.0,0.0,1,1,19,45.0,80.0,1.16541536,19,typeb,renault,mail
2026-01-09 06:00:00,0.0,0.0,0.0,1,1,19,45.0,80.0,1.16541536,19,typeb,renault,mail
2026-01-09 07:00:00,0.0,0.0,0.0,1,1,19,45.0,80.0,1.16541536,19,typeb,renault,mail
2026-01-09 08:00:00,14.386587536979834,3.418513134260778,0.23761806790343445,0,0,19,0.0,0.0,1.13480256,19,typeb,renault,mail
2026-01-09 09:00:00,14.386587536979834,1.9973613376684407,0.13883496225455458,0,0,19,0.0,0.0,1.13480256,19,typeb,renault,mail
2026-01-09 10:00:00,14.386587536979834,1.632593636662881,0.113480256,0,0,19,0.0,0.0,1.13480256,19,typeb,renault,mail
2026-01-09 11:00:00,14.386587536979834,7.346671364982965,0.5106611520000001,0,0,19,0.0,0.0,1.13480256,19,typeb,renault,mail
2026-01-09 12:00:00,0.0,0.0,0.0,1,1,19,45.0,80.0,1.13480256,19,typeb,renault,mail
2026-01-09 13:00:00,14.386587536979835,4.03457374579738,0.28043994000848066,0,0,19,0.0,0.0,1.13480256,19,typeb,renault,mail
2026-01-09 14:00:00,14.386587536979835,4.828422287850877,0.3356197065801543,0,0,19,0.0,0.0,1.13480256,19,typeb,renault,mail
2026-01-09 15:00:00,14.386587536979835,4.565104568273294,0.3173167060318491,0,0,19,0.0,0.0,1.13480256,19,typeb,renault,mail
2026-01-09 16:00:00,14.386587536979835,3.7533007026792524,0.2608888795227933,0,0,19,0.0,0.0,1.13480256,19,typeb,renault,mail
2026-01-09 17:00:00,14.386587536979835,3.6539694124300164,0.2539844423173816,0,0,19,0.0,0.0,1.13480256,19,typeb,renault,mail
2026-01-09 18:00:00,14.386587536979835,1.848770185665584,0.12850651211855726,0,0,19,0.0,0.0,1.13480256,19,typeb,renault,mail
2026-01-09 19:00:00,14.386587536979835,1.6325936366628813,0.113480256,0,0,19,0.0,0.0,1.13480256,19,typeb,renault,mail
2026-01-09 20:00:00,0.0,0.0,0.0,1,1,19,45.0,80.0,1.13480256,19,typeb,renault,mail
2026-01-09 21:00:00,0.0,0.0,0.0,1,1,19,45.0,80.0,1.13480256,19,typeb,renault,mail
2026-01-09 22:00:00,0.0,0.0,0.0,1,1,19,45.0,80.0,1.13480256,19,typeb,renault,mail
2026-01-09 23:00:00,0.0,0.0,0.0,1,1,19,45.0,80.0,1.13480256,19,typeb,renault,mail
2026-01-10 00:00:00,0.0,0.0,0.0,1,1,19,45.0,80.0,1.13480256,19,typeb,renault,mail
2026-01-10 01:00:00,0.0,0.0,0.0,1,1,19,45.0,80.0,1.13480256,19,typeb,renault,mail
2026-01-10 02:00:00,0.0,0.0,0.0,1,1,19,45.0,80.0,1.13480256,19,typeb,renault,mail
2026-01-10 03:00:00,0.0,0.0,0.0,1,1,19,45.0,80.0,1.13480256,19,typeb,renault,mail
2026-01-10 04:00:00,0.0,0.0,0.0,1,1,19,45.0,80.0,1.13480256,19,typeb,renault,mail
2026-01-10 05:00:00,0.0,0.0,0.0,1,1,19,45.0,80.0,1.13480256,19,typeb,renault,mail
2026-01-10 06:00:00,0.0,0.0,0.0,1,1,19,45.0,80.0,1.13480256,19,typeb,renault,mail
2026-01-10 07:00:00,0.0,0.0,0.0,1,1,19,45.0,80.0,1.13480256,19,typeb,renault,mail
2026-01-10 08:00:00,0.0,0.0,0.0,1,1,19,45.0,80.0,1.13480256,19,typeb,renault,mail
2026-01-10 09:00:00,0.0,0.0,0.0,1,1,19,45.0,80.0,1.13480256,19,typeb,renault,mail
2026-01-10 10:00:00,7.625676819219188,2.540307545673338,0.33312551867801893,0,0,19,0.0,0.0,1.18959,19,typeb,renault,mail
2026-01-10 11:00:00,7.625676819219188,2.7953422373897623,0.3665697227483586,0,0,19,0.0,0.0,1.18959,19,typeb,renault,mail
2026-01-10 12:00:00,7.625676819219188,2.220102552819494,0.29113514845319866,0,0,19,0.0,0.0,1.18959,19,typeb,renault,mail
2026-01-10 13:00:00,7.625676819219188,1.924615239048171,0.25238615334412207,0,0,19,0.0,0.0,1.18959,19,typeb,renault,mail
2026-01-10 14:00:00,7.625676819219188,2.1046997830168017,0.27600170226363036,0,0,19,0.0,0.0,1.18959,19,typeb,renault,mail
2026-01-10 15:00:00,7.625676819219188,3.485353402136199,0.4570549584991557,0,0,19,0.0,0.0,1.18959,19,typeb,renault,mail
2026-01-10 16:00:00,7.625676819219189,1.6358238169158836,0.21451523001775724,0,0,19,0.0,0.0,1.18959,19,typeb,renault,mail
2026-01-10 17:00:00,7.625676819219189,2.7540006023878596,0.3611483501958648,0,0,19,0.0,0.0,1.18959,19,typeb,renault,mail
2026-01-10 18:00:00,7.625676819219189,1.026270503313092,0.13458090706474163,0,0,19,0.0,0.0,1.18959,19,typeb,renault,mail
2026-01-10 19:00:00,0.0,0.0,0.0,1,1,19,45.0,80.0,1.18959,19,typeb,renault,mail
2026-01-10 20:00:00,0.0,0.0,0.0,1,1,19,45.0,80.0,1.18959,19,typeb,renault,mail
2026-01-10 21:00:00,0.0,0.0,0.0,1,1,19,45.0,80.0,1.18959,19,typeb,renault,mail
2026-01-10 22:00:00,0.0,0.0,0.0,1,1,19,45.0,80.0,1.18959,19,typeb,renault,mail
2026-01-10 23:00:00,0.0,0.0,0.0,1,1,19,45.0,80.0,1.18959,19,typeb,renault,mail
2026-01-11 00:00:00,0.0,0.0,0.0,1,1,19,45.0,80.0,1.18959,19,typeb,renault,mail
2026-01-11 01:00:00,0.0,0.0,0.0,1,1,19,45.0,80.0,1.18959,19,typeb,renault,mail
2026-01-11 02:00:00,0.0,0.0,0.0,1,1,19,45.0,80.0,1.18959,19,typeb,renault,mail
2026-01-11 03:00:00,0.0,0.0,0.0,1,1,19,45.0,80.0,1.18959,19,typeb,renault,mail
2026-01-11 04:00:00,0.0,0.0,0.0,1,1,19,45.0,80.0,1.18959,19,typeb,renault,mail
2026-01-11 05:00:00,0.0,0.0,0.0,1,1,19,45.0,80.0,1.18959,19,typeb,renault,mail
2026-01-11 06:00:00,0.0,0.0,0.0,1,1,19,45.0,80.0,1.18959,19,typeb,renault,mail
2026-01-11 07:00:00,0.0,0.0,0.0,1,1,19,45.0,80.0,1.18959,19,typeb,renault,mail
2026-01-11 08:00:00,0.0,0.0,0.0,1,1,19,45.0,80.0,1.18959,19,typeb,renault,mail
2026-01-11 09:00:00,0.0,0.0,0.0,1,1,19,45.0,80.0,1.18959,19,typeb,renault,mail
2026-01-11 10:00:00,6.726619465793948,3.3964134049142687,0.5049212940000001,0,0,19,0.0,0.0,1.12204732,19,typeb,renault,mail
2026-01-11 11:00:00,6.726619465793948,2.572094050681668,0.3823754359468708,0,0,19,0.0,0.0,1.12204732,19,typeb,renault,mail
2026-01-11 12:00:00,6.726619465793948,2.552325269235612,0.3794365479145414,0,0,19,0.0,0.0,1.12204732,19,typeb,renault,mail
2026-01-11 13:00:00,6.726619465793948,0.7547585344253932,0.11220473200000002,0,0,19,0.0,0.0,1.12204732,19,typeb,renault,mail
2026-01-11 14:00:00,6.726619465793948,0.8078028720431377,0.12009046686094828,0,0,19,0.0,0.0,1.12204732,19,typeb,renault,mail
2026-01-11 15:00:00,6.726619465793948,0.7745004865906406,0.11513963150868171,0,0,19,0.0,0.0,1.12204732,19,typeb,renault,mail
2026-01-11 16:00:00,6.726619465793947,0.7547585344253931,0.11220473200000002,0,0,19,0.0,0.0,1.12204732,19,typeb,renault,mail
2026-01-11 17:00:00,6.726619465793947,1.3388267032019432,0.19903410769854224,0,0,19,0.0,0.0,1.12204732,19,typeb,renault,mail
2026-01-11 18:00:00,6.726619465793947,2.812559691274,0.4181237998635667,0,0,19,0.0,0.0,1.12204732,19,typeb,renault,mail
2026-01-11 19:00:00,0.0,0.0,0.0,1,1,19,45.0,80.0,1.12204732,19,typeb,renault,mail
2026-01-11 20:00:00,0.0,0.0,0.0,1,1,19,45.0,80.0,1.12204732,19,typeb,renault,mail
2026-01-11 21:00:00,0.0,0.0,0.0,1,1,19,45.0,80.0,1.12204732,19,typeb,renault,mail
2026-01-11 22:00:00,0.0,0.0,0.0,1,1,19,45.0,80.0,1.12204732,19,typeb,renault,mail
2026-01-11 23:00:00,0.0,0.0,0.0,1,1,19,45.0,80.0,1.12204732,19,typeb,renault,mail
2026-01-12 00:00:00,0.0,0.0,0.0,1,1,19,45.0,80.0,1.12204732,19,typeb,renault,mail
2026-01-12 01:00:00,0.0,0.0,0.0,1,1,19,45.0,80.0,1.12204732,19,typeb,renault,mail
2026-01-12 02:00:00,0.0,0.0,0.0,1,1,19,45.0,80.0,1.12204732,19,typeb,renault,mail
2026-01-12 03:00:00,0.0,0.0,0.0,1,1,19,45.0,80.0,1.12204732,19,typeb,renault,mail
2026-01-12 04:00:00,0.0,0.0,0.0,1,1,19,45.0,80.0,1.12204732,19,typeb,renault,mail
2026-01-12 05:00:00,0.0,0.0,0.0,1,1,19,45.0,80.0,1.12204732,19,typeb,renault,mail
2026-01-12 06:00:00,0.0,0.0,0.0,1,1,19,45.0,80.0,1.12204732,19,typeb,renault,mail
2026-01-12 07:00:00,10.267627122762176,4.590679715263238,0.44710230127915496,0,0,19,0.0,0.0,1.1197747500000002,19,typeb,renault,mail
2026-01-12 08:00:00,10.267627122762176,2.013614209440906,0.19611290762370495,0,0,19,0.0,0.0,1.1197747500000002,19,typeb,renault,mail
2026-01-12 09:00:00,10.267627122762176,3.652426500379959,0.3557225497878609,0,0,19,0.0,0.0,1.1197747500000002,19,typeb,renault,mail
2026-01-12 10:00:00,10.267627122762176,1.5139387237122248,0.1474477701236338,0,0,19,0.0,0.0,1.1197747500000002,19,typeb,renault,mail
2026-01-12 11:00:00,10.267627122762176,3.2240319582625743,0.3139997118823353,0,0,19,0.0,0.0,1.1197747500000002,19,typeb,renault,mail
2026-01-12 12:00:00,0.0,0.0,0.0,1,1,19,45.0,80.0,1.1197747500000002,19,typeb,renault,mail
2026-01-12 13:00:00,10.267627122762175,1.2386754292479076,0.1206389182659257,0,0,19,0.0,0.0,1.1197747500000002,19,typeb,renault,mail
2026-01-12 14:00:00,10.267627122762175,2.7287353379145944,0.2657610473470833,0,0,19,0.0,0.0,1.1197747500000002,19,typeb,renault,mail
2026-01-12 15:00:00,10.267627122762175,5.173843317517906,0.5038986375000001,0,0,19,0.0,0.0,1.1197747500000002,19,typeb,renault,mail
2026-01-12 16:00:00,10.267627122762175,2.763170265031833,0.26911478494443913,0,0,19,0.0,0.0,1.1197747500000002,19,typeb,renault,mail
2026-01-12 17:00:00,10.267627122762175,1.1497429594484236,0.11197747500000002,0,0,19,0.0,0.0,1.1197747500000002,19,typeb,renault,mail
2026-01-12 18:00:00,10.267627122762175,1.5322124570739502,0.1492275127207539,0,0,19,0.0,0.0,1.1197747500000002,19,typeb,renault,mail
2026-01-12 19:00:00,0.0,0.0,0.0,1,1,19,45.0,80.0,1.1197747500000002,19,typeb,renault,mail
2026-01-12 20:00:00,0.0,0.0,0.0,1,1,19,45.0,80.0,1.1197747500000002,19,typeb,renault,mail
2026-01-12 21:00:00,0.0,0.0,0.0,1,1,19,45.0,80.0,1.1197747500000002,19,typeb,renault,mail
2026-01-12 22:00:00,0.0,0.0,0.0,1,1,19,45.0,80.0,1.1197747500000002,19,typeb,renault,mail
2026-01-12 23:00:00,0.0,0.0,0.0,1,1,19,45.0,80.0,1.1197747500000002,19,typeb,renault,mail
2026-01-13 00:00:00,0.0,0.0,0.0,1,1,19,45.0,80.0,1.1197747500000002,19,typeb,renault,mail
2026-01-13 01:00:00,0.0,0.0,0.0,1,1,19,45.0,80.0,1.1197747500000002,19,typeb,renault,mail
2026-01-13 02:00:00,0.0,0.0,0.0,1,1,19,45.0,80.0,1.1197747500000002,19,typeb,renault,mail
2026-01-13 03:00:00,0.0,0.0,0.0,1,1,19,45.0,80.0,1.1197747500000002,19,typeb,renault,mail
2026-01-13 04:00:00,0.0,0.0,0.0,1,1,19,45.0,80.0,1.1197747500000002,19,typeb,renault,mail
2026-01-13 05:00:00,0.0,0.0,0.0,1,1,19,45.0,80.0,1.1197747500000002,19,typeb,renault,mail
2026-01-13 06:00:00,0.0,0.0,0.0,1,1,19,45.0,80.0,1.1197747500000002,19,typeb,renault,mail
2026-01-13 07:00:00,10.284909590658867,1.8186357702654379,0.17682564481822863,0,0,19,0.0,0.0,1.12415904,19,typeb,renault,mail
2026-01-13 08:00:00,10.284909590658867,3.0941646475991025,0.30084509934918013,0,0,19,0.0,0.0,1.12415904,19,typeb,renault,mail
2026-01-13 09:00:00,10.284909590658867,2.878209675109883,0.2798478343187362,0,0,19,0.0,0.0,1.12415904,19,typeb,renault,mail
2026-01-13 10:00:00,10.284909590658867,3.9384598922389085,0.3829357815469727,0,0,19,0.0,0.0,1.12415904,19,typeb,renault,mail
2026-01-13 11:00:00,10.284909590658867,1.5744288633641725,0.15308144903812543,0,0,19,0.0,0.0,1.12415904,19,typeb,renault,mail
2026-01-13 12:00:00,0.0,0.0,0.0,1,1,19,45.0,80.0,1.12415904,19,typeb,renault,mail
2026-01-13 13:00:00,10.284909590658865,2.356877814748343,0.22915882672308047,0,0,19,0.0,0.0,1.12415904,19,typeb,renault,mail
2026-01-13 14:00:00,10.284909590658865,1.1561874091921864,0.11241590400000001,0,0,19,0.0,0.0,1.12415904,19,typeb,renault,mail
2026-01-13 15:00:00,10.284909590658865,1.3735888121189384,0.13355380521443594,0,0,19,0.0,0.0,1.12415904,19,typeb,renault,mail
2026-01-13 16:00:00,10.284909590658865,2.731254061193624,0.2655593651182165,0,0,19,0.0,0.0,1.12415904,19,typeb,renault,mail
2026-01-13 17:00:00,10.284909590658865,1.8018616014266402,0.17519469525168774,0,0,19,0.0,0.0,1.12415904,19,typeb,renault,mail
2026-01-13 18:00:00,10.284909590658865,1.1561874091921864,0.11241590400000001,0,0,19,0.0,0.0,1.12415904,19,typeb,renault,mail
2026-01-13 19:00:00,0.0,0.0,0.0,1,1,19,45.0,80.0,1.12415904,19,typeb,renault,mail
2026-01-13 20:00:00,0.0,0.0,0.0,1,1,19,45.0,80.0,1.12415904,19,typeb,renault,mail
2026-01-13 21:00:00,0.0,0.0,0.0,1,1,19,45.0,80.0,1.12415904,19,typeb,renault,mail
2026-01-13 22:00:00,0.0,0.0,0.0,1,1,19,45.0,80.0,1.12415904,19,typeb,renault,mail
2026-01-13 23:00:00,0.0,0.0,0.0,1,1,19,45.0,80.0,1.12415904,19,typeb,renault,mail
2026-01-14 00:00:00,0.0,0.0,0.0,1,1,19,45.0,80.0,1.12415904,19,typeb,renault,mail
2026-01-14 01:00:00,0.0,0.0,0.0,1,1,19,45.0,80.0,1.12415904,19,typeb,renault,mail
2026-01-14 02:00:00,0.0,0.0,0.0,1,1,19,45.0,80.0,1.12415904,19,typeb,renault,mail
2026-01-14 03:00:00,0.0,0.0,0.0,1,1,19,45.0,80.0,1.12415904,19,typeb,renault,mail
2026-01-14 04:00:00,0.0,0.0,0.0,1,1,19,45.0,80.0,1.12415904,19,typeb,renault,mail
2026-01-14 05:00:00,0.0,0.0,0.0,1,1,19,45.0,80.0,1.12415904,19,typeb,renault,mail
2026-01-14 06:00:00,0.0,0.0,0.0,1,1,19,45.0,80.0,1.12415904,19,typeb,renault,mail
2026-01-14 07:00:00,8.529120964167431,4.229284037775919,0.495864,0,0,19,0.0,0.0,1.10192,19,typeb,renault,mail
2026-01-14 08:00:00,8.529120964167431,3.2505203097628157,0.3811084780505414,0,0,19,0.0,0.0,1.10192,19,typeb,renault,mail
2026-01-14 09:00:00,8.529120964167431,0.9398408972835376,0.11019200000000001,0,0,19,0.0,0.0,1.10192,19,typeb,renault,mail
2026-01-14 10:00:00,8.529120964167431,1.2764192436425836,0.1496542549935779,0,0,19,0.0,0.0,1.10192,19,typeb,renault,mail
2026-01-14 11:00:00,8.529120964167431,1.6160109583817575,0.18946981349789122,0,0,19,0.0,0.0,1.10192,19,typeb,renault,mail
2026-01-14 12:00:00,8.529120964167431,1.8706730803141436,0.2193277699042165,0,0,19,0.0,0.0,1.10192,19,typeb,renault,mail
2026-01-14 13:00:00,8.529120964167431,2.709468548058662,0.3176726604584094,0,0,19,0.0,0.0,1.10192,19,typeb,renault,mail
2026-01-14 14:00:00,8.529120964167431,0.9398408972835376,0.11019200000000001,0,0,19,0.0,0.0,1.10192,19,typeb,renault,mail
2026-01-14 15:00:00,8.529120964167431,1.045149416468303,0.12253893699704672,0,0,19,0.0,0.0,1.10192,19,typeb,renault,mail
2026-01-14 16:00:00,8.529120964167431,4.229284037775919,0.495864,0,0,19,0.0,0.0,1.10192,19,typeb,renault,mail
2026-01-14 17:00:00,8.529120964167431,1.141562232682865,0.1338428939487199,0,0,19,0.0,0.0,1.10192,19,typeb,renault,mail
2026-01-14 18:00:00,8.529120964167431,2.129790386447346,0.2497080760602444,0,0,19,0.0,0.0,1.10192,19,typeb,renault,mail
2026-01-14 19:00:00,8.529120964167431,0.9398408972835376,0.11019200000000001,0,0,19,0.0,0.0,1.10192,19,typeb,renault,mail
2026-01-14 20:00:00,8.529120964167431,3.0642058282057927,0.3592639664836674,0,0,19,0.0,0.0,1.10192,19,typeb,renault,mail
2026-01-14 21:00:00,8.529120964167431,0.9398408972835376,0.11019200000000001,0,0,19,0.0,0.0,1.10192,19,typeb,renault,mail
2026-01-14 22:00:00,0.0,0.0,0.0,1,1,19,45.0,80.0,1.10192,19,typeb,renault,mail
2026-01-14 23:00:00,0.0,0.0,0.0,1,1,19,45.0,80.0,1.10192,19,typeb,renault,mail
